variable,Donor,total_bilat,total_imha,eu_imha
2000,Australia,172.15,3.86,0
2000,Austria,53,1.18,18.0816671560867
2000,Azerbaijan,0,0,0
2000,Belgium,44.59,2.69,38.8740743049787
2000,Bulgaria,0,0,0
2000,Canada,323.06,27.03,0
2000,Croatia,0,0,0
2000,Cyprus,0,0,0
2000,Czech Republic,0,0.09,0
2000,"DAC Countries, Total",0,1069.72,941.29
2000,"DAC EU Members + EC, Total",0,393.11,787.083807072376
2000,"DAC EU Members, Total",0,330.5,787.083807072376
2000,Denmark,215.1,77.75,19.0050743232059
2000,EU Institutions,878.67,62.62,0
2000,Estonia,0,0.03,0
2000,Finland,66.28,13.64,10.1422613526091
2000,France,19.4,14.46,153.175316071219
2000,"G7 Countries, Total",0,707.11,677.17191793286
2000,Germany,290.69,15.46,238.5675578473
2000,Greece,11.73,0,17.7657018107784
2000,Hungary,0,0,0
2000,Iceland,0,0,0
2000,Ireland,0,4.47,9.39255681804903
2000,Israel,0,0.08,0
2000,Italy,125.71,19.61,131.222851086718
2000,Japan,78.43,93.26,0
2000,Kazakhstan,0,0,0
2000,Korea,0.71,1.68,0
2000,Kuwait,0,0.99,0
2000,Latvia,0,0,0
2000,Liechtenstein,0,0,0
2000,Lithuania,0,0,0
2000,Luxembourg,21.68,1.45,2.65632786171586
2000,Malta,0,0,0
2000,"Multilaterals, Total",0,62.62,0
2000,Netherlands,637.91,88.06,48.1561152134848
2000,New Zealand,6.48,1.77,0
2000,"Non-DAC Countries, Total",0,1.1,0
2000,Norway,322.94,48.71,0
2000,"Official Donors, Total",0,1133.45,0
2000,Poland,0,0.07,0
2000,Portugal,6.15,0.41,12.8830234686688
2000,Qatar,0,0,0
2000,Romania,0,0,0
2000,Saudi Arabia,0,0,0
2000,Slovak Republic,0,0,0
2000,Slovenia,0,0,0
2000,Spain,66.62,3.73,73.4150672925539
2000,Sweden,371.93,87.4,13.7462124650087
2000,Switzerland,280.89,25.63,0
2000,Thailand,0,0,0
2000,Timor-Leste,0,0,0
2000,Türkiye,2.45,0,0
2000,United Arab Emirates,0,0,0
2000,United Kingdom,458.98,44.88,154.206192927624
2000,United States,1696.67,492.4,0
2001,Australia,109.71,25.17,0
2001,Austria,45.52,0.92,20.1514040317973
2001,Azerbaijan,0,0,0
2001,Belgium,46.42,3.41,40.2441026320932
2001,Bulgaria,0,0,0
2001,Canada,345.51,22.32,0
2001,Croatia,0,0,0
2001,Cyprus,0,0,0
2001,Czech Republic,0,0.09,0
2001,"DAC Countries, Total",0,1201.33,977.62
2001,"DAC EU Members + EC, Total",0,474.16,840.438833745328
2001,"DAC EU Members, Total",0,391.08,840.438833745328
2001,Denmark,198.4,79.98,18.5255588762063
2001,EU Institutions,894.54,83.08,0
2001,Estonia,0,0,0
2001,Finland,68.56,14.24,11.2833798294743
2001,France,348.28,18.87,208.55254771431
2001,"G7 Countries, Total",0,772.31,705.134760934597
2001,Germany,388.82,15.86,229.139611435041
2001,Greece,6.54,0,17.7753009644424
2001,Hungary,0,0,0
2001,Iceland,0,0.23,0
2001,Ireland,29.25,9.31,12.1901372717781
2001,Israel,0,0.08,0
2001,Italy,112.41,35.33,130.261435530574
2001,Japan,31.44,109.56,0
2001,Kazakhstan,0,0,0
2001,Korea,12.61,4.98,0
2001,Kuwait,0,0,0
2001,Latvia,0,0,0
2001,Liechtenstein,0,0,0
2001,Lithuania,0,0.02,0
2001,Luxembourg,26.93,3.92,3.34044960697604
2001,Malta,0,0,0
2001,"Multilaterals, Total",0,83.08,0
2001,Netherlands,491.81,91.78,40.5185814359944
2001,New Zealand,5.87,2.42,0
2001,"Non-DAC Countries, Total",0,0.1,0
2001,Norway,289.19,47.9,0
2001,"Official Donors, Total",0,1284.51,0
2001,Poland,0,0,0
2001,Portugal,4.27,0.4,15.192007290776
2001,Qatar,0,0,0
2001,Romania,0,0,0
2001,Saudi Arabia,0,0,0
2001,Slovak Republic,0,0,0
2001,Slovenia,0,0,0
2001,Spain,65.84,4.39,72.1704365945337
2001,Sweden,374.73,112.58,21.0938805313312
2001,Switzerland,257.18,27.28,0
2001,Thailand,0,0,0
2001,Timor-Leste,0,0,0
2001,Türkiye,1.73,0,0
2001,United Arab Emirates,0,0,0
2001,United Kingdom,353.56,77.31,137.181166254672
2001,United States,1556.3,493.07,0
2002,Australia,201.51,15.93,0
2002,Austria,50.42,0.95,16.9592354746448
2002,Azerbaijan,0,0,0
2002,Belgium,46.55,5.62,35.2571249683358
2002,Bulgaria,0,0,0
2002,Canada,314.34,22.68,0
2002,Croatia,0,0,0
2002,Cyprus,0,0,0
2002,Czech Republic,15.81,0.08,0
2002,"DAC Countries, Total",0,1277.29,898.47
2002,"DAC EU Members + EC, Total",0,422.75,773.825442646585
2002,"DAC EU Members, Total",0,328.52,773.825442646585
2002,Denmark,176.42,66.95,18.2980005284809
2002,EU Institutions,804.23,94.24,0
2002,Estonia,0,0.05,0
2002,Finland,62.98,15.29,10.4478355872995
2002,France,393.93,17.58,205.142279494354
2002,"G7 Countries, Total",0,918.41,658.172593923362
2002,Germany,346.96,19.54,201.937464177408
2002,Greece,9.28,1.39,18.7399788200826
2002,Hungary,0,0,0
2002,Iceland,0,0.14,0
2002,Ireland,24.89,10.32,9.67205057131312
2002,Israel,0,0.09,0
2002,Italy,131.07,34.03,126.448292898185
2002,Japan,39.7,165.66,0
2002,Kazakhstan,0,0,0
2002,Korea,4.25,1.75,0
2002,Kuwait,0,0,0
2002,Latvia,0,0,0
2002,Liechtenstein,0,0,0
2002,Lithuania,0,0,0
2002,Luxembourg,25.25,2.72,2.95782533409211
2002,Malta,0,0,0
2002,"Multilaterals, Total",0,94.24,0
2002,Netherlands,335.13,91.2,34.3929191787698
2002,New Zealand,22.85,2.97,0
2002,"Non-DAC Countries, Total",0,0.14,0
2002,Norway,363.22,51.94,0
2002,"Official Donors, Total",0,1371.66,0
2002,Poland,0,0.03,0
2002,Portugal,2.82,0.48,12.6086727268597
2002,Qatar,0,0,0
2002,Romania,0,0,0
2002,Saudi Arabia,0,0,0
2002,Slovak Republic,0,0,0
2002,Slovenia,0,0,0
2002,Spain,51.03,7.82,68.5787730159358
2002,Sweden,432.43,54.52,12.3849898708244
2002,Switzerland,257.38,28.77,0
2002,Thailand,0,0,0
2002,Timor-Leste,0,0,0
2002,Türkiye,1.54,0,0
2002,United Arab Emirates,0,0,0
2002,United Kingdom,517.86,81.82,124.644557353415
2002,United States,1937.72,577.1,0
2003,Australia,231.82,16.77,0
2003,Austria,50.25,0.91,26.3358470573886
2003,Azerbaijan,0,0,0
2003,Belgium,147.79,4.09,42.6737968651561
2003,Bulgaria,0,0,0
2003,Canada,350.89,24.41,0
2003,Croatia,0,0,0
2003,Cyprus,0,0,0
2003,Czech Republic,0,0.3,0
2003,"DAC Countries, Total",0,1074.13,991.779366630543
2003,"DAC EU Members + EC, Total",0,431.17,850.12202389471
2003,"DAC EU Members, Total",0,328.35,850.12202389471
2003,Denmark,155.04,67.45,21.9042832153755
2003,EU Institutions,889.41,102.83,0
2003,Estonia,0,0.04,0
2003,Finland,59.84,14.19,16.1959024644259
2003,France,599.07,13.38,186.763403973826
2003,"G7 Countries, Total",0,708.22,697.651426148691
2003,Germany,232.41,16.35,231.282705670574
2003,Greece,12.3,1.33,15.1794149640859
2003,Hungary,0,0,0
2003,Iceland,0,0.12,0
2003,Ireland,31.35,9.51,9.8996125628925
2003,Israel,0,0,0
2003,Italy,115.06,27.6,137.947973768457
2003,Japan,31,94.64,0
2003,Kazakhstan,0,0,0
2003,Korea,1.29,1.6,0
2003,Kuwait,0,0,0
2003,Latvia,0,0,0
2003,Liechtenstein,0,0,0
2003,Lithuania,0,0,0
2003,Luxembourg,23.75,4.69,3.5756180507405
2003,Malta,0,0,0
2003,"Multilaterals, Total",0,102.83,0
2003,Netherlands,395.82,76.78,52.8093963744494
2003,New Zealand,28.11,2.39,0
2003,"Non-DAC Countries, Total",0,0.48,0.46063336945699
2003,Norway,434.32,47.34,0
2003,"Official Donors, Total",0,1177.43,0
2003,Poland,0,0.06,0
2003,Portugal,1.62,0.38,13.378372684325
2003,Qatar,0,0,0
2003,Romania,0,0,0
2003,Saudi Arabia,0,0,0
2003,Slovak Republic,0,0.02,0
2003,Slovenia,0,0,0
2003,Spain,113.71,7.95,75.877394020702
2003,Sweden,452.82,83.37,16.2983022223109
2003,Switzerland,238.61,26.66,0
2003,Thailand,0,0,0
2003,Timor-Leste,0,0,0
2003,Türkiye,1.82,0.44,0.46063336945699
2003,United Arab Emirates,0,0,0
2003,United Kingdom,653.84,70.27,141.657342735833
2003,United States,3882.08,461.57,0
2004,Australia,237.19,7.61,0
2004,Austria,71.71,1.19,28.7551090385283
2004,Azerbaijan,0,0,0
2004,Belgium,118.99,2.12,46.6054337684643
2004,Bulgaria,0,0,0
2004,Canada,378.45,24.13,0
2004,Croatia,0,0,0
2004,Cyprus,0,0,0
2004,Czech Republic,13.06,0.06,5.67929181552163
2004,"DAC Countries, Total",0,557.89,1187.53892229932
2004,"DAC EU Members + EC, Total",0,359.24,1007.27533150898
2004,"DAC EU Members, Total",0,271.21,1007.27533150898
2004,Denmark,111.81,67.63,24.6545666129271
2004,EU Institutions,1101.47,88.03,0
2004,Estonia,0,0.03,0.666182624270938
2004,Finland,71.83,14.12,18.0106451161765
2004,France,633.88,21.15,245.220671297008
2004,"G7 Countries, Total",0,258.02,836.404985987151
2004,Germany,237.53,14.53,252.181643633442
2004,Greece,13.43,1.43,17.1943455158312
2004,Hungary,0,0,3.76502688530525
2004,Iceland,0,0.13,0
2004,Ireland,40.8,9.34,11.6520380027086
2004,Israel,0,0.08,0
2004,Italy,85.51,22.74,158.739080266356
2004,Japan,643.18,97.68,0
2004,Kazakhstan,0,0,0
2004,Korea,16.06,1.99,0
2004,Kuwait,0,0,0
2004,Latvia,0,0,0
2004,Liechtenstein,0,0,0
2004,Lithuania,0,0,1.29489507640541
2004,Luxembourg,32.4,4.56,3.4557026478028
2004,Malta,0,0,0
2004,"Multilaterals, Total",0,88.03,0
2004,Netherlands,391.77,75.93,51.8102411599996
2004,New Zealand,38.06,2.68,0
2004,"Non-DAC Countries, Total",0,0.54,1.96107770067635
2004,Norway,291.12,45.41,0
2004,"Official Donors, Total",0,646.46,0
2004,Poland,0,0.03,11.8834399941181
2004,Portugal,21.85,0.48,15.6043213506588
2004,Qatar,0,0,0
2004,Romania,0,0,0
2004,Saudi Arabia,0,0,0
2004,Slovak Republic,0,0.03,2.20640416292974
2004,Slovenia,0,0,0
2004,Spain,108.2,7.71,81.9415829285793
2004,Sweden,407.03,28.14,27.9157873126219
2004,Switzerland,478.88,29.28,0
2004,Thailand,0,0,0
2004,Timor-Leste,0,0,0
2004,Türkiye,37.67,0.42,0
2004,United Arab Emirates,0,0,0
2004,United Kingdom,525.41,77.77,180.263590790345
2004,United States,4011.77,0,0
2005,Australia,352.67,22.94,0
2005,Austria,105.3,1.62,35.5815701241756
2005,Azerbaijan,0,0,0
2005,Belgium,144.33,2.4,57.6979678107335
2005,Bulgaria,0,0,0
2005,Canada,394.03,23.88,0
2005,Croatia,0,0,0
2005,Cyprus,0,0.1,1.44113116744809
2005,Czech Republic,25.4,0.12,11.1806353981121
2005,"DAC Countries, Total",0,594.41,1406.00944103903
2005,"DAC EU Members + EC, Total",0,396.73,1250.1410257674
2005,"DAC EU Members, Total",0,297.27,1250.1410257674
2005,Denmark,258.27,37.24,30.2117244038415
2005,EU Institutions,1313.59,99.46,0
2005,Estonia,0,0.03,1.36654873287228
2005,Finland,108.13,13.98,22.2893926498643
2005,France,675.79,14.5,268.733509520775
2005,"G7 Countries, Total",0,244.26,953.922537835502
2005,Germany,381.98,10.26,339.101101110554
2005,Greece,25.73,1.52,21.2040716010538
2005,Hungary,0,0.18,0
2005,Iceland,0,0.46,0
2005,Ireland,69.3,10.42,15.7112590390139
2005,Israel,0,0.08,0
2005,Italy,75.19,13.94,190.219511932539
2005,Japan,520.85,119.16,0
2005,Kazakhstan,0,0,0
2005,Korea,29.39,1.32,0
2005,Kuwait,0,0,0
2005,Latvia,0,0,1.69833697721812
2005,Liechtenstein,0,0,0
2005,Lithuania,0,0,2.53059714180133
2005,Luxembourg,32.81,8.42,4.61549374839765
2005,Malta,0,0,0
2005,"Multilaterals, Total",0,99.46,0
2005,Netherlands,569.79,74.26,65.878562048069
2005,New Zealand,81.81,1.9,0
2005,"Non-DAC Countries, Total",0,1.97,7.04055896096688
2005,Norway,404.06,41.13,0
2005,"Official Donors, Total",0,695.84,0
2005,Poland,0,0.08,22.3750717037306
2005,Portugal,14.62,0.33,19.701549540617
2005,Qatar,0,0,0
2005,Romania,0,0,0
2005,Saudi Arabia,0,0,0
2005,Slovak Republic,0,0.01,4.19963452528979
2005,Slovenia,0,0,0
2005,Spain,144,9.09,112.984433810288
2005,Sweden,433.62,98.89,28.4555368003442
2005,Switzerland,262.74,23.82,0
2005,Thailand,0,0,0
2005,Timor-Leste,0,0,0
2005,Türkiye,131.26,1.75,0.00394494162706314
2005,United Arab Emirates,0,0,0
2005,United Kingdom,617.37,62.53,155.868415271634
2005,United States,4405.33,0,0
2006,Australia,241.24,7.59,0
2006,Austria,20.49,1.75434168037531,40.544111004392
2006,Azerbaijan,0,0,0
2006,Belgium,97.53,2.77877962590629,65.2918021561967
2006,Bulgaria,0,0,0
2006,Canada,243.88,23.0857204654847,0
2006,Croatia,0,0,0
2006,Cyprus,0,0.160276610004265,1.66827033075842
2006,Czech Republic,12.09,0.133872540059709,12.7848207132596
2006,"DAC Countries, Total",0,494.561561567051,1607.13278092467
2006,"DAC EU Members + EC, Total",0,446.390781697435,1396.87004862618
2006,"DAC EU Members, Total",0,321.310781697435,1396.87004862618
2006,Denmark,168.38,37.6533704989947,35.8194254348028
2006,EU Institutions,1493.44,125.08,0
2006,Estonia,0,0.0408298300127947,2.51155842551268
2006,Finland,81.8,16.4845896545421,26.2820817228595
2006,France,52.08,27.4255456040943,305.455134987768
2006,"G7 Countries, Total",0,134.96169743496,1083.72711200848
2006,Germany,403.01,9.74796198135624,357.153134943303
2006,Greece,18.41,1.34248949003838,23.1283181064225
2006,Hungary,0,0.0134155852068482,10.4782863432613
2006,Iceland,0,0.223000670200451,0
2006,Ireland,87.45,11.8606385182477,18.004285691092
2006,Israel,0,0.102074575031987,0
2006,Italy,80.49,2.71227929080607,210.856109778921
2006,Japan,196.85,5.60507585450558,0
2006,Kazakhstan,0,0,0
2006,Korea,25.04,1.67554438554804,0
2006,Kuwait,0,0,0
2006,Latvia,0,0.01,2.06681396987475
2006,Liechtenstein,0,0,0
2006,Lithuania,0,0,3.09573197464136
2006,Luxembourg,47.87,4.63696947541583,4.60370797040475
2006,Malta,0,0,0
2006,"Multilaterals, Total",0,125.08,0
2006,Netherlands,434.76,73.0220173033571,69.7585201338671
2006,New Zealand,29.15,3.49352403582526,0
2006,"Non-DAC Countries, Total",0,1.68714982026442,11.3872190753251
2006,Norway,253.53,39.4529671601779,0
2006,"Official Donors, Total",0,621.328849692317,0
2006,Poland,0,0.281521355023457,25.8642738015255
2006,Portugal,7.74,0.453181015049047,20.200684498404
2006,Qatar,0,0,0
2006,Romania,0,0,0
2006,Saudi Arabia,0,0,0
2006,Slovak Republic,0,0.000138305002132456,4.83338482371379
2006,Slovenia,0,0,0
2006,Spain,140.29,26.5521787607384,128.143239563169
2006,Sweden,306.54,104.427491013221,37.6687269528203
2006,Switzerland,238.37,25.7499713641626,0
2006,Thailand,0,0,0
2006,Timor-Leste,0,0,0
2006,Türkiye,82.78,1.37410711021751,2.04484437453791
2006,United Arab Emirates,0,0,0
2006,United Kingdom,787.56,64.1843630049351,210.262732298492
2006,United States,3806.91,2.19088953878024,0
2007,Australia,163.5,5.88864416039865,0
2007,Austria,15.55,3.23438620398492,36.5046694085875
2007,Azerbaijan,0,0,0
2007,Belgium,93.69,4.04661476932222,61.6898983500189
2007,Bulgaria,0,0,0
2007,Canada,266.72,32.1498984603085,0
2007,Croatia,0,0,0
2007,Cyprus,0,0.19,1.70156529034197
2007,Czech Republic,5.92,0.328533270163929,12.0989319005087
2007,"DAC Countries, Total",0,657.794599000723,1541.58627456534
2007,"DAC EU Members + EC, Total",0,486.384562822784,1299.39174848785
2007,"DAC EU Members, Total",0,402.384562822784,1299.39174848785
2007,Denmark,139.43,39.4432233267589,31.7339351522236
2007,EU Institutions,1466.73,84,0
2007,Estonia,0,0.0523384664232418,2.02147339851836
2007,Finland,109.28,15.5203220545345,24.429423211214
2007,France,91.23,35.7703391605798,275.962425711919
2007,"G7 Countries, Total",0,274.22584468729,1046.2554797512
2007,Germany,283.19,21.8904848112949,333.555258248088
2007,Greece,10.75,1.41673328163132,24.7755305783929
2007,Hungary,0,0.151606902578491,7.75552730526231
2007,Iceland,0,0.634344956473789,0
2007,Ireland,172.67,17.0142723969594,16.1902349669114
2007,Israel,0,0.14011617268433,0
2007,Italy,80.79,55.3891122100741,194.543269713713
2007,Japan,104.46,18.465366724877,0
2007,Kazakhstan,0,0,0
2007,Korea,16.61,2.96881313713039,0
2007,Kuwait,0,0,0
2007,Latvia,0,0.03,1.98457248701768
2007,Liechtenstein,0,0,0
2007,Lithuania,0,0,3.37136038027051
2007,Luxembourg,35.36,5.25550531804282,5.17141157862319
2007,Malta,0,0,0
2007,"Multilaterals, Total",0,84,0
2007,Netherlands,333.36,73.8049681983725,74.9230858879129
2007,New Zealand,33.21,8.79804989993256,0
2007,"Non-DAC Countries, Total",0,1.03879448420979,9.14372543466289
2007,Norway,283.31,46.4469408214685,0
2007,"Official Donors, Total",0,742.833393484932,0
2007,Poland,0,0.00685859589419149,24.6646795388746
2007,Portugal,0.68,1.82034102899842,18.5566276862868
2007,Qatar,0,0,0
2007,Romania,0,0,0
2007,Saudi Arabia,0,0,0
2007,Slovak Republic,0,0.0213206316102413,5.15341848590595
2007,Slovenia,0,0,0
2007,Spain,204.03,15.3311147113359,112.904299848443
2007,Sweden,284.98,111.948933116208,38.7791209149674
2007,Switzerland,219.76,29.4973346971944,0
2007,Thailand,0,0,0
2007,Timor-Leste,0,0,0
2007,Türkiye,28.27,0.615950100698346,0.0647538785143606
2007,United Arab Emirates,0,0,0
2007,United Kingdom,438.59,90.1242053170328,242.194526077485
2007,United States,3672.55,20.4363308375618,0
2008,Australia,310.24,8.77829382093891,0
2008,Austria,43.13,4.68314516998442,41.9585481222478
2008,Azerbaijan,0,0,0
2008,Belgium,118.69,13.0645252636048,76.2841866664668
2008,Bulgaria,0,0,0
2008,Canada,334.49,38.0186147944009,0
2008,Croatia,0,0,0
2008,Cyprus,0,0.081209997519226,2.0816939172104
2008,Czech Republic,4.67,0.41596288486322,15.3594665537343
2008,"DAC Countries, Total",0,720.730154682813,1807.68791125335
2008,"DAC EU Members + EC, Total",0,551.654680515522,1537.41032612486
2008,"DAC EU Members, Total",0,464.844348479847,1537.41032612486
2008,Denmark,153.75,50.0450995869392,36.137802114819
2008,EU Institutions,1743.24,86.8003320356753,0
2008,Estonia,0,0,0
2008,Finland,85.5,17.7705058824722,29.6528544409505
2008,France,20.68,36.3865471083693,329.235120007133
2008,"G7 Countries, Total",0,226.895916319738,1221.37113121811
2008,Germany,289.55,27.6032400022346,394.942182885267
2008,Greece,13.26,1.2404136169505,27.0884564922651
2008,Hungary,0,0.211875305201807,9.96481756474233
2008,Iceland,0,0.570087652331004,0
2008,Ireland,153.98,25.5575754411167,19.6581040294105
2008,Israel,0,0.154014495279668,0
2008,Italy,106.92,18.8143688366254,226.916243197213
2008,Japan,249.8,28.807383100701,0
2008,Kazakhstan,0,0,0
2008,Korea,26.95,3.94621900002562,0
2008,Kuwait,0,0,0
2008,Latvia,0,0.0419619353642711,2.22615043293782
2008,Liechtenstein,0,0,0
2008,Lithuania,0,0,4.36591615331965
2008,Luxembourg,34.89,7.55396492248012,5.37231174751979
2008,Malta,0,0,0
2008,"Multilaterals, Total",0,86.8003320356753,0
2008,Netherlands,367.93,95.3516215173878,84.5443431805244
2008,New Zealand,30.78,3.03093090135903,0
2008,"Non-DAC Countries, Total",0,1.31027348010975,22.3524207823211
2008,Norway,253.81,60.2637444648964,0
2008,"Official Donors, Total",0,808.850760198598,0
2008,Poland,0,0.616108810542385,31.852994197341
2008,Portugal,1.09,2.08317764971235,21.67328016648
2008,Qatar,0,0,0
2008,Romania,0,0.242419995038452,13.6778519262642
2008,Saudi Arabia,0,0,0
2008,Slovak Republic,0,0.0584953205171298,6.27479274957218
2008,Slovenia,0,0.0449311039661656,4.28962908981711
2008,Spain,361.95,31.4131481429993,127.936853994654
2008,Sweden,323.71,131.944595891709,48.268338924699
2008,Switzerland,189.38,35.1934522618878,0
2008,Thailand,0,0.0833096689700936,0
2008,Timor-Leste,0,0,0
2008,Türkiye,17.1,0.718414698899209,0.000808352589040096
2008,United Arab Emirates,0,0,0
2008,United Kingdom,603.17,52.5851052610496,270.277585128498
2008,United States,5273.1,24.690954610385,0
2009,Australia,336.06,20.8287565331182,0
2009,Austria,36.01,4.24871465760618,35.5154416083892
2009,Azerbaijan,0,0,0
2009,Belgium,114.63,18.3607491547244,63.1129694204036
2009,Bulgaria,0,0,0
2009,Canada,326.52,23.6992555123838,0
2009,Croatia,0,0,0
2009,Cyprus,0,0.0640906024421507,1.91328924711935
2009,Czech Republic,4.23,0.0508926413014885,10.1259849272288
2009,"DAC Countries, Total",0,881.251153123205,1486.9800620715
2009,"DAC EU Members + EC, Total",0,626.542250469121,1267.37756880231
2009,"DAC EU Members, Total",0,540.632250469121,1267.37756880231
2009,Denmark,122.08,55.8267330500353,27.7760147948232
2009,EU Institutions,1421.29,85.9,0
2009,Estonia,0,0,0
2009,Finland,100.73,21.6472271186925,22.986909867806
2009,France,35.77,35.768040672697,291.805390207032
2009,"G7 Countries, Total",0,272.895722626863,1007.06397206742
2009,Germany,358.93,32.0974623800617,308.17647971056
2009,Greece,11.88,1.34024672432563,24.4513353344951
2009,Hungary,0,0.247126393231237,7.77107796666746
2009,Iceland,0,0.189553572647312,0
2009,Ireland,91.54,19.7569256899281,16.7683560363565
2009,Israel,0,0.171012073768765,0
2009,Italy,104.48,23.0894463680607,187.479608880641
2009,Japan,277.52,46.3785591458333,0
2009,Kazakhstan,0,0,0
2009,Korea,21.12,4.55528604826024,0
2009,Kuwait,0,0,0
2009,Latvia,0,0.00332510905055097,2.05076822381335
2009,Liechtenstein,0,0,0
2009,Lithuania,0,0,3.24617967020508
2009,Luxembourg,40.64,9.85551246096796,4.70104003457398
2009,Malta,0,0,0
2009,"Multilaterals, Total",0,85.9,0
2009,Netherlands,287.45,117.669024028303,59.7010799973835
2009,New Zealand,0,10.6498068501373,0
2009,"Non-DAC Countries, Total",0,1.02914685419864,20.209937928501
2009,Norway,221.41,86.0274971679196,0
2009,"Official Donors, Total",0,968.180299977403,0
2009,Poland,0,0.299480447191637,28.7456664463876
2009,Portugal,1.04,1.80428720895525,19.3777934369229
2009,Qatar,0,0,0
2009,Romania,0,0,12.9997007873632
2009,Saudi Arabia,0,0,0
2009,Slovak Republic,0,0.149568510067724,5.19117457274592
2009,Slovenia,0,0.213300171858967,3.71088498309663
2009,Spain,385.97,39.0045855123723,117.657502570518
2009,Sweden,358.37,159.210415073019,32.3228580062806
2009,Switzerland,178.65,36.4131386735158,0
2009,Thailand,0,0.0406530426820324,0
2009,Timor-Leste,0,0,0
2009,Türkiye,30.67,0.754248992837586,0
2009,United Arab Emirates,136.57,0,0
2009,United Kingdom,751.12,83.3513902582175,219.602493269188
2009,United States,5233.66,28.5221693360737,0
2010,Australia,289.02,38.2230674278915,0
2010,Austria,24.69,4.8243059227801,39.9754955084972
2010,Azerbaijan,0,0,0
2010,Belgium,140.32,18.3769116301777,65.470186084163
2010,Bulgaria,0,0,3.16322235874784
2010,Canada,452.86,29.0492666513407,0
2010,Croatia,0,0,0
2010,Cyprus,0,0.170501518799353,1.64573869101154
2010,Czech Republic,7.03,0.0729018569673892,13.1202120761181
2010,"DAC Countries, Total",0,947.456338236388,1598.43916790333
2010,"DAC EU Members + EC, Total",0,681.454202637496,1352.15374879225
2010,"DAC EU Members, Total",0,571.534202637496,1352.15374879225
2010,Denmark,145.98,58.0586310531024,28.6432108112791
2010,EU Institutions,1509.18,109.93,0
2010,Estonia,0,0.0202032460328808,1.53173576361693
2010,Finland,123.41,22.9728608021295,24.3007872410989
2010,France,83.86,33.9008797898783,302.964407022493
2010,"G7 Countries, Total",0,318.281097346885,1082.35429423508
2010,Germany,328.17,49.7531819461235,354.500378128669
2010,Greece,4.56,0.486182573007403,27.1896268378313
2010,Hungary,0,1.84010527441241,7.56654647552112
2010,Iceland,0,0.853615621961734,0
2010,Ireland,81.35,20.5780405950674,19.8047879334045
2010,Israel,0,0.195494976847039,0
2010,Italy,67.91,22.871426273346,178.604089972832
2010,Japan,553.51,51.8251616768606,0
2010,Kazakhstan,0,0,0
2010,Korea,19.91,4.53392404664361,0
2010,Kuwait,4.97,0.147370064895026,0
2010,Latvia,0,0.00404369080504645,1.72240367321736
2010,Liechtenstein,0,0,0
2010,Lithuania,0,0,2.52233833180377
2010,Luxembourg,39.07,6.86076570512161,4.51518714787286
2010,Malta,0,0,0
2010,"Multilaterals, Total",0,109.93,0
2010,Netherlands,169.16,115.35826763945,71.5568172195934
2010,New Zealand,25.97,7.14057155296553,0
2010,"Non-DAC Countries, Total",0,5.12013238426834,20.6708320966705
2010,Norway,226.24,79.5992827220086,0
2010,"Official Donors, Total",0,1062.50745756744,0
2010,Poland,0,0.402705087987848,29.6724873281512
2010,Portugal,0.17,2.12604586852885,21.5870035931236
2010,Qatar,0,0,0
2010,Romania,0,0,10.085393278273
2010,Saudi Arabia,0,0,0
2010,Slovak Republic,0,0.0921063827297646,5.69549600856948
2010,Slovenia,0,0.0674638264162094,3.30492844848106
2010,Spain,264.15,41.3438748467691,110.148390396499
2010,Sweden,354.52,171.556522062244,43.5337105580504
2010,Switzerland,197.43,33.8128103321774,0
2010,Thailand,0,0.193998031451908,0
2010,Timor-Leste,0,0,0
2010,Türkiye,82.93,0.683444583735294,0
2010,United Arab Emirates,89.15,3.70579441096026,0
2010,United Kingdom,586,98.1890571179132,246.285419111082
2010,United States,5629.28,32.6821238914232,0
2011,Australia,324.29,58.8235086680336,0
2011,Austria,13.64,11.3801187858237,40.3674816020996
2011,Azerbaijan,0,0,0
2011,Belgium,156.53,47.051137117072,65.5385729652074
2011,Bulgaria,0,0,4.4220921013138
2011,Canada,350.17,81.9541290524898,0
2011,Croatia,0,0,0
2011,Cyprus,0,0.10810752537329,2.12361066072974
2011,Czech Republic,3.67,0.414859219815688,17.5769034327056
2011,"DAC Countries, Total",0,1755.22591181975,1683.29447247494
2011,"DAC EU Members + EC, Total",0,819.080287949545,1438.61122399723
2011,"DAC EU Members, Total",0,693.460287949545,1438.61122399723
2011,Denmark,166.15,80.4247354353192,32.6978682236128
2011,EU Institutions,1588.46,125.62,0
2011,Estonia,0,0.176209529748904,2.12214452682448
2011,Finland,111.45,31.7108948835896,26.8649871444015
2011,France,77.04,57.126165868826,289.777623514726
2011,"G7 Countries, Total",0,612.93047668765,1108.84368523026
2011,Germany,406.99,124.250216879523,343.959258455513
2011,Greece,1.09,0.113305435153185,26.3830959671917
2011,Hungary,0,0.887630233917447,10.6374360323214
2011,Iceland,1.53,0.554328932721689,0
2011,Ireland,83.11,29.0958768062813,19.251484377889
2011,Israel,0,0.476662268097786,0
2011,Italy,77.49,27.0983854545696,230.42355478231
2011,Japan,740.72,80.943422622936,0
2011,Kazakhstan,0,0,0
2011,Korea,25.4,15.2292211576582,0
2011,Kuwait,0,0.688295835472147,0
2011,Latvia,0,0.0236653743032219,2.16059377223553
2011,Liechtenstein,0,0,0
2011,Lithuania,0,0.134644129164099,3.50889661468081
2011,Luxembourg,51.72,11.4691479177018,4.70579864448793
2011,Malta,0,0,0
2011,"Multilaterals, Total",0,125.62,0
2011,Netherlands,165.57,177.631592358674,85.1244608967856
2011,New Zealand,25.11,13.7251956208781,0
2011,"Non-DAC Countries, Total",0,7.35114294104854,30.785527525062
2011,Norway,242.2,131.664901315975,0
2011,"Official Donors, Total",0,1433.4093152515,0
2011,Poland,0,1.28963219492054,36.4520169544325
2011,Portugal,0.51,1.51969094289369,22.4374443730865
2011,Qatar,0,0,0
2011,Romania,0,0.13,16.4466600743991
2011,Russia,0,0,0
2011,Saudi Arabia,0,0,0
2011,Slovak Republic,0,0.0441133436773839,7.19871176175183
2011,Slovenia,0,0.256025555151047,4.45038058038695
2011,Spain,216.96,62.1532400003955,133.464466981066
2011,Sweden,401.76,261.512049104175,41.2996773072545
2011,Switzerland,276.5,53.7300239659497,0
2011,Thailand,0,0.201587679924552,0
2011,Timor-Leste,0,0,0
2011,Türkiye,152.17,0.121894927400209,0.00152977487858259
2011,United Arab Emirates,146.9,3.01573428678409,0
2011,United Kingdom,683.37,313.336126809705,244.683248477708
2011,United States,4942.98,79.8138174004551,0
2012,Australia,258.58,90.3963895793688,0
2012,Austria,18.57,6.21657926709673,40.645320477245
2012,Azerbaijan,0,0,0
2012,Belgium,74.51,42.927883104127,64.8105817322273
2012,Bulgaria,0.13,0.0201829617948534,4.42617151943569
2012,Canada,409.81,34.7686408296472,0
2012,Croatia,0,0,0
2012,Cyprus,0,0.03,2.0488688108448
2012,Czech Republic,4.96,0.400631474261882,17.0959722773286
2012,"DAC Countries, Total",0,1460.83453000601,1691.31414988974
2012,"DAC EU Members + EC, Total",0,651.200214356617,1433.28611599799
2012,"DAC EU Members, Total",0,547.260214356617,1433.28611599799
2012,Denmark,163.23,89.7043098359,33.1865780476758
2012,EU Institutions,1617.16,103.94,0
2012,Estonia,0,0.1767055566315,1.65285152779169
2012,Finland,101.94,27.9694621218189,26.8813426426789
2012,France,59.31,41.4055015518523,291.274434214329
2012,"G7 Countries, Total",0,390.956363032782,1116.82011591534
2012,Germany,402.5,82.7627233504776,357.597480854635
2012,Greece,0.19,0.0306621887591962,24.7317374951495
2012,Hungary,0,0.894291858063258,11.223906308012
2012,Iceland,0,0.282266278909876,0
2012,Ireland,105.17,33.843132564746,18.5311660798319
2012,Israel,0,0.272712504366542,0
2012,Italy,48.6,14.8399860087986,209.920166954631
2012,Japan,519.43,59.8842025028429,0
2012,Kazakhstan,0,0,0
2012,Korea,17.57,12.2285584257235,0
2012,Kuwait,0,0.42684328111294,0
2012,Latvia,0,0.032400066605026,2.47250025829022
2012,Liechtenstein,0,0,0
2012,Lithuania,0,0.0940447464022874,3.87624326548087
2012,Luxembourg,47.57,10.5230328549067,4.62821744434753
2012,Malta,0,0,0.788241498841112
2012,"Multilaterals, Total",0,103.94,0
2012,Netherlands,150.81,178.662349553039,86.949349883342
2012,New Zealand,21.33,15.1990351552445,0
2012,"Non-DAC Countries, Total",0,8.37025391711738,29.7858501102583
2012,Norway,216.91,125.906485766036,0
2012,"Official Donors, Total",0,1118.54706797645,0
2012,Poland,0,0.22986325487081,38.7606345721519
2012,Portugal,0.09,0.739988564876445,22.5317671364132
2012,Qatar,0,0,0
2012,Romania,0,0.13,14.5209732295739
2012,Russia,0,0,0
2012,Saudi Arabia,0,0,0
2012,Slovak Republic,0,0.0438997301561146,7.47041979717696
2012,Slovenia,0.64,0.0899510998795639,4.45781128292165
2012,Spain,84.61,5.1776994553458,130.155677829738
2012,Sweden,367.3,250.657036288907,42.4335509681568
2012,Switzerland,297.58,43.2441514688565,0
2012,Thailand,0,0.0400396702922682,0
2012,Timor-Leste,0,0,0
2012,Türkiye,597.34,3.19389893968255,0
2012,United Arab Emirates,71.61,1.99118947841695,0
2012,United Kingdom,646.5,240.528692871911,258.02803389175
2012,United States,4461.6,51.2768757953091,0
2013,Australia,210.1,58.3004078220336,0
2013,Austria,16.45,5.96113994804424,43.9959456025073
2013,Azerbaijan,0,0,0
2013,Belgium,134.01,43.1612445658833,71.3785338968706
2013,Bulgaria,0,0.0802376125751886,4.91156319371038
2013,Canada,487.58,64.4914903664568,0
2013,Croatia,0,0,2.12631211531389
2013,Cyprus,0,0.0174502513454704,2.23661903639097
2013,Czech Republic,4.76,0.455779309380657,17.7599151414953
2013,"DAC Countries, Total",0,1548.12204520981,1815.39437886432
2013,"DAC EU Members + EC, Total",0,685.293378469423,1539.78601911086
2013,"DAC EU Members, Total",0,569.446513439333,1539.78601911086
2013,Denmark,218.85,79.3619684099847,36.0990025825929
2013,EU Institutions,1734.74,115.907254098305,0
2013,Estonia,2.61,0.546446519674862,2.37759320126899
2013,Finland,101.42,44.4153889186222,28.0737486855505
2013,France,38.17,41.3607323023348,317.38607636804
2013,"G7 Countries, Total",0,415.060632078182,1198.89708391707
2013,Germany,563.21,84.451312308259,383.15603821789
2013,Greece,0.18,0.147607277268698,22.5478932775993
2013,Hungary,0,0.851950658896287,10.4627593706256
2013,Iceland,0,0.454718549880531,0
2013,Ireland,97.53,34.5603598669108,19.1772738486046
2013,Israel,0,0.250957090155484,0
2013,Italy,60.84,29.4719188770985,222.746609577688
2013,Japan,797.16,75.6302944235281,0
2013,Kazakhstan,0.03,0.19189227877386,0
2013,Korea,27.28,11.2635183761978,0
2013,Kuwait,0,0.423474496530162,0
2013,Latvia,0,0.0391572678023352,2.73296900091543
2013,Liechtenstein,0,0,0
2013,Lithuania,0,0.0827684764896401,4.25302119463578
2013,Luxembourg,47.94,15.3732028710558,5.57740923993559
2013,Malta,0,0,0.870844511119873
2013,"Multilaterals, Total",0,115.857302197538,0
2013,Netherlands,143.83,171.513377352152,92.808941330167
2013,New Zealand,21.82,14.7701604385566,0
2013,"Non-DAC Countries, Total",0,8.33776247575519,35.2528752339886
2013,Norway,273.81,125.880687950351,0
2013,"Official Donors, Total",0,1150.16110719751,0
2013,Poland,4.81,0.75012084112321,45.6662141710584
2013,Portugal,0.25,0.391986871768758,22.807416991258
2013,Qatar,0,0,0
2013,Romania,0,0.16,15.7318066973577
2013,Russia,0,0,0
2013,Saudi Arabia,0,0,0
2013,Slovak Republic,0.43,0.0780334634188671,8.27090908646878
2013,Slovenia,0.44,0.139721311568911,4.71363533878247
2013,Spain,50.61,2.55563568938706,141.580807117167
2013,Sweden,366.66,254.373207484658,45.5768892665608
2013,Switzerland,334.06,49.9279130044715,0
2013,Thailand,0,0.174006570842413,0
2013,Timor-Leste,0,0,0
2013,Türkiye,936.11,1.43151161993758,0.012146283275567
2013,United Arab Emirates,90.06,1.78128357375672,0
2013,United Kingdom,1235.93,287.144736732866,275.608359753454
2013,United States,5469.86,50.9107016403611,0
2014,Australia,239.52,60.1592744477744,0
2014,Austria,19.37,6.18959286735364,50.3680118332869
2014,Azerbaijan,1.71,0.0719131513087508,0
2014,Belgium,56.08,60.4506926799536,81.4884699787572
2014,Bulgaria,0,0.0104684789795045,6.75793333555908
2014,Canada,577.79,57.680958477029,0
2014,Croatia,0,0,5.78397697293695
2014,Cyprus,0,0.0231633757100352,2.51968831542256
2014,Czech Republic,7.38,0.247845757506866,22.0758327682173
2014,"DAC Countries, Total",0,1676.77808541284,2073.98272246581
2014,"DAC EU Members + EC, Total",0,601.455222549795,1789.86645233728
2014,"DAC EU Members, Total",0,595.775222549795,1789.86645233728
2014,Denmark,246.73,117.746162918612,41.7339651922611
2014,EU Institutions,2117.39,5.69227630898901,0
2014,Estonia,3.79,0.408690837926462,2.69376949014487
2014,Finland,116.17,42.4935757123424,30.5887179199899
2014,France,46.18,42.4830342685787,364.737401929099
2014,"G7 Countries, Total",0,494.913567287462,1365.82208021098
2014,Germany,831.86,96.4020164392799,461.621085866157
2014,Greece,0.98,0.145081165182527,25.9004900459851
2014,Hungary,0.55,0.246206821898394,14.8433229033829
2014,Iceland,2.01,0.37053047627706,0
2014,Ireland,97.43,36.7371210399922,23.2569850573226
2014,Israel,0,0.263734370555238,0
2014,Italy,67.61,24.2446025790002,255.347322287195
2014,Japan,821.02,76.0781958182433,0
2014,Kazakhstan,0.21,0.318533105226918,0
2014,Korea,70.66,12.2277362265659,0
2014,Kuwait,22.41,0.504911548915576,0
2014,Latvia,0,0.164851927316327,3.22906210355063
2014,Liechtenstein,0,0,0
2014,Lithuania,0.53,0.0440358055258979,5.95710056796687
2014,Luxembourg,45.75,14.4428811366527,5.50336160016605
2014,Malta,0,0.271272361426672,1.03694868012847
2014,"Multilaterals, Total",0,5.67,0
2014,Netherlands,285.57,155.372028189065,103.810425350431
2014,New Zealand,27.46,14.9427573929165,0
2014,"Non-DAC Countries, Total",0,11.0762128997642,49.0995538431754
2014,Norway,307.17,119.924702646282,0
2014,"Official Donors, Total",0,1167.88837266409,0
2014,Poland,4.8,0.716314356411894,51.8901157854459
2014,Portugal,2.83,0.150328247547213,26.8706983897478
2014,Qatar,0,0,0
2014,Romania,0.35,0.341468934388772,21.1169266643708
2014,Russia,0,0,0
2014,Saudi Arabia,0,0,0
2014,Slovak Republic,0.87,0.0980591444996942,9.51735808497548
2014,Slovenia,0.99,0.0680483718831306,5.41989633677083
2014,Spain,68.63,0.928673901336955,157.274078990291
2014,Sweden,493.45,242.740612958619,57.6189120178
2014,Switzerland,377.17,64.0850474821747,0
2014,Thailand,0,0.218748125280268,0
2014,Timor-Leste,0.48,0,0
2014,Türkiye,1485.75,1.05736280501312,0.00414771309519317
2014,United Arab Emirates,560.48,5.11141689669626,0
2014,United Kingdom,1648.59,358.5255315302,284.116270128532
2014,United States,6559.71,70.8677428382769,0
2015,Australia,244.01,63.3474844717339,0
2015,Austria,24.33,7.44371628950099,43.2530033397094
2015,Azerbaijan,1.82,0.056745925588678,0
2015,Belgium,154.27,39.7572593112308,74.6483905253792
2015,Bulgaria,0,0.0875320637001242,5.27744607239669
2015,Canada,692.16,72.7060204725853,0
2015,Croatia,0,0,4.00612417589901
2015,Cyprus,0,0.0445962586715743,2.13834179024834
2015,Czech Republic,10.13,0.519667984905794,18.6311497862837
2015,"DAC Countries, Total",0,2035.21117516613,1845.16348143192
2015,"DAC EU Members + EC, Total",0,778.697501800383,1563.82604660772
2015,"DAC EU Members, Total",0,778.561434824805,1563.82604660772
2015,Denmark,196.67,98.3303573446739,37.2392320893858
2015,EU Institutions,1884.15,0.151925068922875,0
2015,Estonia,3.69,0.549909734242805,2.29954151065377
2015,Finland,95.92,53.3922679071626,26.8940789738232
2015,France,39.56,102.525429267225,305.807198745816
2015,"G7 Countries, Total",0,577.133344057561,1208.01565682093
2015,Germany,900.11,109.318236247894,398.382878144069
2015,Greece,0.07,0.303940078420965,23.2187206909071
2015,Hungary,1.42,0.816962780671904,13.5358184075369
2015,Iceland,4.06,0.519944898267716,0
2015,Ireland,96.18,48.2007737375384,21.902571881763
2015,Israel,0.13,0.644735356112742,0
2015,Italy,118.86,26.7148600925088,222.488145106841
2015,Japan,1255.07,97.9611006721101,0
2015,Kazakhstan,14.95,0.550587096778027,0
2015,Korea,51.97,15.3031394326497,0
2015,Kuwait,4.93,0,0
2015,Latvia,0,0.0606126214998238,2.90631151131535
2015,Liechtenstein,0,0,0
2015,Lithuania,1.53,0.129668108089267,5.48695670211193
2015,Luxembourg,47.18,10.3256934985426,4.51750114444169
2015,Malta,0.06,0.193870470621732,1.15295207562158
2015,"Multilaterals, Total",0,0.137210395540931,0
2015,Netherlands,534.11,191.241115221085,88.6422839058385
2015,New Zealand,22.65,17.6215170304672,0
2015,"Non-DAC Countries, Total",0,24.8363343805504,39.1384436369994
2015,Norway,360.47,134.143285657614,0
2015,"Official Donors, Total",0,1415.9527397295,0
2015,Poland,6.95,0.946173938402978,45.9309190963246
2015,Portugal,1.14,0.590950925715418,23.4669806942911
2015,Qatar,0,0,0
2015,Romania,1.08,0.146866988583984,15.8707697987527
2015,Russia,0,4.60266395756279,0
2015,Saudi Arabia,252.4,2.71945169825989,0
2015,Slovak Republic,2.72,0.46113847428906,8.46970451969986
2015,Slovenia,2.04,0.144266264876388,5.01320981942848
2015,Spain,55.94,3.5379281860211,142.022262844902
2015,Sweden,381.88,451.374299864642,59.7619968912815
2015,Switzerland,433.73,76.872184591151,0
2015,Thailand,0,0.20009006788595,0
2015,Timor-Leste,4.19,0,0
2015,Türkiye,1941.64,0.849768849368808,0
2015,United Arab Emirates,543.21,3.85769451181681,0
2015,United Kingdom,1863.92,322.406742321521,281.337434824202
2015,United States,6668,88.3755304735688,0
2016,Australia,151.63,64.8027572051209,0
2016,Austria,33.16,7.86671476833444,61.4582438042074
2016,Azerbaijan,0.07,0.0285868918635538,0
2016,Belgium,265.06,39.885910033047,103.187120774059
2016,Bulgaria,0,0.0209046889444865,7.26264338963033
2016,Canada,520.42,85.2234800369599,0
2016,Croatia,0,0,6.01033889480496
2016,Cyprus,0,0,0
2016,Czech Republic,14.57,0.468356121852549,32.7007975069662
2016,"DAC Countries, Total",0,1875.75447358455,2526.47422548563
2016,"DAC EU Members + EC, Total",0,631.80643112978,2161.49418886508
2016,"DAC EU Members, Total",0,631.80643112978,2161.49418886508
2016,Denmark,262.13,118.857471698027,47.7519032798902
2016,EU Institutions,2582.08,0,0
2016,Estonia,3.53,0.870932386236125,3.98967543243943
2016,Finland,88.02,41.8300529970223,39.7077167660137
2016,France,166.32,90.2356081623541,450.655534809475
2016,"G7 Countries, Total",0,643.866120555875,1646.80496285579
2016,Germany,2240.06,145.791291894131,510.580366212072
2016,Greece,8.17,0.220202395048518,33.1440301503971
2016,Hungary,0.43,0.382419928054572,21.4227434932189
2016,Iceland,6.36,0.6454969887964,0
2016,Ireland,120.18,70.5704237380274,36.5689998167681
2016,Israel,0,0.293298577164085,0
2016,Italy,184.75,36.6805985600745,320.589025213693
2016,Japan,797.64,121.039943744341,0
2016,Kazakhstan,4.87,0.75240464303828,0
2016,Korea,66.14,16.1695193683969,0
2016,Kuwait,0,0.831407392462318,0
2016,Latvia,1.32,0.137262147983954,4.35267647938843
2016,Liechtenstein,0,0,0
2016,Lithuania,4.96,0.0528835293485469,7.34147236238153
2016,Luxembourg,55.05,11.3909956319221,6.84705306730333
2016,Malta,0,0.142730252914426,1.60468459132276
2016,"Multilaterals, Total",0,0,0
2016,Netherlands,367.05,214.460525482686,106.068364448351
2016,New Zealand,26.54,13.2410644724453,0
2016,"Non-DAC Countries, Total",0,24.5284983213328,55.6057745143703
2016,Norway,424.6,141.151396546346,0
2016,"Official Donors, Total",0,1322.66069244155,0
2016,Poland,35.1,0.728356944650097,75.8871109199871
2016,Portugal,9.18,0.371951054195097,34.3367052451987
2016,Qatar,0,0,0
2016,Romania,10.53,0.466502661481344,25.0442833644028
2016,Russia,0,3.89461372798241,0
2016,Saudi Arabia,218.17,3.36006521370746,0
2016,Slovak Republic,1.28,1.62738651134371,13.2576128365811
2016,Slovenia,1.95,0.156504026445599,7.76924761969547
2016,Spain,61.42,13.4426119208356,208.746226134504
2016,Sweden,468.04,153.498337061531,50.8153867666987
2016,Switzerland,378.55,77.7629124067678,0
2016,Thailand,0.11,0.40816948160455,0
2016,Timor-Leste,0,0,0
2016,Türkiye,4270.39,4.16936157085989,0
2016,United Arab Emirates,510.06,4.65733324568087,0
2016,United Kingdom,1869.16,326.878707202752,364.980036620548
2016,United States,6731.23,80.3606770785662,0
2017,Australia,197.76,44.9792010505542,0
2017,Austria,62.49,10.9690233119686,54.7447254932532
2017,Azerbaijan,0.76,0.0367280666045529,0
2017,Belgium,176,44.9484275293936,102.025934713983
2017,Bulgaria,3.06,0.0174961534411628,7.26820905100519
2017,Canada,649.59,92.2796438174597,0
2017,Croatia,3.17,0.0724497525724664,6.1897730926052
2017,Cyprus,0,0,0
2017,Czech Republic,8.54,1.06838481697023,29.3316537595111
2017,"DAC Countries, Total",0,2207.34075927321,2255.40881897937
2017,"DAC EU Members + EC, Total",0,917.668460454288,1963.73895909684
2017,"DAC EU Members, Total",0,795.738460454288,1963.73895909684
2017,Denmark,364.17,126.772678724832,45.0361077541267
2017,EU Institutions,2189.21,121.959088660639,0
2017,Estonia,3.33,0.761043652750721,3.13801896843401
2017,Finland,71.12,45.8919058291783,40.3781312261886
2017,France,85.61,92.6733042646852,388.730318018882
2017,"G7 Countries, Total",0,690.34173845896,1445.37597502776
2017,Germany,2813.85,196.248882460639,484.961099880958
2017,Greece,12.81,0.92007287610203,29.2543423067947
2017,Hungary,0.17,0.400034718613102,13.4216311269335
2017,Iceland,3.67,2.23710801300059,0
2017,Ireland,120.64,46.7352635119351,32.4400487618007
2017,Israel,0,0.60853625533248,0
2017,Italy,277.44,49.7705046711275,280.014697245386
2017,Japan,802.89,140.442815432763,0
2017,Kazakhstan,0.4,1.04427536514345,0
2017,Korea,94.48,16.1242143622717,0
2017,Kuwait,9.94,0.77488928866542,0
2017,Latvia,1.93,0.0881344338747616,3.98787060051309
2017,Liechtenstein,0,0,0
2017,Lithuania,0.68,0.0890538627403979,6.73264962308581
2017,Luxembourg,58.76,7.32047232622604,6.19366484403516
2017,Malta,0.06,0.146466583976583,0.897091776880437
2017,"Multilaterals, Total",0,121.93,0
2017,Netherlands,312.85,238.550104620985,97.9783016009238
2017,New Zealand,35.5,15.6186215299237,0
2017,"Non-DAC Countries, Total",0,25.7279918570945,55.7602696812674
2017,Norway,483.38,153.775562855319,0
2017,"Official Donors, Total",0,1628.55516973466,0
2017,Poland,48.18,1.81614463469495,63.0822908674221
2017,Portugal,13.38,1.21158862229908,29.864673371747
2017,Qatar,0,0,0
2017,Romania,6.35,0.189442766392092,27.5466565687437
2017,Russia,0,4.30972146462298,0
2017,Saudi Arabia,66.01,3.29102750294293,0
2017,Slovak Republic,1.04,1.05582335382731,12.1597010325805
2017,Slovenia,2.1,0.238645288653555,6.81618955524065
2017,Spain,64.29,15.2458208818817,186.393748897034
2017,Sweden,468.38,330.496950792464,60.9116986400372
2017,Switzerland,353.42,79.8326131799305,0
2017,Thailand,0,0.528974218035622,0
2017,Timor-Leste,0,0,0
2017,Türkiye,5762.94,3.6736416222467,0
2017,United Arab Emirates,404.69,4.3412405686575,0
2017,United Kingdom,1988.95,352.797840928059,291.669859882532
2017,United States,7357.61,96.9104571220256,0
2018,Australia,176.27,46.1676573150279,0
2018,Austria,26.65,10.7847233170877,51.6033000154572
2018,Azerbaijan,0.17,0.237176428558987,0
2018,Belgium,189.16,45.0437402824258,83.5667397438765
2018,Bulgaria,0,0.0639306203846667,7.05494065578904
2018,Canada,654.26,92.4717348504824,0
2018,Croatia,1.83,0.116314275219785,8.23213301611206
2018,Cyprus,2.86,0.102557321704881,2.80472910789012
2018,Czech Republic,17.17,2.76408210677625,25.1708788333795
2018,"DAC Countries, Total",0,2648.93575392366,2071.74090220043
2018,"DAC EU Members + EC, Total",0,1117.93287262428,1811.15028326716
2018,"DAC EU Members, Total",0,991.802872624277,1811.15028326716
2018,Denmark,357.45,112.492338326596,41.7383969574519
2018,EU Institutions,2002.27,126.126367474242,0
2018,Estonia,3.19,0.638934029847299,3.04617243249208
2018,Finland,49.92,54.5050002802011,32.336857907177
2018,France,108.79,128.837946901604,361.364662478138
2018,"G7 Countries, Total",0,851.349530407262,1329.21639615985
2018,Germany,2649.2,245.904968006335,450.202001337391
2018,Greece,6.28,0.262260793066313,27.7604471845762
2018,Hungary,7.05,2.13366449074669,16.2791250573084
2018,Iceland,5.88,2.11855607614837,0
2018,Ireland,124.19,58.4728677303236,31.0897564418207
2018,Israel,0,0.605260023703125,0
2018,Italy,231.08,52.5811846609482,257.059113411056
2018,Japan,618.74,158.902216391802,0
2018,Kazakhstan,8.59,1.34109318880829,0
2018,Korea,125.77,16.9969780834946,0
2018,Kuwait,0,0,0
2018,Latvia,0.93,0.111525775034617,3.57139919058996
2018,Liechtenstein,0,0,0
2018,Lithuania,1.82,0.161786617648033,6.7062671426659
2018,Luxembourg,61.55,8.30654866654379,5.60782268400479
2018,Malta,0.57,0.311911299647562,1.41126187396057
2018,"Multilaterals, Total",0,126.12,0
2018,Netherlands,294,231.691763441966,88.7275139528651
2018,New Zealand,37.79,19.2665926192566,0
2018,"Non-DAC Countries, Total",0,43.5959943490673,56.6554652738119
2018,Norway,425.7,160.528695434343,0
2018,"Official Donors, Total",0,1954.46418651582,0
2018,Poland,35.43,1.31515630670653,62.5655801252919
2018,Portugal,6.89,1.24146347508622,27.6929178495634
2018,Qatar,0,0,0
2018,Romania,8.19,0.346583808220165,23.8285618543121
2018,Russia,0,4.05151670858685,0
2018,Saudi Arabia,812.84,14.2128371111393,0
2018,Slovak Republic,0.34,0.523839284519843,11.2444964472559
2018,Slovenia,2.27,0.261808924529991,6.24750625051771
2018,Spain,65.69,30.502129724345,171.970205901488
2018,Sweden,485.21,472.502975065735,58.9229606885459
2018,Switzerland,336.2,85.8374433355774,0
2018,Thailand,0,0.495661002099572,0
2018,Timor-Leste,0,0,0
2018,Türkiye,6629.29,11.9742035296734,0
2018,United Arab Emirates,1208.41,4.60159702359554,0
2018,United Kingdom,1805.54,501.905933886693,260.590618933266
2018,United States,7300.96,104.635411491801,0
2019,Australia,222.4,32.0984767534925,0
2019,Austria,39.52,14.5403403508756,54.8203105045992
2019,Azerbaijan,1.3,0.0993810518157584,0
2019,Belgium,159.22,64.231538913262,89.5399449676194
2019,Bulgaria,1.55,0.0681246497921298,7.52809333421203
2019,Canada,559.64,95.9209675021767,0
2019,Croatia,1.27,0.0884262652738594,6.74672578708333
2019,Cyprus,1.55,0.265745496876714,0.84080378210336
2019,Czech Republic,16.5,0.708304137994726,27.0001874030816
2019,"DAC Countries, Total",0,2776.47550813323,2267.58245363697
2019,"DAC EU Members + EC, Total",0,1002.52822877382,1916.74277885758
2019,"DAC EU Members, Total",0,883.258228773819,1916.74277885758
2019,Denmark,429.82,110.944414576196,45.0902670291002
2019,EU Institutions,2204.93,119.280746614319,0
2019,Estonia,3.24,0.626377753809248,3.94884473385989
2019,Finland,56.79,44.0329108511332,34.3903177934537
2019,France,162.85,104.464533575111,378.039331665888
2019,"G7 Countries, Total",0,828.613758564668,1480.11366381043
2019,Germany,2239.87,271.294047193763,477.569165977315
2019,Greece,4.33,0.162475531344303,28.9631106716297
2019,Hungary,10.36,0.486542207096789,18.2430983689002
2019,Iceland,4.37,2.2208944955841,0
2019,Ireland,120.94,53.5673198863314,32.2725469682836
2019,Israel,0,0.726744767676602,0
2019,Italy,159.7,56.8207591540654,273.665491387844
2019,Japan,510.06,197.070528703773,0
2019,Kazakhstan,0.13,0.181060803016766,0
2019,Korea,123.56,20.3871081802479,0
2019,Kuwait,0,0,0
2019,Latvia,0.92,0.113619074637384,3.83195257367538
2019,Liechtenstein,0,0,0
2019,Lithuania,1.51,0.132354531091164,7.49299534463446
2019,Luxembourg,63.81,11.7103749321591,6.03026046277645
2019,Malta,0,0.384418374476093,0.919085473655274
2019,"Multilaterals, Total",0,119.27,0
2019,Netherlands,216.32,267.206557581495,91.1858368503574
2019,New Zealand,33.42,17.9797661795616,0
2019,"Non-DAC Countries, Total",0,78.2288061624341,56.628292977352
2019,Norway,473.54,162.205395364594,0
2019,"Official Donors, Total",0,1829.14995289268,0
2019,Poland,19.03,2.28603877564674,66.3223770235887
2019,Portugal,10.74,1.81786501665077,29.3606557057842
2019,Qatar,103.59,29.5669112189667,0
2019,Romania,9.48,0.302701327460435,25.3197919481283
2019,Russia,0,4.69552429558153,0
2019,Saudi Arabia,736.6,4.08714410123293,0
2019,Slovak Republic,2.15,0.332922075902301,12.0024580288409
2019,Slovenia,1.66,0.220171130576551,6.71989279430392
2019,Spain,71.42,14.8425266496903,183.67528500129
2019,Sweden,511.08,333.079264236826,61.8522402529273
2019,Switzerland,346.35,83.7624558106373,0
2019,Thailand,0,0.633777172779592,0
2019,Timor-Leste,0,0,0
2019,Türkiye,7035.76,12.4526814992945,0
2019,United Arab Emirates,551.58,18.7402110290273,0
2019,United Kingdom,2090.36,683.781573882511,350.839674779382
2019,United States,8265.23,128.289944197181,0
2020,Australia,232.88,30.8564220031879,0
2020,Austria,55.68,13.4178197215062,65.6411082661395
2020,Azerbaijan,1.35,0.0911658191052894,0
2020,Belgium,186.89,68.5973590741187,103.289043702928
2020,Bulgaria,2.25,0.311653408004831,9.7080173005997
2020,Canada,578.87,95.538813230615,0
2020,Croatia,2.76,0.0851418862876254,8.02422920796584
2020,Cyprus,2.22,0.30218724003468,0.936656073855861
2020,Czech Republic,19.03,0.694535813406847,30.4037308522009
2020,"DAC Countries, Total",0,2516.03378319623,2563.48044058004
2020,"DAC EU Members + EC, Total",0,1055.10405372091,2258.83540203018
2020,"DAC EU Members, Total",0,956.414053720908,2258.83540203018
2020,Denmark,368.49,114.973866461156,54.0895387934188
2020,EU Institutions,2534.8,98.69,0
2020,Estonia,4.09,1.61601021878888,4.2713396545233
2020,Finland,90.8,60.368811004909,41.7234857782147
2020,France,124.29,110.275186985792,446.382404401518
2020,"G7 Countries, Total",0,804.05334599932,1627.96307736915
2020,Germany,1961.46,323.378739401577,562.045332692174
2020,Greece,4.21,0.16265707651743,34.7784472640393
2020,Hungary,7.65,0.398194119930212,25.5904463790252
2020,Iceland,4.03,2.76357361855963,0
2020,Ireland,123.2,62.5791632548599,39.7170368975971
2020,Israel,0,4.75151262768249,0
2020,Italy,173.29,52.455431906808,314.890301725599
2020,Japan,451.19,142.640833554593,0
2020,Kazakhstan,9.49,0.151472874869704,0
2020,Korea,130.22,22.585641132854,0
2020,Kuwait,36.97,0.882889669880469,0
2020,Latvia,0.78,0.108943938480498,4.78195818308017
2020,Liechtenstein,0,0,0
2020,Lithuania,1.98,0.172520389426169,8.47376147083647
2020,Luxembourg,61.07,20.9101520867155,7.68747158943907
2020,Malta,0,0.215083387801808,0.441700690346744
2020,"Multilaterals, Total",0,98.69,0
2020,Netherlands,342.58,222.714365435264,98.994209330833
2020,New Zealand,27.33,17.5047129740642,0
2020,"Non-DAC Countries, Total",0,99.4678951868072,70.0095594199589
2020,Norway,473.12,176.573889820304,0
2020,"Official Donors, Total",0,1864.81598022864,0
2020,Poland,37.07,2.00557420176853,85.7807801685453
2020,Portugal,6.18,0.847823070241833,36.0816209320127
2020,Qatar,231.05,29.0478120101615,0
2020,Romania,4.2,0.362938628817254,33.3718968387508
2020,Russia,0,4.1692958473753,0
2020,Saudi Arabia,264.67,31.3582918812523,0
2020,Slovak Republic,1.4,0.394832502284094,14.3333440332023
2020,Slovenia,1.82,0.13253016881951,8.17616171492908
2020,Spain,111.61,18.9644588436128,213.321071348915
2020,Sweden,551.05,384.483720530805,75.9098661594489
2020,Switzerland,589.4,90.3830685863779,0
2020,Thailand,0,0.432206583900164,0
2020,Timor-Leste,0,0,0
2020,Türkiye,7270.51,11.5338243751809,0
2020,United Arab Emirates,419.68,8.28903245715439,0
2020,United Kingdom,1963.68,343.03517206237,304.645038549861
2020,United States,8562.12,136.413486946222,0
2021,Australia,292.98,21.8318677743124,0
2021,Austria,109.23,10.601216695182,67.9901564383413
2021,Azerbaijan,0,0,0
2021,Belgium,169.93,38.7615181554478,113.883483216334
2021,Bulgaria,4.63,0.0339782194106125,11.6872114253951
2021,Canada,671.52,62.3613660167516,0
2021,Croatia,0.75,0,9.62389947741815
2021,Cyprus,0.16,0.216232631968435,0.867197325121022
2021,Czech Republic,13.78,0.227812690468032,37.3268721797255
2021,"DAC Countries, Total",0,1590.43917989348,2838.16050844949
2021,"DAC EU Members + EC, Total",0,908.930321501956,2548.67821346965
2021,"DAC EU Members, Total",0,908.930321501956,2548.67821346965
2021,Denmark,381.86,67.7851407630432,59.8145703529247
2021,EU Institutions,2922.16,0,0
2021,Estonia,3.6,0.231898193352434,4.956989684234
2021,Finland,78.48,34.8731472846321,46.7629364586618
2021,France,88.86,129.377333138113,508.56666089696
2021,"G7 Countries, Total",0,691.675690750771,1791.63522480815
2021,Germany,2697.62,162.21330474802,635.230487862122
2021,Greece,3,0,36.406958987784
2021,Hungary,4.38,0.201751877943275,23.4218954486854
2021,Iceland,7.14,1.38329082476083,0
2021,Ireland,147.63,43.7284216778245,51.650254631207
2021,Israel,0,2.75097844480333,0
2021,Italy,218.05,42.0143928406824,358.355781069228
2021,Japan,1067.45,92.9466824493589,0
2021,Kazakhstan,6.71,0.354646076148455,0
2021,Korea,155.32,15.4549454438227,0
2021,Kuwait,22.86,19.64,0
2021,Latvia,0.5,0.0372611213426595,5.78299657299468
2021,Liechtenstein,2.87,0.308358017236637,0
2021,Lithuania,1.57,0.283174152756754,9.61612502874026
2021,Luxembourg,61.68,16.5230876757767,8.01215537801642
2021,Malta,0.44,0,0.291732047623372
2021,"Multilaterals, Total",0,0,0
2021,Netherlands,282.63,118.166745308584,102.996782178657
2021,New Zealand,32.36,11.9435795875955,0
2021,"Non-DAC Countries, Total",0,39.8731644176472,83.99949155051
2021,Norway,425.25,170.801038924624,0
2021,"Official Donors, Total",0,1607.76818313517,0
2021,Poland,23.2,0.517639058505528,103.720976212017
2021,Portugal,6.1,0.385854331557079,42.1362059751167
2021,Qatar,347.24,10.7335212756273,0
2021,Romania,2.89,0.171569715238584,41.1733399889834
2021,Russia,0,0,0
2021,Saudi Arabia,420.97,3.64358458360649,0
2021,Slovak Republic,0.63,0.0680927634485578,16.4765624042755
2021,Slovenia,2.65,0.0521792797949985,9.40240736612516
2021,Spain,144.73,5.10889705762624,244.017837523103
2021,Sweden,544.52,260.888384456086,82.5052288903643
2021,Switzerland,356.98,79.4786917554292,0
2021,Thailand,0.19,0.342523148593846,0
2021,Timor-Leste,0,0,0
2021,Türkiye,5500.51,0.91711256647205,0
2021,United Arab Emirates,533.9,0.211516615001675,0
2021,United Kingdom,950.26,140.957676209443,289.482294979841
2021,United States,11791.07,61.8219274820869,0
