variable,Donor,fts_nonoda_imeu_ha,fts_ndd_ha,dac1_ndd_imeu_ha
2000,Angola,0,0,0
2000,Bahamas,0,0,0
2000,Belarus,0,0.287281064918889,0
2000,Botswana,0,0.658404973776009,0
2000,Brazil,0,0.299018693442916,0
2000,Bulgaria,0,0,0
2000,Burundi,0,0.0415050265569305,0
2000,Chile,0,0.0422854727158556,0
2000,China,0,13.9585402669833,0
2000,Colombia,0,0,0
2000,Croatia,0,0,0
2000,Cyprus,0,0.050932766749087,0
2000,"DAC Countries, Total",0,0,0
2000,"DAC EU Members + EC, Total",0,0,0
2000,"DAC EU Members, Total",0,0,0
2000,Dominican Republic,0,0.069511693889001,0
2000,Egypt,0,0.467272014259534,0
2000,Estonia,0,0,0
2000,Eswatini,0,0.0199410265328242,0
2000,"G7 Countries, Total",0,0,0
2000,Gabon,0,0.36286392629121,0
2000,Ghana,0,0.193354289814616,0
2000,India,0,0.352452848087386,0
2000,Israel,0,1.98166992501256,0
2000,Kenya,0,0.127737534185515,0
2000,Kuwait,0,0,0
2000,Latvia,0,0,0
2000,Lesotho,0,0.173331649346365,0
2000,Libya,0,3.997667227446,0
2000,Liechtenstein,0,0.173662371528266,0
2000,Lithuania,0,0,0
2000,Malawi,0,0.119898334952397,0
2000,Malaysia,0,0.142621176314481,0
2000,Malta,0,0,0
2000,Mauritania,0,0.215487900108363,0
2000,Mauritius,0,0.207138593910886,0
2000,"Moldova, Republic of",0,0,0
2000,Monaco,0,0.00743570719694172,0
2000,Morocco,0,0.210441357497589,0
2000,Namibia,0,1.25019158870293,0
2000,Nigeria,0,0.423676286479772,0
2000,"Non-DAC Countries, Total",0,0,0
2000,Oman,0,0.188956946997862,0
2000,Qatar,0,0.939121649773269,0
2000,Republic of TÃ¼rkiye,0,0,0
2000,Romania,0,7.49927362179605,0
2000,Russian Federation,0,5.37285860551538,0
2000,Rwanda,0,0.0127687864720713,0
2000,San Marino,0,0.0384334990433469,0
2000,Saudi Arabia,0,285.741473419435,0
2000,Seychelles,0,0,0
2000,Singapore,0,0.194263012199432,0
2000,South Africa,0,2.25387370954312,0
2000,Sudan,0,0.0191472240671902,0
2000,Thailand,0,0.447928198128013,0
2000,Tunisia,0,0,0
2000,Turkey,0,3.28377157735971,0
2000,United Arab Emirates,0,0.821009662017669,0
2000,Zambia,0,0.0370133219247784,0
2001,Algeria,0,0,0
2001,Argentina,0,0,0
2001,Armenia,0,0,0
2001,Bahamas,0,0.00609203097597583,0
2001,Bangladesh,0,0,0
2001,Belarus,0,0.353974619672304,0
2001,Brazil,0,0,0
2001,Bulgaria,0,0,0
2001,Chile,0,0,0
2001,China,0,1.80511977774328,0
2001,Colombia,0,0,0
2001,Costa Rica,0,0,0
2001,Croatia,0,0,0
2001,Cuba,0,0.190324293631609,0
2001,Cyprus,0,0.0532872693204558,0
2001,"DAC Countries, Total",54.2023906359952,0,0
2001,"DAC EU Members + EC, Total",46.5966264727855,0,0
2001,"DAC EU Members, Total",46.5966264727855,0,0
2001,Dominican Republic,0,0.197940148643015,0
2001,Ecuador,0,0,0
2001,Estonia,0,0.0972336664134199,0
2001,"G7 Countries, Total",39.0949343949552,0,0
2001,Guatemala,0,0,0
2001,Holy See (Vatican City State),0,0.146442729682306,0
2001,Honduras,0,0,0
2001,Israel,0,0.489087463909242,0
2001,Kazakhstan,0,0.423565586451756,0
2001,Kuwait,0,0.654030834762688,0
2001,Latvia,0,0,0
2001,Libya,0,0,0
2001,Liechtenstein,0,0.0958833772594896,0
2001,Lithuania,0,0,0
2001,Malaysia,0,0.144913372473546,0
2001,Malta,0,0,0
2001,Mauritania,0,0,0
2001,Mexico,0,0,0
2001,Monaco,0,0.122565242607606,0
2001,Morocco,0,0.529609905493342,0
2001,Nepal,0,0.320968356556519,0
2001,Nicaragua,0,0,0
2001,"Non-DAC Countries, Total",0,0,0
2001,Oman,0,0,0
2001,Pakistan,0,0.244161243849532,0
2001,Panama,0,0,0
2001,Peru,0,0.205793882296062,0
2001,Qatar,0,1.81303824636647,0
2001,Republic of TÃ¼rkiye,0,0,0
2001,Romania,0,0,0
2001,Russian Federation,0,1.96589843827374,0
2001,Saudi Arabia,0,1390.97831293558,0
2001,Singapore,0,0.0797030474651112,0
2001,South Africa,0,0.820723656475026,0
2001,Thailand,0,0.188453848966911,0
2001,Trinidad and Tobago,0,0.0995167888471627,0
2001,Turkey,0,0.0416874598817613,0
2001,United Arab Emirates,0,0.00902311333965245,0
2001,"Venezuela, Bolivarian Republic of",0,0,0
2001,Viet Nam,0,0,0
2002,Algeria,0,7.73062757112108,0
2002,Andorra,0,0.162002414126978,0
2002,Argentina,0,0,0
2002,Belarus,0,0.342977941077661,0
2002,Brunei Darussalam,0,0.776656753735312,0
2002,Bulgaria,0,0,0
2002,Cameroon,0,0.0576176354706548,0
2002,Chile,0,0.0727421506821152,0
2002,China,0,0.471246106189483,0
2002,Croatia,0,0,0
2002,Cuba,0,0.605960634150065,0
2002,Cyprus,0,0,0
2002,"DAC Countries, Total",50.6995904299569,0,0
2002,"DAC EU Members + EC, Total",43.6660467310672,0,0
2002,"DAC EU Members, Total",43.6660467310672,0,0
2002,El Salvador,0,0,0
2002,Eritrea,0,0.0477826948551501,0
2002,Estonia,0,0,0
2002,Faroe Islands,0,0.468690752111206,0
2002,"G7 Countries, Total",37.1398944251191,0,0
2002,Holy See (Vatican City State),0,0.0355702548868291,0
2002,India,0,12.0858677534665,0
2002,Indonesia,0,0.142879343364385,0
2002,"Iran, Islamic Republic of",0,0,0
2002,Iraq,0,0,0
2002,Israel,0,0.0614945851722895,0
2002,Kazakhstan,0,0,0
2002,Kuwait,0,5.4668031932268,0
2002,Latvia,0,0.0384787148813481,0
2002,Liechtenstein,0,0.327099795508694,0
2002,Lithuania,0,0.082973153960961,0
2002,Malaysia,0,0.23361857299907,0
2002,Malta,0,0.0501403913720461,0
2002,Mexico,0,0,0
2002,Monaco,0,0.150386769230927,0
2002,Morocco,0,0.171445373652403,0
2002,"Non-DAC Countries, Total",0,0,0
2002,Oman,0,3.78178403855047,0
2002,Pakistan,0,0,0
2002,Peru,0,0,0
2002,Qatar,0,0,0
2002,Republic of TÃ¼rkiye,0,0,0
2002,Romania,0,9.33809628345351,0
2002,Russian Federation,0,42.9087018916897,0
2002,San Marino,0,0.00875085430776316,0
2002,Saudi Arabia,0,84.2222866819206,0
2002,Singapore,0,2.69596264884158,0
2002,South Africa,0,36.180814196524,0
2002,Thailand,0,1.46693058106959,0
2002,Turkey,0,5.03478591603005,0
2002,United Arab Emirates,0,0,0
2002,"Venezuela, Bolivarian Republic of",0,1.33601401051664,0
2003,Algeria,0,4.62092438285434,0
2003,Andorra,0,0.188584259958835,0
2003,Belarus,0,0.459432966619708,0
2003,Botswana,0,0.220836085903084,0
2003,Bulgaria,0,0,0
2003,Chile,0,0.0299136412559946,0
2003,China,0,0.5567016034083,0
2003,Cook Islands,0,0.0171570345024611,0
2003,Croatia,0,0,0
2003,Cuba,0,0.606978111387897,0
2003,Cyprus,0,0.237318948350812,0
2003,"DAC Countries, Total",25.1324636187176,0,0.472305315263297
2003,"DAC EU Members + EC, Total",21.5427559353163,0,0.404845234754149
2003,"DAC EU Members, Total",21.5427559353163,0,0.404845234754149
2003,Egypt,0,0.0410967351586006,0
2003,Eritrea,0,0,0
2003,Estonia,0,0.188963459489491,0
2003,Fiji,0,0.0142481828611924,0
2003,"G7 Countries, Total",17.6790319260191,0,0.332235664360008
2003,India,0,19.2069994953984,0
2003,Indonesia,0,0.0178183385481738,0
2003,Israel,0,0.0101680325695894,0
2003,Jordan,0,0,0
2003,Kuwait,0,43.6980283352941,0
2003,Latvia,0,0,0
2003,Libya,0,0,0
2003,Liechtenstein,0,0.175514743549239,0
2003,Lithuania,0,0.0560995789720952,0
2003,Malawi,0,1.69458956788339,0
2003,Malaysia,0,1.3602987373622,0
2003,Malta,0,0,0
2003,Mauritius,0,0.0432052172949506,0
2003,Monaco,0,0.148593768577597,0
2003,Morocco,0,0.279091324504212,0
2003,"Non-DAC Countries, Total",0.0116728092849684,0,0.000219362890681334
2003,Peru,0,0,0
2003,Qatar,0,22.7483123859139,0
2003,Republic of TÃ¼rkiye,0.0116728092849684,0,0.000219362890681334
2003,Romania,0,0.465295948357186,0
2003,Russian Federation,0,35.6965574410157,0
2003,Saudi Arabia,0,201.741678436403,0
2003,Singapore,0,0.0183121671546811,0
2003,South Africa,0,10.5364150756087,0
2003,Thailand,0,0.760254267744069,0
2003,Turkey,0,1.08810406376254,0
2003,United Arab Emirates,0,4.23736174531731,0
2003,Yemen,0,0,0
2004,Andorra,0,0.0847795432245789,0
2004,Argentina,0,0,0
2004,Brazil,0,0,0
2004,Bulgaria,0,0.13957643239729,0
2004,Chile,0,0,0
2004,China,0,6.55219296433679,0
2004,Colombia,0,0.139615696812842,0
2004,Croatia,0,0,0
2004,Cuba,0,0.682996782100017,0
2004,Cyprus,0,0.265534480486248,0
2004,"DAC Countries, Total",40.5093230596646,0,2.02801290854901
2004,"DAC EU Members + EC, Total",34.360172157661,0,1.72016877628564
2004,"DAC EU Members, Total",34.360172157661,0,1.72016877628564
2004,Estonia,0.0227248190662036,0.234024014428244,0.00113766962589879
2004,French Polynesia,0,1.16232392377781,0
2004,"G7 Countries, Total",28.5314436014145,0,1.42836590574431
2004,India,0,0.570049878769895,0
2004,Jordan,0,0.645512569309235,0
2004,Kazakhstan,0,1.92581895497163,0
2004,Kuwait,0,15.4452912004405,0
2004,Latvia,0,0.0612903232102886,0
2004,Libya,0,0.032452629391354,0
2004,Liechtenstein,0,0.239268151649259,0
2004,Lithuania,0.044171455767455,0.138768629596219,0.00221134977629375
2004,Malaysia,0,0.641590246049927,0
2004,Malta,0,0,0
2004,Mexico,0,0,0
2004,Monaco,0,0.149650586157957,0
2004,"Non-DAC Countries, Total",0.0668962748336586,0,0.00334901940219253
2004,Oman,0,0.0422532483011166,0
2004,Republic of TÃ¼rkiye,0,0,0
2004,Romania,0,0.25346501449451,0
2004,Russian Federation,0,28.2920762553279,0
2004,Saudi Arabia,0,79.7660612719783,0
2004,Singapore,0,0.133596194792335,0
2004,South Africa,0,5.10352504311344,0
2004,Syrian Arab Republic,0,0.388229749825273,0
2004,Trinidad and Tobago,0,1.9124553804856,0
2004,Turkey,0,8.33234359841978,0
2004,United Arab Emirates,0,149.228193414134,0
2004,"Venezuela, Bolivarian Republic of",0,0,0
2004,Zimbabwe,0,0.00783948012814186,0
2005,Afghanistan,0,0.702878092222355,0
2005,Albania,0,0.590903073451354,0
2005,Algeria,0,15.5989916517035,0
2005,Andorra,0,0.25522527589926,0
2005,Argentina,0,0,0
2005,Azerbaijan,0,2.27784400750922,0
2005,Bahrain,0,0,0
2005,Bangladesh,0,0.183804108755537,0
2005,Belarus,0,0.522639242204902,0
2005,"Bolivia, Plurinational State of",0,0,0
2005,Brazil,0,1.67970443145555,0
2005,Bulgaria,0,0.376835251779176,0
2005,Cambodia,0,0.0160926395264351,0
2005,Chile,0,0.034756182739804,0
2005,China,0,129.662602976366,0
2005,Colombia,0,0,0
2005,Croatia,0,0,0
2005,Cuba,0,0,0
2005,Cyprus,0.0337412549813634,5.62540256624902,0.00738519225295297
2005,"DAC Countries, Total",32.9189487590559,0,7.20520814904533
2005,"DAC EU Members + EC, Total",29.2695960408477,0,6.40644795362016
2005,"DAC EU Members, Total",29.2695960408477,0,6.40644795362016
2005,Ecuador,0,0.0227197911402693,0
2005,Egypt,0,7.68957988313418,0
2005,Equatorial Guinea,0,0.258537682726935,0
2005,Estonia,0.0319950538034307,1.1950532673481,0.00700298858511405
2005,Faroe Islands,0,0.333739609581185,0
2005,Fiji,0,0.176970170541897,0
2005,"G7 Countries, Total",22.3342221087146,0,4.88845255412446
2005,Guyana,0,0.0904903743564293,0
2005,India,0,32.4214055254755,0
2005,"Iran, Islamic Republic of",0,2.85410877027242,0
2005,Israel,0,2.50684448321309,0
2005,Jordan,0,0.102320685904198,0
2005,Kazakhstan,0,4.75600083695547,0
2005,"Korea, Democratic People's Republic of",0,0.175405012709013,0
2005,Kuwait,0,15.1206411525034,0
2005,Kyrgyzstan,0,50.5002398815231,0
2005,Lao People's Democratic Republic,0,0.456934901895312,0
2005,Latvia,0.0397632237002176,0.641170097557368,0.00870326405421147
2005,Lebanon,0,0,0
2005,Liberia,0,0.238773322653772,0
2005,Libya,0,5.53765941522333,0
2005,Liechtenstein,0,1.10226848719847,0
2005,Lithuania,0.0592489603620369,0.698053328520383,0.0129682480187212
2005,Madagascar,0,0.15699345360868,0
2005,Malaysia,0,7.12716188897999,0
2005,Mali,0,0.311318022642366,0
2005,Malta,0,15.1809766823252,0
2005,Mauritania,0,0.16028211660745,0
2005,Mauritius,0,0.0875577439184944,0
2005,Mexico,0,5.24177954130032,0
2005,"Micronesia, Federated States of",0,0.0857929145487851,0
2005,"Moldova, Republic of",0,1.17351368929819,0
2005,Monaco,0,0.61197288757398,0
2005,Morocco,0,0,0
2005,Mozambique,0,0.071913695197634,0
2005,Nepal,0,0.24877946895979,0
2005,Nigeria,0,8.0904445452012,0
2005,"Non-DAC Countries, Total",0.164840855904855,0,0.0360799090807701
2005,"North Macedonia, Republic of",0,0,0
2005,Pakistan,0,0,0
2005,Palau,0,0.0782776081216156,0
2005,Papua New Guinea,0,1.15752056151559,0
2005,Philippines,0,0.0208575823952218,0
2005,Qatar,0,46.388855582602,0
2005,Republic of TÃ¼rkiye,9.23630578062049e-05,0,2.02161697703951e-05
2005,Romania,0,1.31850436794273,0
2005,Russian Federation,0,27.3386549822979,0
2005,Saudi Arabia,0,276.785894656053,0
2005,Senegal,0,0.244781767738735,0
2005,Serbia and Montenegro (until 2006-2009),0,0.45857535712619,0
2005,Singapore,0,13.7240270222867,0
2005,South Africa,0,5.42022712141247,0
2005,Syrian Arab Republic,0,0,0
2005,Tajikistan,0,0,0
2005,Thailand,0,19.2148385203463,0
2005,Timor-Leste,0,0.119484859106037,0
2005,Trinidad and Tobago,0,2.58768221259147,0
2005,Tunisia,0,0,0
2005,Turkey,0,57.9472003051672,0
2005,Tuvalu,0,0.0147551856987262,0
2005,Ukraine,0,0,0
2005,United Arab Emirates,0,138.011131085901,0
2005,"Venezuela, Bolivarian Republic of",0,2.45749763692793,0
2006,Andorra,0,3.21184764580639,0
2006,Antigua and Barbuda,0,0.00630301917908253,0
2006,Argentina,0,0,0
2006,Armenia,0,0.0703518896187026,0
2006,Azerbaijan,0,1.33504350310643,0
2006,Bahrain,0,5.97417797039094,0
2006,Bangladesh,0,0.00947821209102664,0
2006,Belarus,0,0.158318854411123,0
2006,Brazil,0,0,0
2006,Bulgaria,0,0,0
2006,Chile,0,0,0
2006,China,0,1.99815016941455,0
2006,Colombia,0,0,0
2006,Croatia,0,0.00551895379549246,0
2006,Cuba,0,0,0
2006,Cyprus,0.0456112591730264,0.543119411670817,0.012143913159318
2006,"DAC Countries, Total",43.9397311363184,0,11.6988719197384
2006,"DAC EU Members + EC, Total",38.1910537184714,0,10.1682972193462
2006,"DAC EU Members, Total",38.1910537184714,0,10.1682972193462
2006,Djibouti,0,0.00300912218740087,0
2006,Ecuador,0,0.0317847523651682,0
2006,Egypt,0,5.5987490162649,0
2006,Estonia,0.0686671339543506,0.555116799754674,0.018282497057964
2006,"G7 Countries, Total",29.6295853659297,0,7.88882214949328
2006,Grenada,0,0.0256089585246184,0
2006,Hong Kong,0,2.69421298362913,0
2006,India,0,1.24545566280976,0
2006,Indonesia,0,0.241225958053972,0
2006,"Iran, Islamic Republic of",0,6.9073650564492,0
2006,Israel,0,0.170743315791966,0
2006,Kazakhstan,0,0.967425734972361,0
2006,Kuwait,0,33.4760135798812,0
2006,Latvia,0.0565076210397701,0.283175959621088,0.015045049296785
2006,Libya,0,11.4655674249395,0
2006,Liechtenstein,0,1.53809316059058,0
2006,Lithuania,0.0846387008281807,0.149975930600678,0.0225348971155519
2006,Malaysia,0,0.340186707699107,0
2006,Malta,0,0.351006092853731,0
2006,Mexico,0,0.05655317246742,0
2006,Monaco,0,0.290406589825548,0
2006,Morocco,0,0.00553415850997512,0
2006,Nigeria,0,0.108884618634224,0
2006,"Non-DAC Countries, Total",0.311331677443765,0,0.0828914816905069
2006,Pakistan,0,0.0234598207353686,0
2006,Peru,0,0.0452778203332904,0
2006,Philippines,0,0.0535470615503507,0
2006,Qatar,0,4.45435079442854,0
2006,Republic of TÃ¼rkiye,0.0559069624484376,0,0.0148851250608881
2006,Romania,0,0,0
2006,Russian Federation,0,26.5689597672007,0
2006,Saudi Arabia,0,245.346147225593,0
2006,Singapore,0,0.272505869575935,0
2006,South Africa,0,14.5050509588641,0
2006,Sri Lanka,0,0.0132627132201454,0
2006,Thailand,0,0.174425295966864,0
2006,Trinidad and Tobago,0,0.0257671497623325,0
2006,Turkey,0,8.18397808987102,0
2006,United Arab Emirates,0,51.7259496596624,0
2006,"Venezuela, Bolivarian Republic of",0,0.942836577983072,0
2006,Zimbabwe,0,4.94770428949584,0
2007,Algeria,0,0.00848779070938062,0
2007,Andorra,0,0.154061690306325,0
2007,Antigua and Barbuda,0,0.00607681750208925,0
2007,Argentina,0,0,0
2007,Armenia,0,0.00521627863503148,0
2007,Azerbaijan,0,0.0665229730439125,0
2007,Bahamas,0,0.0524987977274101,0
2007,Belarus,0,0.084525686765965,0
2007,"Bolivia, Plurinational State of",0,0,0
2007,Botswana,0,0.0590449501942145,0
2007,Brazil,0,0.115979990579167,0
2007,Brunei Darussalam,0,0.044646364450741,0
2007,Bulgaria,0,0.0125780508597395,0
2007,Chile,0,0.0329662891041858,0
2007,China,0,11.1860798837264,0
2007,Colombia,0,0.0187868909706778,0
2007,Croatia,0,0.019468683068436,0
2007,Cuba,0,0.556672379655102,0
2007,Cyprus,0.0431823555808541,0.0270412654263042,0.0103487023332136
2007,"DAC Countries, Total",39.1224051434816,0,9.37573043302862
2007,"DAC EU Members + EC, Total",32.9759879568026,0,7.90273432095707
2007,"DAC EU Members, Total",32.9759879568026,0,7.90273432095707
2007,Djibouti,0,0.00286532516428458,0
2007,Ecuador,0,0.0298025447137873,0
2007,Egypt,0,0.297020062284713,0
2007,El Salvador,0,0,0
2007,Estonia,0.0513009894992122,1.02494794067447,0.0122943425059946
2007,Eswatini,0,0.121913713054539,0
2007,Faroe Islands,0,0.0583015103439937,0
2007,Fiji,0,0.0262447902133774,0
2007,"G7 Countries, Total",26.5518910214451,0,6.36319193033304
2007,Holy See (Vatican City State),0,0.185266788950764,0
2007,Hong Kong,0,2.0801634461875,0
2007,India,0,1.33393116204636,0
2007,Indonesia,0,0.120570812748934,0
2007,"Iran, Islamic Republic of",0,1.12268103860252,0
2007,Israel,0,0.147381638832841,0
2007,Jamaica,0,0.00592100077999785,0
2007,Jordan,0,0,0
2007,Kazakhstan,0,0.276051646820388,0
2007,Kuwait,0,12.4938049426163,0
2007,Latvia,0.0503645174809331,0.0721120675974138,0.0120699158847462
2007,Lebanon,0,0.00228198721304732,0
2007,Liechtenstein,0,2.40102343364858,0
2007,Lithuania,0.0855584464248129,0,0.0205041823733943
2007,Malaysia,0,0.269536082875603,0
2007,Malta,0,0.0111567602457553,0
2007,Mexico,0,0.0893333675311038,0
2007,"Moldova, Republic of",0,0.00377782260040472,0
2007,Monaco,0,0.635157822254105,0
2007,Morocco,0,0.0298544190108084,0
2007,"Non-DAC Countries, Total",0.232049634118922,0,0.0556109678994118
2007,Pakistan,0,0.0222637917381202,0
2007,Panama,0,0,0
2007,Papua New Guinea,0,0,0
2007,Peru,0,0.0920403519124674,0
2007,Philippines,0,0.113613108538484,0
2007,Puerto Rico (United States),0,0.0345107952346778,0
2007,Qatar,0,0.180534203079087,0
2007,Republic of TÃ¼rkiye,0.00164332513310998,0,0.000393824802062998
2007,Romania,0,0.381596972702055,0
2007,Russian Federation,0,9.10695831571109,0
2007,Saudi Arabia,0,304.521721318391,0
2007,Singapore,0,0.265097383159971,0
2007,South Africa,0,1.09151763381799,0
2007,Sri Lanka,0,0.0123790715773726,0
2007,Thailand,0,0.0563407816139608,0
2007,Trinidad and Tobago,0,0.0567642780282408,0
2007,Turkey,0,6.84695213983694,0
2007,United Arab Emirates,0,47.4152807268885,0
2007,"Venezuela, Bolivarian Republic of",0,0,0
2008,Albania,0,0.00267408138679892,0
2008,Algeria,0,0.0068578196654251,0
2008,Andorra,0,0.0729399769989257,0
2008,Antigua and Barbuda,0,0.00582317105083938,0
2008,Argentina,0,0.154198690193865,0
2008,Armenia,0,0.00440383848742132,0
2008,Azerbaijan,0,0.39051969215819,0
2008,Bangladesh,0,0.00843121772246423,0
2008,Belarus,0,0.500472174631596,0
2008,Bhutan,0,0.00154627616032983,0
2008,Bosnia and Herzegovina,0,0.00455534410028761,0
2008,Botswana,0,0.243651818986028,0
2008,Brazil,0,2.59094428459958,0
2008,Brunei Darussalam,0,0.796088996415518,0
2008,Bulgaria,0,0.783657339293298,0
2008,Burkina Faso,0,0.51870004270871,0
2008,Cambodia,0,0.39501961439145,0
2008,Chile,0,0.121062408920515,0
2008,China,0,12.7510475389571,0
2008,Colombia,0,0,0
2008,Croatia,0,0.062779024939169,0
2008,Cuba,0,0,0
2008,Cyprus,0.0159899429366397,0.096052047342353,0.0259391529733465
2008,"DAC Countries, Total",13.885243315179,0,22.5248740318679
2008,"DAC EU Members + EC, Total",11.8091825035834,0,19.1570534469331
2008,"DAC EU Members, Total",11.8091825035834,0,19.1570534469331
2008,Ecuador,0,0.0261775706051071,0
2008,Egypt,0,0.0200813798207303,0
2008,Estonia,0,1.51965749874241,0
2008,"G7 Countries, Total",9.38161683193446,0,15.2190157966887
2008,Gabon,0,0.348414406629752,0
2008,Ghana,0,0.004402360317278,0
2008,Guatemala,0,0.0137482438555371,0
2008,Guyana,0,0.00500798006213178,0
2008,Holy See (Vatican City State),0,0.00508495943234112,0
2008,Hong Kong,0,0.820882119745069,0
2008,India,0,5.72821287619204,0
2008,Indonesia,0,1.19936927456562,0
2008,"Iran, Islamic Republic of",0,0.0716633104891193,0
2008,Iraq,0,6.61520829507186,0
2008,Israel,0,2.59685829581002,0
2008,Jordan,0,0,0
2008,Kazakhstan,0,8.26372638046444,0
2008,Kuwait,0,69.5787696581313,0
2008,Kyrgyzstan,0,0.252220499666327,0
2008,Lao People's Democratic Republic,0,0.178060170703073,0
2008,Latvia,0.0170995447970336,0.347433513922469,0.0277391676769834
2008,Liechtenstein,0,3.39026347557631,0
2008,Lithuania,0.0335355498618574,0.419104234627952,0.0544019300981204
2008,Malaysia,0,1.12296450287125,0
2008,Malta,0,0.123073027135885,0
2008,Mauritius,0,0.259308684757822,0
2008,Mexico,0,0.0856918240162821,0
2008,Monaco,0,1.19799610242184,0
2008,Mongolia,0,0.0721628151917704,0
2008,Montenegro,0,0.00247809066523177,0
2008,Morocco,0,0.454827639988487,0
2008,Namibia,0,0.200735606216853,0
2008,Nicaragua,0,0.00564754701958502,0
2008,"Non-DAC Countries, Total",0.171693796984348,0,0.278524550225044
2008,"North Macedonia, Republic of",0,0.00202505259153843,0
2008,Oman,0,0,0
2008,Pakistan,0,0.0210226210832648,0
2008,Peru,0,0.0363417853270541,0
2008,Philippines,0,0.375362478767269,0
2008,Qatar,0,1.89459833218463,0
2008,Republic of TÃ¼rkiye,6.20913173861654e-06,0,1.00725573967234e-05
2008,Romania,0.105062550257079,2.24079419965282,0.170434226919197
2008,Russian Federation,0,35.1392610564758,0
2008,Samoa,0,0.108013277307833,0
2008,San Marino,0,0.0430232915946631,0
2008,Saudi Arabia,0,624.517413783513,0
2008,Senegal,0,0.439638848513771,0
2008,Serbia and Montenegro (until 2006-2009),0,0,0
2008,Singapore,0,7.41025113566974,0
2008,South Africa,0,1.22835539803229,0
2008,Sri Lanka,0,1.22709862143935,0
2008,Syrian Arab Republic,0,0.00508495943234112,0
2008,Tajikistan,0,0.102614693726825,0
2008,"Tanzania, United Republic of",0,0.142574729363282,0
2008,Thailand,0,37.0585594940997,0
2008,Tonga,0,0.0607831409870623,0
2008,Trinidad and Tobago,0,0.0182793458124421,0
2008,Tunisia,0,0.0038355432433037,0
2008,Turkey,0,5.2828806303948,0
2008,Turkmenistan,0,0,0
2008,Ukraine,0,0,0
2008,United Arab Emirates,0,97.1171822610567,0
2008,Uzbekistan,0,0.367001746602863,0
2008,"Venezuela, Bolivarian Republic of",0,0.471156807594447,0
2008,Viet Nam,0,0.40408145421921,0
2008,occupied Palestinian territory,0,0.039565542924131,0
2009,Afghanistan,0,0.146672350624811,0
2009,Albania,0,0.00344847858531042,0
2009,Algeria,0,0.0663898178753839,0
2009,Andorra,0,0.20974351549256,0
2009,Antigua and Barbuda,0,0.00571935405887429,0
2009,Argentina,0,0.0352628660546879,0
2009,Armenia,0,0.00316912992312184,0
2009,Azerbaijan,0,0.0152617511266965,0
2009,Bahamas,0,0.027075155969314,0
2009,Barbados,0,0.00118936096641141,0
2009,Belarus,0,1.09337338884469,0
2009,Belize,0,0,0
2009,Benin,0,0.00146172312400526,0
2009,Bhutan,0,0.0017409875902805,0
2009,Bosnia and Herzegovina,0,0.0762793722646131,0
2009,Botswana,0,0.481425758510706,0
2009,Brazil,0,1.30762078891395,0
2009,Brunei Darussalam,0,0.230052767004235,0
2009,Bulgaria,0,0.204355583052445,0
2009,Cambodia,0,0.00197257189885001,0
2009,Chile,0,0.352020331821288,0
2009,China,0,1.43888063291416,0
2009,Colombia,0,0.205274425188668,0
2009,Congo,0,0.00255786547287697,0
2009,Costa Rica,0,0.0409598632406708,0
2009,Croatia,0,0.0211708904642041,0
2009,Cyprus,0.00996366242639339,0.457711086848204,0.0261388507932506
2009,"DAC Countries, Total",7.74361085003983,0,20.3147276521546
2009,"DAC EU Members + EC, Total",6.60000691549473,0,17.3145765699115
2009,"DAC EU Members, Total",6.60000691549473,0,17.3145765699115
2009,Egypt,0,0.393205883893427,0
2009,El Salvador,0,0.00237793865617905,0
2009,Estonia,0,1.16938762623177,0
2009,"G7 Countries, Total",5.24439546951405,0,13.758241177993
2009,Georgia,0,0.0139651283221587,0
2009,Ghana,0,0.0103961238590181,0
2009,Guatemala,0,0.0536034689203272,0
2009,Guyana,0,0.00125007123010251,0
2009,Haiti,0,0.00169271349687783,0
2009,Holy See (Vatican City State),0,0.0672361042087488,0
2009,Hong Kong,0,5.20908634075387,0
2009,India,0,14.5085251724214,0
2009,Indonesia,0,0.337864263359238,0
2009,"Iran, Islamic Republic of",0,0,0
2009,Iraq,0,0.0804935356804404,0
2009,Israel,0,0.428222521230657,0
2009,Jamaica,0,0.00603488067570537,0
2009,Jordan,0,1.00948857613199,0
2009,Kazakhstan,0,12.1772909242598,0
2009,Kenya,0,0.0146770915846996,0
2009,Kuwait,0,37.8953659582087,0
2009,Kyrgyzstan,0,0.164272154233489,0
2009,Lao People's Democratic Republic,0,0.00671067340900982,0
2009,Latvia,0.0106795991916093,0.0171145912104658,0.0280170521495922
2009,Lebanon,0,0.0230143392252207,0
2009,Libya,0,0,0
2009,Liechtenstein,0,2.75800712236228,0
2009,Lithuania,0.0169048346756987,0.0363284302420905,0.0443484466216107
2009,Madagascar,0,0.00633990400740067,0
2009,Malaysia,0,0.350368605253207,0
2009,Malta,0,0.0351910455827394,0
2009,Mauritius,0,0.0167059267941089,0
2009,Mexico,0,0.468152001281861,0
2009,"Moldova, Republic of",0,0.0154906750753427,0
2009,Monaco,0,0.872080645920801,0
2009,Montenegro,0,0.00666879157775572,0
2009,Morocco,0,0.00467465377431356,0
2009,Mozambique,0,0.00247075624516755,0
2009,Myanmar,0,0.0807537109710074,0
2009,Namibia,0,0.00995791788861779,0
2009,Nicaragua,0,0.0858548859801939,0
2009,"Non-DAC Countries, Total",0.105245455950335,0,0.276102817621173
2009,"North Macedonia, Republic of",0,0.00826712943151671,0
2009,Oman,0,2.04578147177936,0
2009,Pakistan,0,0.0267289529037112,0
2009,Panama,0,0.0340290106116893,0
2009,Peru,0,0.0679502163266883,0
2009,Philippines,0,0.204286313587519,0
2009,Qatar,0,13.3776642477228,0
2009,Republic of TÃ¼rkiye,0,0,0
2009,Romania,0.0676973596566334,0.158561233708578,0.177598468056719
2009,Russian Federation,0,31.2592898506943,0
2009,Saint Lucia,0,0.126333799846939,0
2009,Samoa,0,0.00232114590433572,0
2009,San Marino,0,0.144923077033752,0
2009,Saudi Arabia,0,174.351478546677,0
2009,Serbia,0,0.0319474008950291,0
2009,Singapore,0,0.377046170198461,0
2009,South Africa,0,1.26368728145401,0
2009,Sri Lanka,0,0.0365616523214842,0
2009,Syrian Arab Republic,0,0.00521970811793535,0
2009,Tajikistan,0,0.000445109630998221,0
2009,Thailand,0,0.345309219933705,0
2009,Timor-Leste,0,0.00235889060456976,0
2009,Trinidad and Tobago,0,0.0251094057238532,0
2009,Tunisia,0,0.0814108730269196,0
2009,Turkey,0,2.99092908251608,0
2009,Tuvalu,0,0.00132031588606896,0
2009,Ukraine,0,0.772191674862294,0
2009,United Arab Emirates,0,368.455355039386,0
2009,Uzbekistan,0,0.117313433472332,0
2009,"Venezuela, Bolivarian Republic of",0,0.149859968461167,0
2009,Viet Nam,0,0.288268375290376,0
2010,Afghanistan,0,1.10231567921744,0
2010,Algeria,0,7.74531637402581,0
2010,Andorra,0,0.272772866286864,0
2010,Antigua and Barbuda,0,0.0473614276012395,0
2010,Argentina,0,0.0491892268011912,0
2010,Armenia,0,0.102188946784379,0
2010,Azerbaijan,0,1.96592773466866,0
2010,Bahamas,0,0.0131184438765105,0
2010,Bahrain,0,5.46419223547183,0
2010,Bangladesh,0,2.9802060881462,0
2010,Barbados,0,0,0
2010,Belarus,0,1.37660456938737,0
2010,Benin,0,0.152663173144187,0
2010,Bhutan,0,0.00163497028163777,0
2010,"Bolivia, Plurinational State of",0,0,0
2010,Bosnia and Herzegovina,0,0.0732405312430589,0
2010,Botswana,0,0.213818901168077,0
2010,Brazil,0,16.5838077109816,0
2010,Brunei Darussalam,0,0.044531688401519,0
2010,Bulgaria,0.000320083451396302,0.426798948444355,0.0409105659392759
2010,Burkina Faso,0,0.20390849693682,0
2010,Burundi,0,0.206394350790864,0
2010,Cambodia,0,0.0746599291221341,0
2010,Central African Republic,0,0.255915600292491,0
2010,Chad,0,0.418624996363971,0
2010,Chile,0,0.03769112292182,0
2010,China,0,47.8061444898022,0
2010,Colombia,0,0.0745458987123172,0
2010,Congo,0,0.920003087382021,0
2010,"Congo, The Democratic Republic of the",0,3.25903470250827,0
2010,Costa Rica,0,0.01327922375305,0
2010,Croatia,0,0.542639405601458,0
2010,Cuba,0,0.625383998888211,0
2010,Cyprus,0.000166530727395316,0.27800682613687,0.0212846564678738
2010,"DAC Countries, Total",0.161744533796246,0,20.6729225966638
2010,"DAC EU Members + EC, Total",0.13682314729945,0,17.4876656859184
2010,"DAC EU Members, Total",0.13682314729945,0,17.4876656859184
2010,Djibouti,0,0.00495205720902753,0
2010,Dominican Republic,0,0,0
2010,Ecuador,0,0,0
2010,Egypt,0,2.23190267338819,0
2010,El Salvador,0,0,0
2010,Equatorial Guinea,0,1.68992249477357,0
2010,Estonia,0.000154994879980469,1.65475533968697,0.0198102345811071
2010,"G7 Countries, Total",0.109522397998448,0,13.9982972115468
2010,Gabon,0,0.783309910627909,0
2010,Gambia,0,0.973511569689908,0
2010,Georgia,0,0.163660756479137,0
2010,Ghana,0,2.68427253543106,0
2010,Grenada,0,0.115546697873413,0
2010,Guyana,0,0.976201062678225,0
2010,Holy See (Vatican City State),0,0.00514719340648733,0
2010,Hong Kong,0,0.502901958450117,0
2010,India,0,34.4747280133868,0
2010,Indonesia,0,6.19739069216015,0
2010,"Iran, Islamic Republic of",0,25.8777630006104,0
2010,Iraq,0,1.41736790937227,0
2010,Israel,0,0.181690495672878,0
2010,Jamaica,0,0,0
2010,Jordan,0,0,0
2010,Kazakhstan,0,20.3964236384222,0
2010,Kenya,0,0.00297974450345833,0
2010,Kuwait,0,8.9296317421097,0
2010,Kyrgyzstan,0,0.109651866561921,0
2010,Latvia,0.000174288383773095,0.0624533425663337,0.0222761794953621
2010,Lebanon,0,0.00191309707199929,0
2010,Liberia,0,0.0625211004740995,0
2010,Liechtenstein,0,0.89379778177235,0
2010,Lithuania,0.000255233008391017,0.529634796092406,0.0326218889921065
2010,Madagascar,0,0.00740904499932087,0
2010,Malawi,0,0,0
2010,Malaysia,0,0.969863668462084,0
2010,Malta,0,0.239149384575812,0
2010,Mauritius,0,0.744639020068178,0
2010,Mexico,0,9.62156710476074,0
2010,"Moldova, Republic of",0,0.129309459258927,0
2010,Monaco,0,0.778983456208562,0
2010,Mongolia,0,0.0197836330911407,0
2010,Montenegro,0,0.00527818820422645,0
2010,Morocco,0,2.90666366348221,0
2010,Mozambique,0,0.00317738079325622,0
2010,Myanmar,0,0.0114797020929266,0
2010,Namibia,0,0.00160783158072255,0
2010,Nepal,0,0.158934460863367,0
2010,Nicaragua,0,0,0
2010,Nigeria,0,2.27991121543275,0
2010,"Non-DAC Countries, Total",0.00209166177092743,0,0.267339865366054
2010,"North Macedonia, Republic of",0,0.143897590722154,0
2010,Oman,0,4.34597868482429,0
2010,Pakistan,0,0.019922873733492,0
2010,Panama,0,0.00778683299042901,0
2010,Paraguay,0,0,0
2010,Peru,0,0.545827971223618,0
2010,Philippines,0,0.0885588820770016,0
2010,Puerto Rico (United States),0,0.0013243236358923,0
2010,Qatar,0,1.82832709880052,0
2010,Republic of TÃ¼rkiye,0,0,0
2010,Romania,0.00102053131999123,0.314363017504435,0.130436339890328
2010,Russian Federation,0,34.7109715699816,0
2010,Saint Lucia,0,0.222891384671823,0
2010,Saint Vincent and the Grenadines,0,0.109899328065455,0
2010,San Marino,0,0.0963835993519434,0
2010,Saudi Arabia,0,316.425334762591,0
2010,Senegal,0,0.975682408957137,0
2010,Serbia,0,0.114359338600044,0
2010,Sierra Leone,0,0.112553365513254,0
2010,Singapore,0,0.281206969283838,0
2010,South Africa,0,0.597581627281422,0
2010,Sri Lanka,0,0.0350994234977856,0
2010,Sudan,0,1.67672104021976,0
2010,Suriname,0,0.660501320877843,0
2010,Syrian Arab Republic,0,0.00514719340648733,0
2010,Tajikistan,0,0.0602345508424077,0
2010,Thailand,0,13.8074569897006,0
2010,Timor-Leste,0,0.886783958682453,0
2010,Total DAC,0,0.0991740636788353,0
2010,Trinidad and Tobago,0,1.15077278474209,0
2010,Tunisia,0,0.832877009523125,0
2010,Turkey,0,34.168149056825,0
2010,Turkmenistan,0,0.58396351860971,0
2010,Uganda,0,0.0978962041455722,0
2010,Ukraine,0,1.20132916817743,0
2010,United Arab Emirates,0,105.695665356076,0
2010,Uruguay,0,0,0
2010,Uzbekistan,0,0.155782642363527,0
2010,"Venezuela, Bolivarian Republic of",0,0.000635099370502106,0
2010,Viet Nam,0,0.381676622703606,0
2010,"Virgin Islands, British",0,0.0823550945037973,0
2010,Yemen,0,0,0
2011,Afghanistan,0,0.00281174281142941,0
2011,Albania,0,0.0039134225683703,0
2011,Algeria,0,10.171272490505,0
2011,Andorra,0,0.153381323100538,0
2011,Angola,0,1.23288030671969,0
2011,Argentina,0,0.0900994994352807,0
2011,Armenia,0,0.0046517748947932,0
2011,Azerbaijan,0,0.659877270648903,0
2011,Bangladesh,0,0.0141849250873733,0
2011,Belarus,0,0.640547493701329,0
2011,Bhutan,0,0.00148171624588691,0
2011,Botswana,0,0.0815358362109697,0
2011,Brazil,0,12.9755042537377,0
2011,Brunei Darussalam,0,0.0724330263634278,0
2011,Bulgaria,0.0436960256052527,0.201769025065051,0.0816741088856579
2011,Chile,0,0.145049046985138,0
2011,China,0,97.6101133153933,0
2011,Colombia,0,0.0067514322810445,0
2011,Congo,0,0.415752253549628,0
2011,Croatia,0,0.927982037276308,0
2011,Cuba,0,0,0
2011,Cyprus,0.0209840373472243,0.40866882728877,0.039222160995619
2011,Côte d'Ivoire,0,0.00450710371976319,0
2011,"DAC Countries, Total",16.6331403067323,0,31.0897133939608
2011,"DAC EU Members + EC, Total",14.2153513404008,0,26.570520708506
2011,"DAC EU Members, Total",14.2153513404008,0,26.570520708506
2011,Ecuador,0,0.00572584471695461,0
2011,Egypt,0,0.0258455091274961,0
2011,Estonia,0.0209695500359704,1.53537558739418,0.0391950821430135
2011,Faroe Islands,0,0.0269238269845064,0
2011,"G7 Countries, Total",10.9568188432007,0,20.4798583588442
2011,Georgia,0,0.0716026379014218,0
2011,Guyana,0,0.0886486170930256,0
2011,Holy See (Vatican City State),0,6.8377199479374,0
2011,India,0,17.7918915637894,0
2011,Indonesia,0,0.867385651307145,0
2011,"Iran, Islamic Republic of",0,0.0579271008096975,0
2011,Israel,0,0.186508948710454,0
2011,Kazakhstan,0,7.64557675042644,0
2011,Kuwait,0,9.43273782477699,0
2011,Kyrgyzstan,0,0.118922992578673,0
2011,Lao People's Democratic Republic,0,0.127027865699928,0
2011,Latvia,0.0213494786248582,0.188402287234571,0.0399052229054233
2011,Liechtenstein,0,3.02477115841519,0
2011,Lithuania,0.0346724656132161,0.15185888020969,0.0648077872667583
2011,Malaysia,0,0.0794590576963421,0
2011,Maldives,0,0.124137429780642,0
2011,Malta,0,1.57906147330408,0
2011,Mexico,0,1.03533413536596,0
2011,"Moldova, Republic of",0,0.0128270103277701,0
2011,Monaco,0,0.606005483593471,0
2011,Mongolia,0,0.800786577924885,0
2011,Montenegro,0,0.144759914476107,0
2011,Morocco,0,0.00468066220113739,0
2011,Myanmar,0,0.0940765231761488,0
2011,Namibia,0,1.32666266453227,0
2011,Nepal,0,0,0
2011,Nigeria,0,0.0850906849133117,0
2011,"Non-DAC Countries, Total",0.30420108134036,0,0.568595241704105
2011,Pakistan,0,0,0
2011,Philippines,0,0.010228142904331,0
2011,Qatar,0,12.1814261853493,0
2011,Republic of TÃ¼rkiye,1.5116166903208e-05,0,2.82542735748942e-05
2011,Romania,0.162514407946935,0.350301337644482,0.303762625234058
2011,Russian Federation,0,22.7391971583329,0
2011,Saint Lucia,0,0.000591568086880825,0
2011,Samoa,0,0.0997764723440745,0
2011,San Marino,0,0.0588317342714372,0
2011,Saudi Arabia,0,196.811596821301,0
2011,Serbia,0,0.00184384646723434,0
2011,Singapore,0,0.104615625995052,0
2011,South Africa,0,1.55568005854113,0
2011,Sri Lanka,0,0.00902031430472791,0
2011,Sudan,0,2.24993537593661,0
2011,Tajikistan,0,0.0838410529890691,0
2011,"Tanzania, United Republic of",0,0.00425314793901975,0
2011,Thailand,0,0.306275191746124,0
2011,Timor-Leste,0,0.784404624569537,0
2011,Tonga,0,0.113228258699299,0
2011,Turkey,0,36.8461126778938,0
2011,United Arab Emirates,0,158.69088672426,0
2011,Uzbekistan,0,0.121918336171599,0
2011,"Venezuela, Bolivarian Republic of",0,0.149063333902825,0
2011,Viet Nam,0,0.245868657019117,0
2012,Afghanistan,0,0.00168156370120389,0
2012,Albania,0,0.0519261535419993,0
2012,Andorra,0,0.0645713166464439,0
2012,Argentina,0,0.0989399115874377,0
2012,Armenia,0,0.0913875900482429,0
2012,Azerbaijan,0,0.586854401277154,0
2012,Bangladesh,0,0.0495628042770335,0
2012,Belarus,0,0.908148550386421,0
2012,Bhutan,0,0.00151027624290808,0
2012,Botswana,0,0.0813823174555419,0
2012,Brazil,0,32.8492734831658,0
2012,Brunei Darussalam,0,0.100134675435719,0
2012,Bulgaria,0.00979551761266235,0.28148694953219,0.0781221075369123
2012,Chile,0,0.0516694583289931,0
2012,China,0,29.1029642125916,0
2012,Colombia,0,0.0950923857406641,0
2012,Croatia,0,0.360553732053811,0
2012,Cuba,0,0.270893380955031,0
2012,Cyprus,0.00453433185644456,0.112698847075492,0.0361626179344831
2012,"DAC Countries, Total",3.74303107573704,0,29.8517636101986
2012,"DAC EU Members + EC, Total",3.17199171599946,0,25.2975583059723
2012,"DAC EU Members, Total",3.17199171599946,0,25.2975583059723
2012,Djibouti,0,0.00113022034435367,0
2012,Egypt,0,0.866868344919185,0
2012,Estonia,0.0036579098167582,1.35603881273283,0.0291728967640989
2012,"G7 Countries, Total",2.47162385542148,0,19.7119205190785
2012,Ghana,0,0.0126371051121944,0
2012,Guyana,0,0.00163899913971999,0
2012,Holy See (Vatican City State),0,0.0148801092528288,0
2012,India,0,2.70319355633054,0
2012,Indonesia,0,1.82806137260545,0
2012,"Iran, Islamic Republic of",0,0,0
2012,Israel,0,0.258010290139383,0
2012,Kazakhstan,0,0.310363867753369,0
2012,Kuwait,0,7.53121226196686,0
2012,Latvia,0.00547186653771653,0.0567187789228657,0.0436397302307477
2012,Liechtenstein,0,2.90347834193636,0
2012,Lithuania,0.00857847668380068,0.0475448867237462,0.068415851463374
2012,Malaysia,0,0.0397065504976011,0
2012,Malta,0.00174444967869521,0.0567357097597004,0.0139124945490981
2012,Mauritius,0,0.0429778000526423,0
2012,Mexico,0,0.583542189806418,0
2012,"Moldova, Republic of",0,0.00217971752831891,0
2012,Monaco,0,0.366329441666257,0
2012,Montenegro,0,0.00537126108394391,0
2012,Morocco,0,0.397912082365858,0
2012,Mozambique,0,0.0670941630748123,0
2012,Myanmar,0,0.00832236463778379,0
2012,"Non-DAC Countries, Total",0.0659187783577701,0,0.525721467226064
2012,Oman,0,9.77887252251918,0
2012,Pakistan,0,0.0088575391672536,0
2012,Peru,0,0.00472564001086166,0
2012,Qatar,0,70.2467189626604,0
2012,Republic of TÃ¼rkiye,0,0,0
2012,Romania,0.0321362261716926,0.444969280639564,0.25629576874735
2012,Russian Federation,0,37.2321663563521,0
2012,San Marino,0,0.0261793732917347,0
2012,Saudi Arabia,0,355.790546541639,0
2012,Singapore,0,0.0670547935461676,0
2012,South Africa,0,0.612282113386008,0
2012,Sri Lanka,0,3.76803374035639,0
2012,Tajikistan,0,0.00125670885006364,0
2012,"Tanzania, United Republic of",0,0.228680109319192,0
2012,Thailand,0,0.0218808361068244,0
2012,Turkey,0,5.53587323593862,0
2012,Ukraine,0,0.122013336549584,0
2012,United Arab Emirates,0,33.9193252655624,0
2012,Uruguay,0,0.00477547793171803,0
2012,Viet Nam,0,0.0108426106920392,0
2012,Zambia,0,0.0487330940276846,0
2013,Afghanistan,0,0.0017879641808629,0
2013,Algeria,0,1.28791946617247,0
2013,Andorra,0,0.104909664727134,0
2013,Argentina,0,0.121666289422619,0
2013,Armenia,0,0.00469998761697603,0
2013,Azerbaijan,0,0.0800098913357791,0
2013,Bahrain,0,6.86848989772482,0
2013,Belarus,0,0.442446762673281,0
2013,Botswana,0,0,0
2013,Brazil,0,1.1806710250923,0
2013,Bulgaria,0.0691116648041436,0.297106470537739,0.0967187477222083
2013,Chile,0,0.116039236493129,0
2013,China,0,4.85672190792814,0
2013,Colombia,0,0.356596191041099,0
2013,Croatia,0.0299197962821179,0.411850410082047,0.0418714443749954
2013,Cyprus,0.031471948754638,0.038867428096874,0.0440436137742063
2013,"DAC Countries, Total",25.5448057677572,0,35.7488367798137
2013,"DAC EU Members + EC, Total",21.6666611068288,0,30.3215431940849
2013,"DAC EU Members, Total",21.6666611068288,0,30.3215431940849
2013,Djibouti,0,0.00110367648613417,0
2013,Egypt,0,0,0
2013,Estonia,0.0334556266276154,2.45013239154966,0.0468196840700432
2013,Faroe Islands,0,0.0347699235778849,0
2013,"G7 Countries, Total",16.8699393920957,0,23.6087412562983
2013,Georgia,0,0.0385475432251846,0
2013,Guyana,0,0.00164702432062124,0
2013,Holy See (Vatican City State),0,0.00997902694311192,0
2013,India,0,2.74328041755834,0
2013,Indonesia,0,1.49492312562943,0
2013,Kazakhstan,0,0.540293598421743,0
2013,Kuwait,0,213.82815301178,0
2013,Lao People's Democratic Republic,0,0.0322525734565079,0
2013,Latvia,0.0384561961359384,0.106335145296696,0.0538177620661887
2013,Lebanon,0,0.0297295516596655,0
2013,Liechtenstein,0,2.60634321295855,0
2013,Lithuania,0.0598451783303917,0.072006072702039,0.083750705785063
2013,Malta,0.0122538409006153,0.0995331280076248,0.017148713607947
2013,Mexico,0,0.29534093322617,0
2013,Monaco,0,0.480747606205972,0
2013,Mongolia,0,0.0166172732745615,0
2013,Montenegro,0,0.00814979611351025,0
2013,Morocco,0,0.00478283252750533,0
2013,Mozambique,0,0.0012808963386636,0
2013,Myanmar,0,0.00869916334188493,0
2013,Namibia,0,0.000869112005661036,0
2013,"Non-DAC Countries, Total",0.496050809174904,0,0.694201379838681
2013,Oman,0,16.1009509470163,0
2013,Pakistan,0,0.00888413255222147,0
2013,Peru,0,0.0238685382007426,0
2013,Qatar,0,72.2149732884182,0
2013,Republic of TÃ¼rkiye,0.000170912971135572,0,0.000239185216917584
2013,Romania,0.221365644368309,0.322710788647638,0.309791523221112
2013,Russian Federation,0,21.0409577702902,0
2013,Saudi Arabia,0,253.575451284141,0
2013,Serbia,0,0.00671552998122526,0
2013,Singapore,0,0.067445173678058,0
2013,South Africa,0,0.326230326085984,0
2013,Sri Lanka,0,0.0313158089799062,0
2013,Thailand,0,0.225209806486049,0
2013,Turkey,0,3.13337123912463,0
2013,United Arab Emirates,0,72.9978690660492,0
2013,Uruguay,0,0.00445272648206306,0
2013,Viet Nam,0,0.0105001315496579,0
2014,Algeria,0,0.00655753132306329,0
2014,Andorra,0,0.103531186528382,0
2014,Argentina,0,0.178983216258206,0
2014,Armenia,0,0.0979527713981728,0
2014,Azerbaijan,0,0.482865207388013,0
2014,Bahrain,0,10.7598387722161,0
2014,Belarus,0,0.514677575750028,0
2014,"Bolivia, Plurinational State of",0,1.00175089785902,0
2014,Botswana,0,0.0532050710941166,0
2014,Brazil,0,9.82769803649157,0
2014,Brunei Darussalam,0,0.746597749829697,0
2014,Bulgaria,0.10018768330247,0.212222552682302,0.162359179987534
2014,Chile,0,0.659002024009986,0
2014,China,0,54.1663911935557,0
2014,Colombia,0,0.406324958165568,0
2014,Costa Rica,0,0.00528382019459917,0
2014,Croatia,0.0857485897566115,0.535150356649526,0.138959902645316
2014,Cuba,0,0,0
2014,Cyprus,0.0373548720343517,0.0272610720667848,0.060535448990536
2014,"DAC Countries, Total",30.7471994551732,0,49.8273832261777
2014,"DAC EU Members + EC, Total",26.5351201878418,0,43.0014969161629
2014,"DAC EU Members, Total",26.5351201878418,0,43.0014969161629
2014,Ecuador,0,1.33501493398521,0
2014,Estonia,0.0399356594934747,4.20981962796356,0.0647177448753534
2014,Faroe Islands,0,0.0331555778432839,0
2014,"G7 Countries, Total",20.2485794436115,0,32.8138414424856
2014,Georgia,0,0.0196308615586118,0
2014,Guyana,0,0.0873454553358438,0
2014,Holy See (Vatican City State),0,0.201313092065738,0
2014,Hong Kong,0,1.03761774899854,0
2014,India,0,13.3714528276002,0
2014,Indonesia,0,2.17044967966718,0
2014,Israel,0,9.79600626885179,0
2014,Kazakhstan,0,3.34312632581852,0
2014,Kuwait,0,249.57060157427,0
2014,Latvia,0.0478714771707309,0.442764966728061,0.0775781365736025
2014,Liechtenstein,0,2.83229693245478,0
2014,Lithuania,0.0883151809095276,0.29264435935626,0.143119192701886
2014,Malaysia,0,1.18866008082908,0
2014,Mali,0,0.0952448610888493,0
2014,Malta,0.0153729669718665,0.4798186274394,0.0249126662006184
2014,Mauritius,0,0.0168014104837832,0
2014,Mexico,0,5.52332259006528,0
2014,Monaco,0,1.01645900994617,0
2014,Mongolia,0,0.00922402775069859,0
2014,Montenegro,0,0.0110856754374479,0
2014,Morocco,0,3.81245278143286,0
2014,Myanmar,0,0.0090771486216285,0
2014,Namibia,0,0.902341262507595,0
2014,"Non-DAC Countries, Total",0.727910487789039,0,1.17961555758263
2014,Oman,0,18.9681559136038,0
2014,Pakistan,0,0.882775255682459,0
2014,Peru,0,0.00456433078499604,0
2014,Philippines,0,3.94990792632881,0
2014,Qatar,0,103.619383825054,0
2014,Republic of TÃ¼rkiye,6.14906577761234e-05,0,9.96487037561771e-05
2014,Romania,0.31306256749223,0.594555750999914,0.507333636904025
2014,Russian Federation,0,26.5512586393754,0
2014,San Marino,0,0.00903974106687031,0
2014,Saudi Arabia,0,802.730072067207,0
2014,Singapore,0,0.636425136235085,0
2014,South Africa,0,1.84930335434522,0
2014,Sri Lanka,0,0.879222217576945,0
2014,Thailand,0,3.21530480554001,0
2014,Togo,0,0.00148001167961934,0
2014,Total DAC,0,0.198965301507944,0
2014,Trinidad and Tobago,0,0.0184736829443153,0
2014,Turkey,0,9.16403995330013,0
2014,United Arab Emirates,0,295.495011610838,0
2014,Uruguay,0,0.212561560402194,0
2014,"Venezuela, Bolivarian Republic of",0,4.83127130551894,0
2014,Viet Nam,0,0.0102071313211806,0
2015,Andorra,0,0.0543487258213754,0
2015,Antigua and Barbuda,0,0.105113117339299,0
2015,Armenia,0,0.00529859347000238,0
2015,Azerbaijan,0,1.92578310193418,0
2015,Bahrain,0,0.0522938704770673,0
2015,Bangladesh,0,0.968721426329492,0
2015,Barbados,0,0,0
2015,Belarus,0,1.14958625123041,0
2015,Bhutan,0,1.06186628942431,0
2015,Brazil,0,5.82896059843526,0
2015,Bulgaria,0.314406113509725,0.430448724614587,0.118610943865296
2015,Chile,0,0.439130353695607,0
2015,China,0,37.1429434336441,0
2015,Colombia,0,0.212835282863245,0
2015,Croatia,0.238666566195673,0.0544643772823054,0.090037901520265
2015,Cuba,0,0,0
2015,Cyprus,0.127392629390164,0.0485558093901133,0.0480593708715584
2015,Côte d'Ivoire,0,0.0100278476070731,0
2015,"DAC Countries, Total",109.926405884357,0,41.4701693046433
2015,"DAC EU Members + EC, Total",93.1656075257482,0,35.1470921511547
2015,"DAC EU Members, Total",93.1656075257482,0,35.1470921511547
2015,Djibouti,0,0.00106311813287016,0
2015,Egypt,0,0,0
2015,Estonia,0.136996171879516,4.7954126022569,0.051682345076471
2015,"G7 Countries, Total",71.9680509302638,0,27.1502304891417
2015,Georgia,0,0.0286102551908701,0
2015,Guyana,0,0.00163841197947292,0
2015,Holy See (Vatican City State),0,0.0340337760344494,0
2015,India,0,7.23549646695448,0
2015,Indonesia,0,0.206264010513268,0
2015,"Iran, Islamic Republic of",0,8.06198927217038,0
2015,Israel,0,0,0
2015,Kazakhstan,0,5.90974796135605,0
2015,Kuwait,0,470.592852980607,0
2015,Latvia,0.173144754941335,0.211400306753555,0.0653195403221122
2015,Liechtenstein,0,2.7159453772197,0
2015,Lithuania,0.326887799144047,0.838133727057478,0.123319708900398
2015,Malaysia,0,0.577841182968509,0
2015,Malta,0.0686876144609336,0.269989660308224,0.0259126729188581
2015,Mauritius,0,0.949962117190529,0
2015,Mexico,0,0.252411819341733,0
2015,Monaco,0,1.05940159414485,0
2015,Mongolia,0,0.00982692794601848,0
2015,Morocco,0,1.08400764138966,0
2015,Myanmar,0,0.00983302333643395,0
2015,"Non-DAC Countries, Total",2.33168956800729,0,0.879639067367098
2015,Pakistan,0,0.00821202284222334,0
2015,Peru,0,0.00444390120923205,0
2015,Philippines,0,0.0201784295496802,0
2015,Qatar,0,94.8731899760174,0
2015,Republic of TÃ¼rkiye,0,0,0
2015,Romania,0.945507918485894,1.23651481893375,0.35669658389214
2015,Russian Federation,0,23.3402962392035,0
2015,Saint Lucia,0,0,0
2015,Saint Vincent and the Grenadines,0,0,0
2015,San Marino,0,0.00241295093689777,0
2015,Saudi Arabia,0,572.921997548472,0
2015,Serbia,0,0.00586711356434653,0
2015,Singapore,0,0.184538279091509,0
2015,South Africa,0,0.763876515192777,0
2015,Sri Lanka,0,0,0
2015,Sudan,0,0,0
2015,Thailand,0,18.8546653852265,0
2015,Trinidad and Tobago,0,0.280027719701261,0
2015,Turkey,0,4.83732010030051,0
2015,United Arab Emirates,0,698.929553279547,0
2015,Uruguay,0,0.0049827331296478,0
2015,"Venezuela, Bolivarian Republic of",0,0,0
2015,Viet Nam,0,0.0107401239961744,0
2016,Algeria,0,0.618811699503748,0
2016,Andorra,0,0.0360696444063467,0
2016,Antigua and Barbuda,0,0,0
2016,Argentina,0,0.139379998801158,0
2016,Armenia,0,0.00531244957328547,0
2016,Bangladesh,0,0.00563180104766538,0
2016,Barbados,0,0,0
2016,Belarus,0,1.21384679157639,0
2016,Botswana,0,0.0489603014380213,0
2016,Brazil,0,2.29020827827706,0
2016,Bulgaria,1.70032094994865,0.950932662631607,0.197267743491788
2016,Chile,0,0.0809692864595299,0
2016,China,0,21.1990401555387,0
2016,Croatia,1.40713299426481,0.108205573436693,0.163252679195564
2016,Cyprus,0,0.0257269134987995,0
2016,"DAC Countries, Total",591.494972922959,0,68.6240315975477
2016,"DAC EU Members + EC, Total",506.046305091489,0,58.7104527005739
2016,"DAC EU Members, Total",506.046305091489,0,58.7104527005739
2016,Ecuador,0,0.00258378560627444,0
2016,Egypt,0,1.09406755087281,0
2016,Estonia,0.934057802006092,4.75290609639082,0.108367467270344
2016,French Polynesia,0,0,0
2016,"G7 Countries, Total",385.547909845209,0,44.7304764347206
2016,Georgia,0,0.0969203442414716,0
2016,Guyana,0,0.00162377101599701,0
2016,Holy See (Vatican City State),0,0.0187093633612939,0
2016,Honduras,0,0,0
2016,Hong Kong,0,1.09534469667038,0
2016,India,0,1.58433721927602,0
2016,Indonesia,0,0.200066812190106,0
2016,Iraq,0,0.00560067631669303,0
2016,Jamaica,0,0,0
2016,Kazakhstan,0,1.54008951141903,0
2016,Kuwait,0,337.148139413734,0
2016,Latvia,1.01904315126088,0.0619265297209284,0.118227292897888
2016,Liechtenstein,0,3.16228118477488,0
2016,Lithuania,1.71877629005569,1.55830811820226,0.199408894136553
2016,Malaysia,0,0.0511657171636605,0
2016,Malta,0.375686741356683,0.930145530295064,0.0435864039253613
2016,Mexico,0,4.24830227864308,0
2016,Monaco,0,0.739031612942363,0
2016,Montenegro,0,0.00225272583642628,0
2016,Myanmar,0,0.0109097520573752,0
2016,Nauru,0,0.0799835340306907,0
2016,"Non-DAC Countries, Total",13.0183540995418,0,1.5103626978608
2016,Pakistan,0,0.00834419762172318,0
2016,Papua New Guinea,0,0.138406637826269,0
2016,Peru,0,0.00433605039301895,0
2016,Philippines,0,0.0311916340227684,0
2016,Qatar,0,43.6183142157952,0
2016,Republic of TÃ¼rkiye,0,0,0
2016,Romania,5.86333617064902,0.606529981353657,0.680252216943305
2016,Russian Federation,0,18.7671467784714,0
2016,Saint Lucia,0,0,0
2016,Saudi Arabia,0,505.775865610641,0
2016,Serbia,0,0.658697195750775,0
2016,Singapore,0,0.123401281724469,0
2016,South Africa,0,0.462302956819601,0
2016,Thailand,0,0.139688235430219,0
2016,Tonga,0,0,0
2016,Total DAC,0,0.106910647778822,0
2016,Trinidad and Tobago,0,0,0
2016,Turkey,0,2.80443219024446,0
2016,United Arab Emirates,0,715.120370121568,0
2016,Viet Nam,0,0.0107610204176949,0
2016,"Virgin Islands, British",0,0,0
2017,Algeria,0,0.00893896792333972,0
2017,Andorra,0,0.0666735695026023,0
2017,Argentina,0,0.945295361461108,0
2017,Armenia,0,0.00522573607240693,0
2017,Azerbaijan,0,0.116367846306649,0
2017,Belarus,0,0.357470757837465,0
2017,Bhutan,0,0.00147823369791084,0
2017,"Bolivia, Plurinational State of",0,0,0
2017,Bosnia and Herzegovina,0,0.0317644560985719,0
2017,Botswana,0,0.0956670689202652,0
2017,Brazil,0,2.49209907256172,0
2017,Bulgaria,1.74357564780431,0.535327355979416,0.222797323606469
2017,Chile,0,0.0647827467410483,0
2017,China,0,134.590655795442,0
2017,Colombia,0,0.108029137124361,0
2017,Croatia,1.48486890703952,0,0.189739297409594
2017,Cyprus,0,0.057596662736408,0
2017,Côte d'Ivoire,0,0.0102482885245411,0
2017,"DAC Countries, Total",541.05156648895,0,69.1365706435667
2017,"DAC EU Members + EC, Total",471.082684014478,0,60.1958173297204
2017,"DAC EU Members, Total",471.082684014478,0,60.1958173297204
2017,Ecuador,0,0,0
2017,Estonia,0.752781519809598,5.09840546547228,0.0961918159875629
2017,Faroe Islands,0,0.210023387989467,0
2017,"G7 Countries, Total",346.732232699235,0,44.3060864900053
2017,Holy See (Vatican City State),0,0.01575175409921,0
2017,India,0,0.975970519045768,0
2017,Indonesia,0,0.212235234081823,0
2017,Kazakhstan,0,0.0968874608038292,0
2017,Kuwait,0,158.768618883913,0
2017,Latvia,0.956653009958179,0,0.122242892361546
2017,Liechtenstein,0,2.95768376463599,0
2017,Lithuania,1.61509992979465,0.376528245106495,0.206380458552739
2017,Malaysia,0,1.02221747214868,0
2017,Malta,0.215203960843409,0.771584471875912,0.0274991604555859
2017,Mexico,0,0.385112639404663,0
2017,Monaco,0,0.850668229543139,0
2017,Morocco,0,0,0
2017,Myanmar,0,0.0113154243506703,0
2017,"Non-DAC Countries, Total",13.3763692883618,0,1.70925722710785
2017,Pakistan,0,0.00801355644181723,0
2017,Paraguay,0,0,0
2017,Peru,0,0.0145411275900257,0
2017,Philippines,0,0.107843213510704,0
2017,Qatar,0,62.7319737917099,0
2017,Republic of TÃ¼rkiye,0,0,0
2017,Romania,6.60818631311213,0.127216930323666,0.844406278734354
2017,Russian Federation,0,16.4130134375554,0
2017,San Marino,0,0.00260377613982722,0
2017,Saudi Arabia,0,496.497479892299,0
2017,Singapore,0,0.268251791436627,0
2017,South Africa,0,1.32476681066086,0
2017,Sri Lanka,0,0.0317275859950137,0
2017,Thailand,0,0.621834911366808,0
2017,Turkey,0,19.4270787272356,0
2017,United Arab Emirates,0,276.724336291643,0
2017,"Venezuela, Bolivarian Republic of",0,0,0
2017,Viet Nam,0,0.0104726031345192,0
2018,Algeria,0,0.00878005903213157,0
2018,Andorra,0,0.0236508213318265,0
2018,Argentina,0,0.222865043439151,0
2018,Armenia,0,0.00508785086501095,0
2018,Azerbaijan,0,0.110643271805838,0
2018,Bangladesh,0,0.0105590012326743,0
2018,Belarus,0,0.25905459939419,0
2018,Bhutan,0,0.00150563880793606,0
2018,Brazil,0,0.266468923424457,0
2018,Bulgaria,4.23437833748667,0.677706460528202,0.308726429663054
2018,Chile,0,0.0268050556840684,0
2018,China,0,18.0906943325353,0
2018,Colombia,0,0.0506576217994731,0
2018,Costa Rica,0,0.050487310486143,0
2018,Croatia,4.94092968537311,0,0.360240738877113
2018,Cyprus,1.68339958568227,0.0464911890359364,0.122735830944296
2018,Côte d'Ivoire,0,0.0097415207531858,0
2018,"DAC Countries, Total",1243.4597575196,0,90.6600357294883
2018,"DAC EU Members + EC, Total",1087.05315885348,0,79.256508001592
2018,"DAC EU Members, Total",1087.05315885348,0,79.256508001592
2018,Estonia,1.82831397026839,3.79681471019748,0.133301467029296
2018,"G7 Countries, Total",797.796237890803,0,58.1669290016341
2018,Guyana,0,0.00164714384721315,0
2018,Holy See (Vatican City State),0,0.00506923934495561,0
2018,Indonesia,0,0.217389212100498,0
2018,Iraq,0,0.00837545948678917,0
2018,Israel,0,0,0
2018,Kazakhstan,0,0.478435043489076,0
2018,Kuwait,0,378.265366113427,0
2018,Latvia,2.14355529053847,0.0505638337218253,0.156285555727193
2018,Liechtenstein,0,2.85563533708433,0
2018,Lithuania,4.02510434882278,0.325227036653362,0.293468366686118
2018,Malaysia,0,0.0953197012665485,0
2018,Malta,0.847039968042247,0.252315063701158,0.0617572650040542
2018,Mexico,0,1.15180498968564,0
2018,Monaco,0,0.809155025785421,0
2018,Mongolia,0,0.0100446693053682,0
2018,Montenegro,0,0.011889587683309,0
2018,Myanmar,0,0.0110596192061953,0
2018,"Non-DAC Countries, Total",34.0046339948733,0,2.4792610410593
2018,Philippines,0,0.0651663479807059,0
2018,Qatar,0,45.5372421978074,0
2018,Republic of TÃ¼rkiye,0,0,0
2018,Romania,14.3019128086593,0.121837818016267,1.04274538712817
2018,Russian Federation,0,15.8056109002146,0
2018,Saudi Arabia,0,1519.97702873577,0
2018,Singapore,0,0.0471568476713537,0
2018,South Africa,0,1.4015475291079,0
2018,Sri Lanka,0,0.00465419694678066,0
2018,Thailand,0,0.123804941169747,0
2018,Turkey,0,1.97793411806988,0
2018,United Arab Emirates,0,1899.23185332962,0
2019,Andorra,0,0.0746817128478422,0
2019,Argentina,0,0.148146505212704,0
2019,Armenia,0,0.00500927477468164,0
2019,Azerbaijan,0,0.295725008216372,0
2019,Bangladesh,0,0.0206420849125324,0
2019,Bhutan,0,0.00152147384971228,0
2019,Brazil,0,2.81823557019124,0
2019,Bulgaria,4.01193592176349,0.427791620303724,0.288188527818067
2019,Chile,0,0.0288377247614265,0
2019,China,0,24.258410503147,0
2019,Colombia,0,0.326737739822703,0
2019,Croatia,3.59552284194957,0.0502655769242075,0.258276416863161
2019,Cyprus,0.44808834678564,0.114586744526346,0.0321874335759139
2019,"DAC Countries, Total",1208.45944616054,0,86.8070067688817
2019,"DAC EU Members + EC, Total",1021.48696434625,0,73.376252806873
2019,"DAC EU Members, Total",1021.48696434625,0,73.376252806873
2019,Egypt,0,0.825956615405192,0
2019,Estonia,2.10445212803639,3.62907309695092,0.151168655848277
2019,"G7 Countries, Total",788.794839876354,0,56.6613296142907
2019,Guyana,0,0.00159037801216845,0
2019,India,0,0,0
2019,Indonesia,0,0.212535625441715,0
2019,"Iran, Islamic Republic of",0,0.0331849677934396,0
2019,Isle of Man,0,0.267277378168602,0
2019,Kazakhstan,0,0.00967765682791524,0
2019,Kuwait,0,228.590172493073,0
2019,Latvia,2.04215695771942,0.0112199489212481,0.146693820314032
2019,Liechtenstein,0,2.66842254071396,0
2019,Lithuania,3.99323120080473,0.399267315082974,0.286844915631464
2019,Malaysia,0,0.215120833884092,0
2019,Malta,0.489806895747601,0.281065916419785,0.0351841931061032
2019,"Moldova, Republic of",0,0.00320857017353606,0
2019,Monaco,0,1.21458382245819,0
2019,Mongolia,0,0.00991462712842071,0
2019,Morocco,0,0,0
2019,Myanmar,0,0.0106269399283297,0
2019,"Non-DAC Countries, Total",30.1788344933911,0,2.1678297095265
2019,Oman,0,0.042719239040755,0
2019,Pakistan,0,0.00949491211724422,0
2019,Peru,0,0.00294296253723768,0
2019,Philippines,0,0.0132607953766304,0
2019,Qatar,0,48.3342118803228,0
2019,Republic of TÃ¼rkiye,0,0,0
2019,Romania,13.4936402005842,0.0673439521971687,0.969285746369482
2019,Russian Federation,0,26.3104445648622,0
2019,Saudi Arabia,0,1368.43634273232,0
2019,Singapore,0,0.0383935213301712,0
2019,South Africa,0,0.662884210381296,0
2019,Sri Lanka,0,0.00996532201550481,0
2019,Thailand,0,0.16690397304987,0
2019,Tunisia,0,0.00547672362324804,0
2019,Turkey,0,7.1495783094094,0
2019,Ukraine,0,0.375335938332457,0
2019,United Arab Emirates,0,557.418918302469,0
2019,Viet Nam,0,0.0609910515194986,0
2020,Algeria,0,0,0
2020,Andorra,0,0.052884,0
2020,Armenia,0,0.005,0
2020,Azerbaijan,0,10.025,0
2020,Bangladesh,0,0.02,0
2020,Belarus,0,0.568587,0
2020,Belize,0,0.011221,0
2020,Bhutan,0,0.0015,0
2020,Brazil,0,0.027699,0
2020,Bulgaria,2.24945327095887,0.389354,0.326562382023266
2020,Cambodia,0,0.02,0
2020,China,0,43.358652,0
2020,Colombia,0,0.035,0
2020,Croatia,1.85930124348536,0.82996,0.269922407729137
2020,Cyprus,0.217033406910843,0.245282,0.0315076322119899
2020,"DAC Countries, Total",593.986319095829,0,86.2314366594872
2020,"DAC EU Members + EC, Total",523.396747896256,0,75.9836583150598
2020,"DAC EU Members, Total",523.396747896256,0,75.9836583150598
2020,Estonia,0.989715887367672,2.88062,0.143681125488455
2020,"G7 Countries, Total",377.216763835195,0,54.7621088766247
2020,Guyana,0,0.003,0
2020,Holy See (Vatican City State),0,0.14672,0
2020,Indonesia,0,0.22,0
2020,"Iran, Islamic Republic of",0,0.01,0
2020,Kazakhstan,0,6,0
2020,Kuwait,0,142.408434333333,0
2020,Latvia,1.10803175802475,0.108578,0.160857526995326
2020,Liechtenstein,0,1.053428,0
2020,Lithuania,1.96346276151782,0.720746,0.285043963656965
2020,Malaysia,0,0.1,0
2020,Malta,0.102346857439561,0.762878,0.014858114186925
2020,Monaco,0,1.778864,0
2020,Mongolia,0,0.009982,0
2020,Montenegro,0,0.003325,0
2020,Morocco,0,0.05,0
2020,Myanmar,0,0.01,0
2020,"Non-DAC Countries, Total",16.2219769041705,0,2.35501109862761
2020,Oman,0,0.216262,0
2020,Pakistan,0,0.01,0
2020,Peru,0,0.002936,0
2020,Philippines,0,0.05,0
2020,Qatar,0,65.724653,0
2020,Republic of TÃ¼rkiye,0,0,0
2020,Romania,7.73263171846557,0.418159,1.12257794633554
2020,Russian Federation,0,59.907853,0
2020,Saudi Arabia,0,890.076453,0
2020,Serbia,0,1.103753,0
2020,Singapore,0,0.57,0
2020,South Africa,0,0.085305,0
2020,Sri Lanka,0,0.01,0
2020,Thailand,0,0.112581,0
2020,Timor-Leste,0,0.001786,0
2020,Turkey,0,7.972327,0
2020,Turkmenistan,0,0.1,0
2020,Ukraine,0,0,0
2020,United Arab Emirates,0,399.269639,0
2020,Viet Nam,0,0.06,0
2021,Algeria,0,0.0232771811779357,0
2021,Andorra,0,0.0332797021381886,0
2021,Azerbaijan,0,0.0944391763884232,0
2021,Belarus,0,0.397456397453997,0
2021,Bhutan,0,0.00148490475,0
2021,Brazil,0,0.112646286952297,0
2021,Brunei Darussalam,0,0.0780309780696162,0
2021,Bulgaria,1.78316018185064,0.164394949784787,0.358963957664517
2021,China,0,9.37268711874467,0
2021,Croatia,1.46959653094261,0.18836187637029,0.295841165749735
2021,Cyprus,0,0.126598017668372,0
2021,"DAC Countries, Total",434.649576452293,0,87.4983267059011
2021,"DAC EU Members + EC, Total",385.802837955194,0,77.6650998604448
2021,"DAC EU Members, Total",385.802837955194,0,77.6650998604448
2021,Estonia,0.756305871866403,3.67737881515303,0.152250230648554
2021,Faroe Islands,0,0.0743539892401586,0
2021,"G7 Countries, Total",276.364970383741,0,55.6344093696762
2021,Holy See (Vatican City State),0,0.00950684548722796,0
2021,Israel,0,0.0167799465080465,0
2021,Kazakhstan,0,0.0410211605059168,0
2021,Kuwait,0,18.8963089440067,0
2021,Lao People's Democratic Republic,0,0.00297412338580645,0
2021,Latvia,0.90156817528298,0.0105946763464932,0.181492657585074
2021,Liechtenstein,0,0.421510712474519,0
2021,Lithuania,1.44600597301038,0.222364388237069,0.291092203696267
2021,Malaysia,0,0.131833455144457,0
2021,Maldives,0,0.00485817389022523,0
2021,Malta,0,0.248632097746228,0
2021,Mexico,0,0.0887584621320556,0
2021,Monaco,0,1.14299567403029,0
2021,Montenegro,0,0.00328103210775391,0
2021,Morocco,0,0.0240351859880192,0
2021,Nigeria,0,2.54423131731021,0
2021,"Non-DAC Countries, Total",11.59571101925,0,2.33430645309951
2021,Peru,0,0.00270668024778471,0
2021,Philippines,0,0.0580405494629761,0
2021,Qatar,0,37.849317694543,0
2021,Republic of TÃ¼rkiye,0,0,0
2021,Romania,5.239074286297,0.467617680409358,1.05466623775536
2021,Russian Federation,0,14.2029643681587,0
2021,Saudi Arabia,0,1134.4757629124,0
2021,Singapore,0,0.0666225151400657,0
2021,South Africa,0,0.209900038675222,0
2021,Thailand,0,0.231832253127385,0
2021,Tunisia,0,0.00472724183183956,0
2021,Turkey,0,11.2553956864344,0
2021,Turkmenistan,0,0.0898072972290768,0
2021,United Arab Emirates,0,346.775764324146,0
2021,Uzbekistan,0,0.0971091049875578,0
2021,Viet Nam,0,0.0096761351623089,0
2021,occupied Palestinian territory,0,0.117057221339699,0
