Donor,variable,total_donor_ha,iso3
Afghanistan,2005,0.606362496293208,AFG
Afghanistan,2009,0.146336879437228,AFG
Afghanistan,2010,1.27782621403782,AFG
Afghanistan,2011,0.00286564049010717,AFG
Afghanistan,2012,0.00408473349841538,AFG
Albania,2005,0.674496572264981,ALB
Albania,2008,0.00305237662552443,ALB
Albania,2009,0.00393632575260679,ALB
Albania,2010,0.00470724283195293,ALB
Albania,2011,0.0558380516785273,ALB
Algeria,2001,0,DZA
Algeria,2002,0,DZA
Algeria,2003,12.3501027476834,DZA
Algeria,2005,7.56817256669824,DZA
Algeria,2006,8.17715576488126,DZA
Algeria,2007,0.00907394959767184,DZA
Algeria,2009,0.0709746366076229,DZA
Algeria,2010,8.28839022479134,DZA
Algeria,2011,10.8668992441181,DZA
Algeria,2013,1.37686197999599,DZA
Algeria,2014,0.00701038830338604,DZA
Algeria,2016,0.661546256735684,DZA
Algeria,2017,0.0194216832189303,DZA
Algeria,2020,0,DZA
Algeria,2021,0.024982,DZA
Andorra,2002,0.171723182857978,AND
Andorra,2003,0.199900041808419,AND
Andorra,2004,0.0898666423103991,AND
Andorra,2005,0.244501357470531,AND
Andorra,2006,3.46186904731433,AND
Andorra,2007,0.144541458822566,AND
Andorra,2008,0.0774280026817581,AND
Andorra,2009,0.205888594935292,AND
Andorra,2010,0.313844978225375,AND
Andorra,2011,0.145790041918517,AND
Andorra,2012,0.0684458443141879,AND
Andorra,2013,0.124088260525172,AND
Andorra,2014,0.0841507397220383,AND
Andorra,2015,0.0728532012115938,AND
Andorra,2016,0.038063647159996,AND
Andorra,2017,0.115773419015879,AND
Andorra,2018,0.0185969453999517,AND
Andorra,2019,0.041555890097388,AND
Andorra,2020,0.0178059589454134,AND
Andorra,2021,0.07154,AND
Angola,2000,0,AGO
Angola,2011,1.55772804936965,AGO
Antigua and Barbuda,2006,0.0064388308032874,ATG
Antigua and Barbuda,2007,0.00620775514189434,ATG
Antigua and Barbuda,2008,0.00594864335164751,ATG
Antigua and Barbuda,2009,0.0116851788144319,ATG
Antigua and Barbuda,2010,0.0426272441042716,ATG
Antigua and Barbuda,2015,0.107377997515844,ATG
Antigua and Barbuda,2016,0,ATG
Argentina,2001,0,ARG
Argentina,2002,0,ARG
Argentina,2004,0,ARG
Argentina,2005,0,ARG
Argentina,2006,0,ARG
Argentina,2007,0,ARG
Argentina,2008,0.17473942178987,ARG
Argentina,2009,0.00141338381308426,ARG
Argentina,2010,0.0891867191735503,ARG
Argentina,2011,0.102101609391648,ARG
Argentina,2012,0.106339949432063,ARG
Argentina,2013,0.143484241958785,ARG
Argentina,2014,0.202825482367779,ARG
Argentina,2015,0.0438542016979208,ARG
Argentina,2016,0.0546333429012587,ARG
Argentina,2017,1.11901888974438,ARG
Argentina,2018,0.252418001465132,ARG
Argentina,2019,0.16794052352606,ARG
Argentina,2022,0.0181930743360082,ARG
Armenia,2001,0,ARM
Armenia,2006,0.0796801328041578,ARM
Armenia,2007,0.00540031138170354,ARM
Armenia,2009,0.00328093830705208,ARM
Armenia,2010,0.105794220557516,ARM
Armenia,2011,0.00481589168584031,ARM
Armenia,2012,0.0946117869106134,ARM
Armenia,2013,0.00486580537538102,ARM
Armenia,2014,0.00482898052024022,ARM
Armenia,2015,0.115196136772499,ARM
Armenia,2016,0.00549987527557882,ARM
Armenia,2017,0.005410102481887,ARM
Armenia,2018,0.00526735261997043,ARM
Armenia,2019,0.00518600432847286,ARM
Armenia,2020,0.00518727818949969,ARM
Australia,2000,201.39,AUS
Australia,2001,154.253452362549,AUS
Australia,2002,249.02,AUS
Australia,2003,284.98,AUS
Australia,2004,280.61,AUS
Australia,2005,430.42,AUS
Australia,2006,285.18,AUS
Australia,2007,194.059942180486,AUS
Australia,2008,365.330251792709,AUS
Australia,2009,408.805914840608,AUS
Australia,2010,374.846335820928,AUS
Australia,2011,443.535277937968,AUS
Australia,2012,400.201100080462,AUS
Australia,2013,307.884288386432,AUS
Australia,2014,343.965652170123,AUS
Australia,2015,353.31592051581,AUS
Australia,2016,248.647452239848,AUS
Australia,2017,279.178087302668,AUS
Australia,2018,255.641463555195,AUS
Australia,2019,292.55257848799,AUS
Australia,2020,304.000163684324,AUS
Australia,2021,376.708935688366,AUS
Australia,2022,437.041155492335,AUS
Austria,2000,76.7424297733367,AUT
Austria,2001,72.3479889001688,AUT
Austria,2002,73.721273948312,AUT
Austria,2003,82.8795278833804,AUT
Austria,2004,108.900527600274,AUT
Austria,2005,152.797599915165,AUT
Austria,2006,67.6147998286387,AUT
Austria,2007,59.3432763399384,AUT
Austria,2008,95.5672142977724,AUT
Austria,2009,80.6641558921191,AUT
Austria,2010,73.9244665788764,AUT
Austria,2011,71.2987838374457,AUT
Austria,2012,69.2426848148698,AUT
Austria,2013,70.2648824932189,AUT
Austria,2014,80.7244072312411,AUT
Austria,2015,79.5462914507114,AUT
Austria,2016,132.276879194469,AUT
Austria,2017,144.281964715395,AUT
Austria,2018,100.587874548197,AUT
Austria,2019,120.498809879847,AUT
Austria,2020,150.46818660427,AUT
Austria,2021,209.98963080957,AUT
Austria,2022,285.278590130623,AUT
Azerbaijan,2005,2.76270158303187,AZE
Azerbaijan,2006,1.61921834299868,AZE
Azerbaijan,2007,0.080682927509758,AZE
Azerbaijan,2008,0.482256703489912,AZE
Azerbaijan,2009,0.00809430205054401,AZE
Azerbaijan,2010,2.39352730843163,AZE
Azerbaijan,2011,0.793127253065181,AZE
Azerbaijan,2012,0.711771121320321,AZE
Azerbaijan,2013,0.235848607105518,AZE
Azerbaijan,2014,0.445003383599483,AZE
Azerbaijan,2015,2.33570165768607,AZE
Azerbaijan,2017,0.187138535711863,AZE
Azerbaijan,2018,0.111828824816404,AZE
Azerbaijan,2019,0.358672475221363,AZE
Azerbaijan,2020,12.1459471657762,AZE
Azerbaijan,2021,0.113335,AZE
Azerbaijan,2022,0.0408832847824221,AZE
Bahamas,2000,0,BHS
Bahamas,2002,0.00651407899486041,BHS
Bahamas,2007,0.0583568233154328,BHS
Bahamas,2009,0.0300963100401459,BHS
Bahamas,2010,0.0145822522536596,BHS
Bahrain,2005,0,BHR
Bahrain,2006,6.55461041200819,BHR
Bahrain,2010,5.99507605855509,BHR
Bahrain,2013,7.53581088838137,BHR
Bahrain,2014,10.7639345880136,BHR
Bahrain,2015,1.2048661659984,BHR
Bangladesh,2001,0,BGD
Bangladesh,2005,0.196204416974272,BGD
Bangladesh,2006,0.0096743184320317,BGD
Bangladesh,2008,0.00860563112678039,BGD
Bangladesh,2010,3.04186759141742,BGD
Bangladesh,2011,0.014474692078491,BGD
Bangladesh,2012,0.0505684359316755,BGD
Bangladesh,2015,0.995201165934721,BGD
Bangladesh,2018,0.0108528848448405,BGD
Bangladesh,2019,0.0214259545464062,BGD
Bangladesh,2020,0.0208212110014781,BGD
Bangladesh,2022,0.0242187552286935,BGD
Barbados,2009,0.00123242830205481,BRB
Barbados,2010,0,BRB
Barbados,2015,0,BRB
Barbados,2016,0,BRB
Belarus,2000,0.317367751640415,BLR
Belarus,2001,0.391046062207017,BLR
Belarus,2002,0.37889771138522,BLR
Belarus,2003,0.507548966677459,BLR
Belarus,2005,0.57737477847505,BLR
Belarus,2006,0.174899445185955,BLR
Belarus,2007,0.0933779856752837,BLR
Belarus,2008,0.552886173915652,BLR
Belarus,2009,1.20788139733146,BLR
Belarus,2010,1.52077512385908,BLR
Belarus,2011,0.707631454764657,BLR
Belarus,2012,1.00325812866579,BLR
Belarus,2013,0.488783812918004,BLR
Belarus,2014,0.568579293875994,BLR
Belarus,2015,1.26998138207521,BLR
Belarus,2016,1.34097187083074,BLR
Belarus,2017,0.394908347767725,BLR
Belarus,2018,0.286185153849437,BLR
Belarus,2020,0.618471078357744,BLR
Belarus,2021,0.42531,BLR
Belgium,2000,92.1804937862981,BEL
Belgium,2001,99.3494612111084,BEL
Belgium,2002,95.9716376176982,BEL
Belgium,2003,209.49511480812,BEL
Belgium,2004,181.063679750878,BEL
Belgium,2005,220.236188177727,BEL
Belgium,2006,179.021470241252,BEL
Belgium,2007,171.988435513462,BEL
Belgium,2008,223.104880867472,BEL
Belgium,2009,210.163311407958,BEL
Belgium,2010,239.869491484322,BEL
Belgium,2011,288.691590027545,BEL
Belgium,2012,194.968656354056,BEL
Belgium,2013,265.933537009781,BEL
Belgium,2014,212.406231984829,BEL
Belgium,2015,287.738915376363,BEL
Belgium,2016,472.430370447991,BEL
Belgium,2017,360.405997250179,BEL
Belgium,2018,350.376457797513,BEL
Belgium,2019,335.094453906858,BEL
Belgium,2020,384.944344381072,BEL
Belgium,2021,390.899546503483,BEL
Belgium,2022,469.102482549517,BEL
Belize,2009,0,BLZ
Belize,2020,0.0116689996821802,BLZ
Benin,2008,0.00149637088755268,BEN
Benin,2010,0.160875804330733,BEN
Bhutan,2007,0.00180635443289424,BTN
Bhutan,2009,0.00178215807927701,BTN
Bhutan,2010,0.00167363369679683,BTN
Bhutan,2011,0.00151765038457499,BTN
Bhutan,2013,0.00157122073957733,BTN
Bhutan,2015,1.05834342717839,BTN
Bhutan,2017,0.00156002435312818,BTN
Bhutan,2018,0.00296208756679159,BTN
Bhutan,2020,0.00156516236232916,BTN
Bhutan,2021,0.003,BTN
"Bolivia, Plurinational State of",2005,0,BOL
"Bolivia, Plurinational State of",2007,0,BOL
"Bolivia, Plurinational State of",2010,0,BOL
"Bolivia, Plurinational State of",2015,1.09257255268436,BOL
"Bolivia, Plurinational State of",2017,0,BOL
Bosnia and Herzegovina,2007,0.00569835171972126,BIH
Bosnia and Herzegovina,2009,0.0825083701787067,BIH
Bosnia and Herzegovina,2010,0.079221376428275,BIH
Bosnia and Herzegovina,2018,0.0319141520903215,BIH
Botswana,2000,0.808674933065491,BWA
Botswana,2003,0.279250380420385,BWA
Botswana,2007,0.0725780871294238,BWA
Botswana,2008,0.480738987938052,BWA
Botswana,2009,0.34945988698968,BWA
Botswana,2010,0.235513298007843,BWA
Botswana,2011,0.0910376250535723,BWA
Botswana,2012,0.0987500652369523,BWA
Botswana,2013,0,BWA
Botswana,2014,0.0593172823436849,BWA
Botswana,2016,0.0545316554498052,BWA
Botswana,2017,0.106343424228405,BWA
Brazil,2000,0.322998982400116,BRA
Brazil,2001,0,BRA
Brazil,2004,0,BRA
Brazil,2005,1.81441105185179,BRA
Brazil,2006,0,BRA
Brazil,2007,0.173465771941259,BRA
Brazil,2008,1.3135464047793,BRA
Brazil,2009,2.87715551825562,BRA
Brazil,2010,19.0802497972029,BRA
Brazil,2011,28.7423892767522,BRA
Brazil,2012,18.4528703978426,BRA
Brazil,2013,1.37601955635822,BRA
Brazil,2014,10.500478409353,BRA
Brazil,2015,6.31430330836959,BRA
Brazil,2016,2.47387249063723,BRA
Brazil,2017,2.69195830298564,BRA
Brazil,2019,3.34404059798257,BRA
Brazil,2020,0.0294678356588511,BRA
Brazil,2021,0.121951,BRA
Brazil,2022,0.198384699583163,BRA
Brunei Darussalam,2002,0.86356245593314,BRN
Brunei Darussalam,2007,0.0513528112938452,BRN
Brunei Darussalam,2008,0.941139943875462,BRN
Brunei Darussalam,2009,0.273640998619671,BRN
Brunei Darussalam,2010,0.103057500859556,BRN
Brunei Darussalam,2011,0.0473150456741286,BRN
Brunei Darussalam,2012,0.118742945154534,BRN
Brunei Darussalam,2014,0.88533982134327,BRN
Brunei Darussalam,2021,0.1,BRN
Brunei Darussalam,2022,0.0579030653601178,BRN
Bulgaria,2000,0,BGR
Bulgaria,2001,0,BGR
Bulgaria,2002,0,BGR
Bulgaria,2003,0,BGR
Bulgaria,2004,0.161566739179791,BGR
Bulgaria,2005,0.435806811935929,BGR
Bulgaria,2006,0.0176316980949498,BGR
Bulgaria,2007,0.00727530664857689,BGR
Bulgaria,2008,0.900505546778945,BGR
Bulgaria,2009,0.217641570396691,BGR
Bulgaria,2010,0.554579053561889,BGR
Bulgaria,2011,0.354646241048365,BGR
Bulgaria,2012,0.400137829129994,BGR
Bulgaria,2013,0.432613945142731,BGR
Bulgaria,2014,0.448161604859663,BGR
Bulgaria,2015,0.616442314751637,BGR
Bulgaria,2016,6.4551581402523,BGR
Bulgaria,2017,1.84663024316474,BGR
Bulgaria,2018,1.84512259464174,BGR
Bulgaria,2019,0.714547366550074,BGR
Bulgaria,2020,0.808919489488253,BGR
Bulgaria,2021,1.86254135288277,BGR
Bulgaria,2022,0.933228463512773,BGR
Burkina Faso,2008,0.552076895810062,BFA
Burkina Faso,2010,0.217029421147346,BFA
Burundi,2000,0.0437592710812605,BDI
Burundi,2010,0.217604157740024,BDI
Cambodia,2005,0.0164885748698344,KHM
Cambodia,2008,0.404713237536061,KHM
Cambodia,2009,0.00202078260867441,KHM
Cambodia,2010,0.0764846576303909,KHM
Cambodia,2020,0.020037791315097,KHM
Cambodia,2021,0.03,KHM
Cameroon,2003,0.0489751041050177,CMR
Canada,2000,403.37,CAN
Canada,2001,427.223173494816,CAN
Canada,2002,390.741978650598,CAN
Canada,2003,434.668114623937,CAN
Canada,2004,466.348284428082,CAN
Canada,2005,487.089051389453,CAN
Canada,2006,311.004663934129,CAN
Canada,2007,345.700981823371,CAN
Canada,2008,429.734900100929,CAN
Canada,2009,403.515994994088,CAN
Canada,2010,555.254428134105,CAN
Canada,2011,498.591475794564,CAN
Canada,2012,512.238733714295,CAN
Canada,2013,636.094145877599,CAN
Canada,2014,732.183677246306,CAN
Canada,2015,881.274284250241,CAN
Canada,2016,697.801383118565,CAN
Canada,2017,855.369632544759,CAN
Canada,2018,861.566067916326,CAN
Canada,2019,766.891821226264,CAN
Canada,2020,800.585329910269,CAN
Canada,2021,901.597577375714,CAN
Canada,2022,1093.45650828424,CAN
Central African Republic,2010,0.274475722303078,CAF
Chad,2010,0.464859333189466,TCD
Chile,2000,0.0467500453527247,CHL
Chile,2001,0.0436414233247644,CHL
Chile,2002,0.0343666614538233,CHL
Chile,2003,0.033067168294401,CHL
Chile,2004,0,CHL
Chile,2005,0.038919655396149,CHL
Chile,2006,0,CHL
Chile,2007,0.159990288508328,CHL
Chile,2008,0.0122686185948861,CHL
Chile,2009,0.396365129620295,CHL
Chile,2010,0.0425070326377402,CHL
Chile,2011,0.192662645336698,CHL
Chile,2012,0.0438194255313369,CHL
Chile,2013,0.116340709080673,CHL
Chile,2014,1.03360820853424,CHL
Chile,2015,0.149810212770139,CHL
Chile,2016,0.0912517396965654,CHL
Chile,2017,0.073007839988001,CHL
Chile,2018,0.0558013289920418,CHL
Chile,2019,0.0325440931950036,CHL
China,2000,15.3902104657502,CHN
China,2001,2.18405320506367,CHN
China,2002,0.327199899887337,CHN
China,2003,0.613800479974865,CHN
China,2004,19.7791350805242,CHN
China,2005,131.056926069108,CHN
China,2006,2.20309668812918,CHN
China,2007,13.2309831970191,CHN
China,2008,13.2947900502529,CHN
China,2009,1.58646272372222,CHN
China,2010,53.4112334996785,CHN
China,2011,107.621731929735,CHN
China,2012,31.5021737606571,CHN
China,2013,7.81944859290636,CHN
China,2014,57.3015372321056,CHN
China,2015,40.9526180431127,CHN
China,2016,25.7720604402287,CHN
China,2017,146.086258971836,CHN
China,2018,27.8891012826146,CHN
China,2019,18.9643292088989,CHN
China,2020,48.1607205643969,CHN
China,2021,9.862346,CHN
China,2022,2.09879250727199,CHN
Colombia,2000,0,COL
Colombia,2001,0,COL
Colombia,2004,0.148678245561699,COL
Colombia,2005,0,COL
Colombia,2006,0,COL
Colombia,2007,0.0199645735092551,COL
Colombia,2008,0,COL
Colombia,2009,0.181140092900594,COL
Colombia,2010,0.110592376117639,COL
Colombia,2011,0.00717465672968151,COL
Colombia,2012,0.0673689371277306,COL
Colombia,2013,0.55073380124299,COL
Colombia,2014,0.287864063424987,COL
Colombia,2015,0.226177977335532,COL
Colombia,2017,0.114802242794646,COL
Colombia,2018,0.149229719324447,COL
Colombia,2019,0.245441770515836,COL
Colombia,2020,0.0371707812131011,COL
Colombia,2022,1.13107018049226,COL
Congo,2009,0.00285736742674545,COG
Congo,2010,1.02772678323614,COG
Congo,2011,0.464432926393333,COG
"Congo, The Democratic Republic of the",2010,3.51218342174503,COD
Cook Islands,2003,0.018604784966152,COK
Costa Rica,2001,0,CRI
Costa Rica,2009,0.039733368019387,CRI
Costa Rica,2010,0.0128815929216242,CRI
Costa Rica,2014,0.00512560237583546,CRI
Costa Rica,2017,0.0492293753010337,CRI
Croatia,2000,0,HRV
Croatia,2001,0,HRV
Croatia,2002,0,HRV
Croatia,2003,0,HRV
Croatia,2004,0,HRV
Croatia,2005,0,HRV
Croatia,2006,0.0364057828207258,HRV
Croatia,2007,0.0362466097412857,HRV
Croatia,2008,0.037669605801673,HRV
Croatia,2009,0.0231669627469325,HRV
Croatia,2010,0.594220338085734,HRV
Croatia,2011,1.00490620734463,HRV
Croatia,2012,0.3863259603499,HRV
Croatia,2013,0.476505318674754,HRV
Croatia,2014,0.692634174684826,HRV
Croatia,2015,0.209090745605852,HRV
Croatia,2016,2.34709351740932,HRV
Croatia,2017,1.06051803447617,HRV
Croatia,2018,1.26656824579252,HRV
Croatia,2019,0.18758521310622,HRV
Croatia,2020,1.28971032233247,HRV
Croatia,2021,1.56551514346294,HRV
Croatia,2022,0.720627481958132,HRV
Cuba,2001,0.205664303208028,CUB
Cuba,2002,0.649957948713696,CUB
Cuba,2003,0.634352945809997,CUB
Cuba,2004,0.708287497015362,CUB
Cuba,2005,0,CUB
Cuba,2006,0,CUB
Cuba,2007,0.563485958023605,CUB
Cuba,2008,0,CUB
Cuba,2010,0.645838598395694,CUB
Cuba,2011,0,CUB
Cuba,2012,0.279963141864503,CUB
Cuba,2014,0,CUB
Cuba,2015,0,CUB
Cyprus,2000,0.0544783784145484,CYP
Cyprus,2001,0.0569962380137235,CYP
Cyprus,2002,0,CYP
Cyprus,2003,0.253839572695552,CYP
Cyprus,2004,0.426690800931322,CYP
Cyprus,2005,5.91805690355094,CYP
Cyprus,2006,0.669891781283776,CYP
Cyprus,2007,0.0471447892755256,CYP
Cyprus,2008,0.13995456883323,CYP
Cyprus,2009,0.522322192525676,CYP
Cyprus,2010,0.757476957478479,CYP
Cyprus,2011,0.0820129995539235,CYP
Cyprus,2012,0.178129833381898,CYP
Cyprus,2013,0.0634563930358547,CYP
Cyprus,2014,0.100312241686125,CYP
Cyprus,2015,0.127161889935576,CYP
Cyprus,2016,0.0275655534662536,CYP
Cyprus,2017,0.0378329601928316,CYP
Cyprus,2018,0.481465190616489,CYP
Cyprus,2019,0.163820009143042,CYP
Cyprus,2020,0.284568115805042,CYP
Cyprus,2021,0.341931562017863,CYP
Cyprus,2022,0.361979537742638,CYP
Czech Republic,2000,0.11,CZE
Czech Republic,2001,0.204073139913166,CZE
Czech Republic,2002,17.55,CZE
Czech Republic,2003,0.32,CZE
Czech Republic,2004,20.9608780777178,CZE
Czech Republic,2005,42.4319929495743,CZE
Czech Republic,2006,27.9763267840223,CZE
Czech Republic,2007,20.543449711813,CZE
Czech Republic,2008,22.7271350556868,CZE
Czech Republic,2009,15.9470623938733,CZE
Czech Republic,2010,22.8904677322454,CZE
Czech Republic,2011,24.3843178321059,CZE
Czech Republic,2012,24.7666499413158,CZE
Czech Republic,2013,25.3344224121837,CZE
Czech Republic,2014,32.9315147863426,CZE
Czech Republic,2015,32.5912745180077,CZE
Czech Republic,2016,64.345235462897,CZE
Czech Republic,2017,47.3558203545937,CZE
Czech Republic,2018,53.0275994775544,CZE
Czech Republic,2019,48.8854557959713,CZE
Czech Republic,2020,55.9960318053762,CZE
Czech Republic,2021,62.076685898291,CZE
Czech Republic,2022,86.3320502098663,CZE
C么te d'Ivoire,2011,0.00506800624671387,CIV
C么te d'Ivoire,2015,0.0112727354823638,CIV
C么te d'Ivoire,2017,0.0111929535460237,CIV
C么te d'Ivoire,2018,0.0104117373597631,CIV
Denmark,2000,336.016442045389,DNK
Denmark,2001,328.436235504663,DNK
Denmark,2002,285.182916431814,DNK
Denmark,2003,265.579557386687,DNK
Denmark,2004,224.369569875532,DNK
Denmark,2005,352.157525275435,DNK
Denmark,2006,264.511012933611,DNK
Denmark,2007,230.037733002466,DNK
Denmark,2008,259.184874346024,DNK
Denmark,2009,221.733550573512,DNK
Denmark,2010,251.309431703418,DNK
Denmark,2011,301.120108310289,DNK
Denmark,2012,308.133453177287,DNK
Denmark,2013,360.026556810651,DNK
Denmark,2014,437.776942784995,DNK
Denmark,2015,357.918797705758,DNK
Denmark,2016,478.637894440416,DNK
Denmark,2017,594.381908698944,DNK
Denmark,2018,561.083696139295,DNK
Denmark,2019,628.397398147135,DNK
Denmark,2020,586.199718923891,DNK
Denmark,2021,600.037091065984,DNK
Denmark,2022,540.563811271132,DNK
Djibouti,2006,0.00294997881308591,DJI
Djibouti,2007,0.00280900807638602,DJI
Djibouti,2010,0.00485472604236076,DJI
Djibouti,2012,0.00110800620989135,DJI
Djibouti,2013,0.00108198406306962,DJI
Djibouti,2015,0,DJI
Dominica,2016,0.104535854930035,DMA
Dominican Republic,2000,0.074100574176418,DOM
Dominican Republic,2001,0.211007354970151,DOM
Dominican Republic,2010,0,DOM
EU Institutions,2000,1000.14,EUI
EU Institutions,2001,1104.70758647781,EUI
EU Institutions,2002,1014.67073990546,EUI
EU Institutions,2003,1082.65147971846,EUI
EU Institutions,2004,1303.11581307937,EUI
EU Institutions,2005,1535.56163859688,EUI
EU Institutions,2006,1765.30430653928,EUI
EU Institutions,2007,1684.48338143019,EUI
EU Institutions,2008,1958.06340120859,EUI
EU Institutions,2009,1609.0852065497,EUI
EU Institutions,2010,1720.63442054675,EUI
EU Institutions,2011,1838.28508648884,EUI
EU Institutions,2012,1828.78,EUI
EU Institutions,2013,1966.50256105126,EUI
EU Institutions,2014,2273.12861660301,EUI
EU Institutions,2015,2009.32953655878,EUI
EU Institutions,2016,3631.09359898564,EUI
EU Institutions,2017,2790.4810704107,EUI
EU Institutions,2018,2526.73809402075,EUI
EU Institutions,2019,2478.75821524577,EUI
EU Institutions,2020,2839.67776423732,EUI
EU Institutions,2021,3410.39699342821,EUI
EU Institutions,2022,4095.01914321394,EUI
Ecuador,2001,0,ECU
Ecuador,2005,0.0234295012230633,ECU
Ecuador,2006,0.0327776294164315,ECU
Ecuador,2007,0,ECU
Ecuador,2008,0.0539905863326447,ECU
Ecuador,2010,0,ECU
Ecuador,2011,0.00590470594428926,ECU
Ecuador,2013,1.09110017062944,ECU
Ecuador,2014,0.317704038151344,ECU
Ecuador,2016,0.00266449667818658,ECU
Ecuador,2017,0,ECU
Egypt,2000,0.533215559404576,EGY
Egypt,2003,0.0468964927463507,EGY
Egypt,2005,8.77476825884593,EGY
Egypt,2006,6.38886986074748,EGY
Egypt,2007,0.365586772112532,EGY
Egypt,2009,0.46935486306638,EGY
Egypt,2010,2.52815184681989,EGY
Egypt,2011,0.0471887112840769,EGY
Egypt,2012,0.921205140964247,EGY
Egypt,2013,0,EGY
Egypt,2015,0,EGY
Egypt,2016,1.187760035704,EGY
Egypt,2019,0.886578285518914,EGY
El Salvador,2002,0,SLV
El Salvador,2007,0,SLV
El Salvador,2009,0.00252643365275574,SLV
El Salvador,2010,0,SLV
Equatorial Guinea,2005,0.322538759198838,GNQ
Equatorial Guinea,2010,2.10826328625435,GNQ
Eritrea,2002,0.0492429911465585,ERI
Eritrea,2003,0,ERI
Estonia,2000,0,EST
Estonia,2001,0.107476299754221,EST
Estonia,2002,0,EST
Estonia,2003,0.20886894595064,EST
Estonia,2004,0.443494583563654,EST
Estonia,2005,1.23314489607279,EST
Estonia,2006,0.859551774685655,EST
Estonia,2007,1.21691720411413,EST
Estonia,2008,1.62689671903092,EST
Estonia,2009,1.29530080868958,EST
Estonia,2010,1.81088347811842,EST
Estonia,2011,2.0249261860573,EST
Estonia,2012,1.36735082843704,EST
Estonia,2013,3.7395086389565,EST
Estonia,2014,4.12399684706858,EST
Estonia,2015,5.33859358240628,EST
Estonia,2016,6.93354374683897,EST
Estonia,2017,5.55890589951011,EST
Estonia,2018,4.64875543213137,EST
Estonia,2019,3.9750960260728,EST
Estonia,2020,5.17687550836848,EST
Estonia,2021,5.71920881701704,EST
Estonia,2022,2.33774995898067,EST
Eswatini,2000,0.0217370986122784,SWZ
Eswatini,2007,0.132894382267301,SWZ
Faroe Islands,2002,0.502721237412656,FRO
Faroe Islands,2005,0.346114138334148,FRO
Faroe Islands,2007,0.0590151112414857,FRO
Faroe Islands,2011,0.0276684603125243,FRO
Faroe Islands,2013,0.0354404231111108,FRO
Faroe Islands,2014,0.0337758636676426,FRO
Faroe Islands,2017,0.222756433874851,FRO
Faroe Islands,2021,0.078211,FRO
Fiji,2003,0.0145948209328787,FJI
Fiji,2005,0.181275603681004,FJI
Fiji,2007,0.0268832887194679,FJI
Finland,2000,96.0372230406592,FIN
Finland,2001,103.849549507769,FIN
Finland,2002,96.7681180498391,FIN
Finland,2003,98.9096708550446,FIN
Finland,2004,114.345701795246,FIN
Finland,2005,156.761133309977,FIN
Finland,2006,133.539723386527,FIN
Finland,2007,159.671309392782,FIN
Finland,2008,141.884396580023,FIN
Finland,2009,155.094273430502,FIN
Finland,2010,181.974717507559,FIN
Finland,2011,182.269059135378,FIN
Finland,2012,167.148657874535,FIN
Finland,2013,185.416256219354,FIN
Finland,2014,201.988460019842,FIN
Finland,2015,187.942991091534,FIN
Finland,2016,194.406721548353,FIN
Finland,2017,180.223851282589,FIN
Finland,2018,155.08311752372,FIN
Finland,2019,146.161832996799,FIN
Finland,2020,212.335687107591,FIN
Finland,2021,208.12746362013,FIN
Finland,2022,236.742162881235,FIN
France,2000,196.875583431046,FRA
France,2001,620.464639119227,FRA
France,2002,663.500725558972,FRA
France,2003,847.835764507946,FRA
France,2004,956.993340345734,FRA
France,2005,1017.19339809009,FRA
France,2006,414.066745494728,FRA
France,2007,430.729519177564,FRA
France,2008,408.600318179345,FRA
France,2009,383.815471386946,FRA
France,2010,442.67725486585,FRA
France,2011,451.031380408994,FRA
France,2012,412.379986634628,FRA
France,2013,417.419663725491,FRA
France,2014,479.551214554432,FRA
France,2015,474.430321200766,FRA
France,2016,903.194876825402,FRA
France,2017,658.129911250086,FRA
France,2018,674.813335349656,FRA
France,2019,680.9123049566,FRA
France,2020,724.203941086579,FRA
France,2021,857.3113381707,FRA
France,2022,1503.35950494371,FRA
French Polynesia,2004,1.20536366242074,PYF
French Polynesia,2016,0,PYF
Gabon,2000,0.471973525065452,GAB
Gabon,2008,0.453179177553906,GAB
Gabon,2010,1.01884346431577,GAB
Gambia,2010,1.01189757222327,GMB
Georgia,2009,0.0149123844087278,GEO
Georgia,2010,0.174776157977619,GEO
Georgia,2011,0.0764594521749364,GEO
Georgia,2013,0.0411670166832578,GEO
Georgia,2014,0.0209624249117737,GEO
Georgia,2015,0.030550891735172,GEO
Georgia,2017,0.101151330666605,GEO
Germany,2000,584.176053976693,DEU
Germany,2001,700.390655070102,DEU
Germany,2002,628.721971731325,DEU
Germany,2003,523.56211354974,DEU
Germany,2004,551.033315878376,DEU
Germany,2005,794.808463922975,DEU
Germany,2006,837.078591816425,DEU
Germany,2007,692.987291960506,DEU
Germany,2008,765.555202807109,DEU
Germany,2009,751.331118444699,DEU
Germany,2010,784.796819822126,DEU
Germany,2011,943.112311669436,DEU
Germany,2012,903.807701306176,DEU
Germany,2013,1104.63029110762,DEU
Germany,2014,1493.02638304835,DEU
Germany,2015,1520.81460863159,DEU
Germany,2016,3293.06507789632,DEU
Germany,2017,3953.08687790735,DEU
Germany,2018,3772.50652436711,DEU
Germany,2019,3251.8623804135,DEU
Germany,2020,3187.77526151764,DEU
Germany,2021,3997.48647357285,DEU
Germany,2022,6107.3172878621,DEU
Ghana,2000,0.211881910887285,GHA
Ghana,2009,0.0170882924907759,GHA
Ghana,2010,2.94136228260229,GHA
Ghana,2012,0.0138473950646367,GHA
Greece,2000,31.2134090063848,GRC
Greece,2001,26.9225447458937,GRC
Greece,2002,32.6667850624373,GRC
Greece,2003,30.9229134910841,GRC
Greece,2004,34.8872883637831,GRC
Greece,2005,51.8605027315074,GRC
Greece,2006,46.0105499024932,GRC
Greece,2007,39.6365427212699,GRC
Greece,2008,44.1640849190541,GRC
Greece,2009,39.9574455435024,GRC
Greece,2010,34.0610860221447,GRC
Greece,2011,29.5322533962886,GRC
Greece,2012,26.3558545795054,GRC
Greece,2013,24.1711206271545,GRC
Greece,2014,28.7318276554719,GRC
Greece,2015,24.992173173034,GRC
Greece,2016,55.2298650805231,GRC
Greece,2017,49.6440415439791,GRC
Greece,2018,39.6800710352685,GRC
Greece,2019,35.4485834419112,GRC
Greece,2020,42.1166632288971,GRC
Greece,2021,46.010495185884,GRC
Greece,2022,54.8824853233845,GRC
Grenada,2006,0.0265409883401471,GRD
Grenada,2010,0.119751982809167,GRD
Guatemala,2001,0,GTM
Guatemala,2007,0.0158228929799245,GTM
Guatemala,2009,0.0556656042463215,GTM
Guyana,2005,0.105500056713484,GUY
Guyana,2008,0.00583865614804326,GUY
Guyana,2009,0.00145742115235641,GUY
Guyana,2010,1.13812400720828,GUY
Guyana,2011,0.103352806278027,GUY
Guyana,2012,0.00381127958471076,GUY
Guyana,2014,0.0563704493397321,GUY
Guyana,2015,0.0460598790040976,GUY
Guyana,2016,0.00189310670329021,GUY
Guyana,2018,0.0019203563973753,GUY
Guyana,2019,0.00185417478569343,GUY
Guyana,2021,0.003,GUY
Guyana,2022,0.0913772779946725,GUY
Haiti,2009,0.00249704461260902,HTI
Holy See (Vatican City State),2001,0.158245914829398,VAT
Holy See (Vatican City State),2002,0.0381529238015506,VAT
Holy See (Vatican City State),2007,0.192718756525585,VAT
Holy See (Vatican City State),2009,0.0690509627382654,VAT
Holy See (Vatican City State),2010,0.00531554401971764,VAT
Holy See (Vatican City State),2011,7.02683103395861,VAT
Holy See (Vatican City State),2012,0.0153783090713484,VAT
Holy See (Vatican City State),2013,0.0101714614445113,VAT
Holy See (Vatican City State),2014,0.20507932584566,VAT
Holy See (Vatican City State),2015,0.0354828387667458,VAT
Holy See (Vatican City State),2016,0.019825727044267,VAT
Holy See (Vatican City State),2017,0.0167067325406138,VAT
Holy See (Vatican City State),2018,0.00533361046909874,VAT
Holy See (Vatican City State),2020,0.1552543708128,VAT
Holy See (Vatican City State),2021,0.01,VAT
Holy See (Vatican City State),2022,0.00757721538584062,VAT
Honduras,2001,0,HND
Honduras,2016,0,HND
Hong Kong,2006,2.35483488133214,HKG
Hong Kong,2007,2.43294609609804,HKG
Hong Kong,2008,0.824777155897289,HKG
Hong Kong,2009,5.23380314128982,HKG
Hong Kong,2010,0.505288197913822,HKG
Hong Kong,2013,1.07252541368212,HKG
Hong Kong,2016,1.10053806833574,HKG
Hong Kong,2022,0.521583255250038,HKG
Hungary,2000,0,HUN
Hungary,2001,1.042887366774,HUN
Hungary,2002,0.223603566653647,HUN
Hungary,2003,0,HUN
Hungary,2004,4.24527028146567,HUN
Hungary,2005,0.201527874584279,HUN
Hungary,2006,11.6403415234401,HUN
Hungary,2007,8.71716993690745,HUN
Hungary,2008,11.0845279681645,HUN
Hungary,2009,8.71087738820572,HUN
Hungary,2010,10.1826861907481,HUN
Hungary,2011,12.6273012524416,HUN
Hungary,2012,13.1001054388731,HUN
Hungary,2013,12.2195463334554,HUN
Hungary,2014,17.0205481528439,HUN
Hungary,2015,17.1017507159829,HUN
Hungary,2016,31.5997820425654,HUN
Hungary,2017,17.0956796488085,HUN
Hungary,2018,29.5866010726893,HUN
Hungary,2019,31.5154913156017,HUN
Hungary,2020,36.7595470654134,HUN
Hungary,2021,33.2890010903456,HUN
Hungary,2022,50.3302084589918,HUN
Iceland,2000,0,ISL
Iceland,2001,0.30099973687511,ISL
Iceland,2002,0.17,ISL
Iceland,2003,0.14,ISL
Iceland,2004,0.13,ISL
Iceland,2005,0.52,ISL
Iceland,2006,0.244796761040602,ISL
Iceland,2007,0.705765699568596,ISL
Iceland,2008,0.652452423256512,ISL
Iceland,2009,0.217100886437217,ISL
Iceland,2010,0.971670824473295,ISL
Iceland,2011,2.46799144326035,ISL
Iceland,2012,0.31526706037753,ISL
Iceland,2013,0.515071340693638,ISL
Iceland,2014,2.70196288163891,ISL
Iceland,2015,5.18081332925433,ISL
Iceland,2016,7.94064658367137,ISL
Iceland,2017,6.90224984356978,ISL
Iceland,2018,9.39444628598097,ISL
Iceland,2019,8.30094132459532,ISL
Iceland,2020,8.300909354033,ISL
Iceland,2021,10.9197570499541,ISL
Iceland,2022,18.4436821303217,ISL
India,2000,0.377889000479787,IND
India,2002,12.9523899944522,IND
India,2003,20.5923914822007,IND
India,2004,0.611156440880615,IND
India,2005,34.7593698367737,IND
India,2006,1.3352674572532,IND
India,2007,1.12338384654262,IND
India,2008,6.14129704107974,IND
India,2009,20.4046393351758,IND
India,2010,31.8560542694659,IND
India,2011,20.1814930276843,IND
India,2012,2.89812685915016,IND
India,2013,2.94109806140972,IND
India,2014,14.3356956061784,IND
India,2015,7.75725886049656,IND
India,2016,1.69808340539839,IND
India,2017,1.04634662896335,IND
India,2019,0,IND
India,2022,9.58273478735231,IND
Indonesia,2001,0.0514883818133856,IDN
Indonesia,2002,0.110303255194941,IDN
Indonesia,2003,0.0192581305096239,IDN
Indonesia,2006,0.406091895175601,IDN
Indonesia,2007,0.130313409484992,IDN
Indonesia,2008,1.39173660676886,IDN
Indonesia,2009,0.14916872020888,IDN
Indonesia,2010,6.86804525675924,IDN
Indonesia,2011,1.65693048944448,IDN
Indonesia,2012,2.1553919283607,IDN
Indonesia,2013,2.37605706527568,IDN
Indonesia,2014,0.497810425307678,IDN
Indonesia,2015,0.222930955271926,IDN
Indonesia,2017,0.229385129004584,IDN
Indonesia,2018,0.234954891651256,IDN
Indonesia,2019,0.45966437263859,IDN
Indonesia,2022,0.964923155521577,IDN
"Iran, Islamic Republic of",2002,0,IRN
"Iran, Islamic Republic of",2005,0.875002912388734,IRN
"Iran, Islamic Republic of",2006,2.09777654651743,IRN
"Iran, Islamic Republic of",2007,0.339273383172789,IRN
"Iran, Islamic Republic of",2008,0.0212725464700826,IRN
"Iran, Islamic Republic of",2010,7.5782790904724,IRN
"Iran, Islamic Republic of",2011,0.016740839978442,IRN
"Iran, Islamic Republic of",2012,0,IRN
"Iran, Islamic Republic of",2015,2.43694627179027,IRN
"Iran, Islamic Republic of",2018,0.0267325556563402,IRN
"Iran, Islamic Republic of",2020,0.0141286554681236,IRN
Iraq,2002,0,IRQ
Iraq,2008,7.48578636985868,IRQ
Iraq,2009,0.0910866877324577,IRQ
Iraq,2011,1.28630813996015,IRQ
Iraq,2016,0.00633430253708164,IRQ
Iraq,2017,0.010676873760361,IRQ
Ireland,2000,14.7206603003972,IRL
Ireland,2001,54.9468205351053,IRL
Ireland,2002,49.0649221699345,IRL
Ireland,2003,54.8443642737326,IRL
Ireland,2004,67.0518530335654,IRL
Ireland,2005,103.488616056706,IRL
Ireland,2006,126.102304670163,IRL
Ireland,2007,220.73033573676,IRL
Ireland,2008,213.875685130615,IRL
Ireland,2009,137.383506069508,IRL
Ireland,2010,130.147743145573,IRL
Ireland,2011,142.356837577096,IRL
Ireland,2012,167.997260204984,IRL
Ireland,2013,161.833628706818,IRL
Ireland,2014,168.127017385633,IRL
Ireland,2015,173.47309165797,IRL
Ireland,2016,249.122460719922,IRL
Ireland,2017,219.903709893311,IRL
Ireland,2018,226.174928795506,IRL
Ireland,2019,218.580670224542,IRL
Ireland,2020,241.275252158379,IRL
Ireland,2021,277.188890669488,IRL
Ireland,2022,362.359874638405,IRL
Isle of Man,2019,0.28443233260613,IMN
Israel,2000,2.13520134331774,ISR
Israel,2001,0.527090123118089,ISR
Israel,2002,0.0661262044592665,ISR
Israel,2003,0.0109477800599986,ISR
Israel,2004,0,ISR
Israel,2005,2.70150674564955,ISR
Israel,2006,0.23614899936598,ISR
Israel,2007,0.111305874641484,ISR
Israel,2008,2.8432290230492,ISR
Israel,2009,0.470684503381564,ISR
Israel,2010,0.19730363532333,ISR
Israel,2011,0.292025234096794,ISR
Israel,2012,0.159600430537022,ISR
Israel,2013,0,ISR
Israel,2014,10.6092830107613,ISR
Israel,2015,0,ISR
Israel,2018,0,ISR
Israel,2021,0.018,ISR
Israel,2022,0.140648841806009,ISR
Italy,2000,290.04928919306,ITA
Italy,2001,299.830051449437,ITA
Italy,2002,316.338992399841,ITA
Italy,2003,297.749743716053,ITA
Italy,2004,284.69441596097,ITA
Italy,2005,296.9262009418,ITA
Italy,2006,313.543330686975,ITA
Italy,2007,350.529465394255,ITA
Italy,2008,370.551716200925,ITA
Italy,2009,330.717264247894,ITA
Italy,2010,281.861805572348,ITA
Italy,2011,352.822461132079,ITA
Italy,2012,285.899019606002,ITA
Italy,2013,327.445457947089,ITA
Italy,2014,365.036914138754,ITA
Italy,2015,385.861756594854,ITA
Italy,2016,675.66683139046,ITA
Italy,2017,697.148298659597,ITA
Italy,2018,604.650519832837,ITA
Italy,2019,519.818641561812,ITA
Italy,2020,570.416048093023,ITA
Italy,2021,714.359070038148,ITA
Italy,2022,1015.09309230613,ITA
Jamaica,2006,0.00631223248860034,JAM
Jamaica,2009,0.00605279340719898,JAM
Jamaica,2010,0,JAM
Jamaica,2016,0,JAM
Japan,2000,165.63,JPN
Japan,2001,137.312363454578,JPN
Japan,2002,198.570674452476,JPN
Japan,2003,121.29162689133,JPN
Japan,2004,714.988088935538,JPN
Japan,2005,617.655875599037,JPN
Japan,2006,196.436714138836,JPN
Japan,2007,119.121396854291,JPN
Japan,2008,268.77241063975,JPN
Japan,2009,312.471287015225,JPN
Japan,2010,583.969009275998,JPN
Japan,2011,793.145732609962,JPN
Japan,2012,558.873030141756,JPN
Japan,2013,841.999632204494,JPN
Japan,2014,865.453029913748,JPN
Japan,2015,1305.2812861668,JPN
Japan,2016,887.463027343693,JPN
Japan,2017,910.96112914005,JPN
Japan,2018,750.227288727558,JPN
Japan,2019,682.517382202793,JPN
Japan,2020,634.205057976296,JPN
Japan,2021,1215.38697286114,JPN
Japan,2022,2113.06354650855,JPN
Jordan,2003,0,JOR
Jordan,2004,0.653549321727365,JOR
Jordan,2005,0.102806300174627,JOR
Jordan,2007,0,JOR
Jordan,2008,0,JOR
Jordan,2009,1.03049819360584,JOR
Jordan,2010,0,JOR
Kazakhstan,2001,0.469774027930355,KAZ
Kazakhstan,2002,0,KAZ
Kazakhstan,2004,2.13587520438558,KAZ
Kazakhstan,2005,5.27485173699392,KAZ
Kazakhstan,2006,1.07296602617889,KAZ
Kazakhstan,2007,0.306167210362118,KAZ
Kazakhstan,2008,9.14656432654828,KAZ
Kazakhstan,2009,13.5276419533819,KAZ
Kazakhstan,2010,22.6202300269995,KAZ
Kazakhstan,2011,8.60174201210732,KAZ
Kazakhstan,2012,0.198349194134659,KAZ
Kazakhstan,2013,0.634545893678021,KAZ
Kazakhstan,2014,5.0154102462357,KAZ
Kazakhstan,2015,5.03341914875222,KAZ
Kazakhstan,2016,1.70621627835414,KAZ
Kazakhstan,2017,0.0535666755916902,KAZ
Kazakhstan,2018,0.52902975377104,KAZ
Kazakhstan,2019,0.0107010731726835,KAZ
Kazakhstan,2020,6.66276518326635,KAZ
Kazakhstan,2021,0.045,KAZ
Kazakhstan,2022,0.00901069959253092,KAZ
Kenya,2000,0.18632079381802,KEN
Kenya,2009,0.014719383303761,KEN
Kenya,2010,0.00297877714199835,KEN
Korea,2000,2.54,KOR
Korea,2001,18.63,KOR
Korea,2002,6.34,KOR
Korea,2003,3.07,KOR
Korea,2004,19.13,KOR
Korea,2005,32.54,KOR
Korea,2006,28.3076141962901,KOR
Korea,2007,20.7257415943069,KOR
Korea,2008,32.7324113201419,KOR
Korea,2009,27.2025543207618,KOR
Korea,2010,26.587800712046,KOR
Korea,2011,43.3711505982038,KOR
Korea,2012,31.5723113983065,KOR
Korea,2013,40.8429260830301,KOR
Korea,2014,87.8196147376038,KOR
Korea,2015,71.278571586064,KOR
Korea,2016,88.0849337561951,KOR
Korea,2017,122.082857615104,KOR
Korea,2018,151.265587162861,KOR
Korea,2019,152.516024626538,KOR
Korea,2020,162.033802474813,KOR
Korea,2021,190.314905665802,KOR
Korea,2022,251.77675248221,KOR
"Korea, Democratic People's Republic of",2005,0.181908748887963,PRK
Kuwait,2000,0,KWT
Kuwait,2001,0.833568888726123,KWT
Kuwait,2002,6.96749575165818,KWT
Kuwait,2003,55.6935774017298,KWT
Kuwait,2004,19.6851792571432,KWT
Kuwait,2005,17.8224313420772,KWT
Kuwait,2006,43.9051168724522,KWT
Kuwait,2007,15.9234802832445,KWT
Kuwait,2008,88.6788429843738,KWT
Kuwait,2009,48.2795633508507,KWT
Kuwait,2010,11.3974606651054,KWT
Kuwait,2011,12.0221193991522,KWT
Kuwait,2012,11.7950907270992,KWT
Kuwait,2013,270.671358772386,KWT
Kuwait,2014,315.362064357472,KWT
Kuwait,2015,619.227555195634,KWT
Kuwait,2016,438.063810161996,KWT
Kuwait,2017,188.552399776055,KWT
Kuwait,2018,459.165481978788,KWT
Kuwait,2019,310.920057486488,KWT
Kuwait,2020,178.068315490786,KWT
Kuwait,2021,40.593407,KWT
Kuwait,2022,32.6651288356786,KWT
Kyrgyzstan,2005,54.9622363435551,KGZ
Kyrgyzstan,2008,0.274505680485336,KGZ
Kyrgyzstan,2009,0.178786575802967,KGZ
Kyrgyzstan,2010,0.119340260949796,KGZ
Kyrgyzstan,2011,0.129430546075155,KGZ
Kyrgyzstan,2022,0.000423420647846544,KGZ
Lao People's Democratic Republic,2005,0.436584542004152,LAO
Lao People's Democratic Republic,2008,0.171861709648604,LAO
Lao People's Democratic Republic,2009,0.00647488994070147,LAO
Lao People's Democratic Republic,2011,0.122550993726855,LAO
Lao People's Democratic Republic,2013,0.031124558955254,LAO
Lao People's Democratic Republic,2021,0.003,LAO
Latvia,2000,0,LVA
Latvia,2001,0,LVA
Latvia,2002,0.0433878699271795,LVA
Latvia,2003,0,LVA
Latvia,2004,0.0688886451421369,LVA
Latvia,2005,0.767965436132284,LVA
Latvia,2006,0.389483340266574,LVA
Latvia,2007,0.160470209901893,LVA
Latvia,2008,0.410893058521364,LVA
Latvia,2009,0.0547949888064276,LVA
Latvia,2010,0.0912863476516615,LVA
Latvia,2011,0.270733751811158,LVA
Latvia,2012,0.104292503748735,LVA
Latvia,2013,0.169156633991781,LVA
Latvia,2014,0.527172256776698,LVA
Latvia,2015,0.386763287369514,LVA
Latvia,2016,1.70714204313977,LVA
Latvia,2017,0.693557534429295,LVA
Latvia,2018,0.613405064763846,LVA
Latvia,2019,0.120542141223872,LVA
Latvia,2020,0.545977270765762,LVA
Latvia,2021,0.810082250924826,LVA
Latvia,2022,0.634447235725045,LVA
Lebanon,2005,0,LBN
Lebanon,2006,0.0032571442660324,LBN
Lebanon,2009,0.0384698109644201,LBN
Lebanon,2010,0,LBN
Lebanon,2013,0.0570634890988293,LBN
Lesotho,2000,0.214843000946285,LSO
Liberia,2005,0.262717852216065,LBR
Liberia,2010,0.0687908056569513,LBR
Libya,2000,1.57017425136088,LBY
Libya,2001,0,LBY
Libya,2003,0,LBY
Libya,2004,0.0134785301519533,LBY
Libya,2005,2.27426907423927,LBY
Libya,2006,4.18510632833146,LBY
Libya,2009,0,LBY
Liechtenstein,2000,0.182780144430812,LIE
Liechtenstein,2001,0.300825501981716,LIE
Liechtenstein,2002,0.153635719681036,LIE
Liechtenstein,2003,0.282839265155853,LIE
Liechtenstein,2004,0.14871925000928,LIE
Liechtenstein,2005,0.949644675913223,LIE
Liechtenstein,2006,2.09582770356923,LIE
Liechtenstein,2007,2.66267821375676,LIE
Liechtenstein,2008,2.94868452938801,LIE
Liechtenstein,2009,3.21685111078508,LIE
Liechtenstein,2010,0.816720581323968,LIE
Liechtenstein,2011,3.38805321604215,LIE
Liechtenstein,2012,2.61034903927124,LIE
Liechtenstein,2013,2.82275838755357,LIE
Liechtenstein,2014,2.82984437746926,LIE
Liechtenstein,2015,2.97596158885873,LIE
Liechtenstein,2016,2.88166829298552,LIE
Liechtenstein,2017,3.13699866594334,LIE
Liechtenstein,2018,3.00456251783761,LIE
Liechtenstein,2019,2.83969280466105,LIE
Liechtenstein,2020,1.0563053647776,LIE
Liechtenstein,2021,0.939368452721264,LIE
Liechtenstein,2022,0.426734626395157,LIE
Lithuania,2000,0,LTU
Lithuania,2001,0.03,LTU
Lithuania,2002,0,LTU
Lithuania,2002,0.0921212482706594,LTU
Lithuania,2003,0,LTU
Lithuania,2003,0.0622847631512161,LTU
Lithuania,2004,1.47836333156116,LTU
Lithuania,2004,0.154068379577653,LTU
Lithuania,2005,2.86539550689423,LTU
Lithuania,2005,0.775016266261762,LTU
Lithuania,2006,3.51669835359974,LTU
Lithuania,2006,0.166511326591112,LTU
Lithuania,2007,3.81119601897285,LTU
Lithuania,2007,0.0264309819419232,LTU
Lithuania,2008,4.86192924064725,LTU
Lithuania,2008,0.442857603610299,LTU
Lithuania,2009,3.60999734729033,LTU
Lithuania,2009,0.0403337728151149,LTU
Lithuania,2010,2.79065229910733,LTU
Lithuania,2010,0.588028973402224,LTU
Lithuania,2011,4.06877872188965,LTU
Lithuania,2011,0.179498892850015,LTU
Lithuania,2012,4.3863389213312,LTU
Lithuania,2012,0.0413044857202685,LTU
Lithuania,2013,4.79039265546344,LTU
Lithuania,2013,0.0799450061100565,LTU
Lithuania,2014,7.2643161372415,LTU
Lithuania,2014,0.312876835770131,LTU
Lithuania,2015,7.92848042733133,LTU
Lithuania,2015,0.944941554987317,LTU
Lithuania,2016,16.3097866520316,LTU
Lithuania,2016,1.73011729922471,LTU
Lithuania,2017,9.32860899806822,LTU
Lithuania,2017,0.418041864055102,LTU
Lithuania,2018,10.5010545251146,LTU
Lithuania,2018,0.399149564737635,LTU
Lithuania,2019,10.1388812239161,LTU
Lithuania,2019,0.404721271444575,LTU
Lithuania,2020,11.8781387583268,LTU
Lithuania,2020,0.833930800607866,LTU
Lithuania,2021,13.1829776285538,LTU
Lithuania,2021,0.488391,LTU
Lithuania,2022,51.9521275479461,LTU
Lithuania,2022,0.514430459864752,LTU
Luxembourg,2000,28.824739053122,LUX
Luxembourg,2001,38.4661466012045,LUX
Luxembourg,2002,35.8805502419002,LUX
Luxembourg,2003,35.8986685357446,LUX
Luxembourg,2004,46.0914318556729,LUX
Luxembourg,2005,52.947342082996,LUX
Luxembourg,2006,64.903250560864,LUX
Luxembourg,2007,51.4040970802148,LUX
Luxembourg,2008,53.4997389414344,LUX
Luxembourg,2009,63.1043473149073,LUX
Luxembourg,2010,56.4464323426368,LUX
Luxembourg,2011,76.3297574222597,LUX
Luxembourg,2012,70.1242178832315,LUX
Luxembourg,2013,76.998861654327,LUX
Luxembourg,2014,73.4760294589053,LUX
Luxembourg,2015,69.4818520630624,LUX
Luxembourg,2016,85.640148826009,LUX
Luxembourg,2017,82.0732641247499,LUX
Luxembourg,2018,84.863607811613,LUX
Luxembourg,2019,90.1398548403916,LUX
Luxembourg,2020,100.433913822705,LUX
Luxembourg,2021,104.050678270097,LUX
Luxembourg,2022,137.070194380139,LUX
Madagascar,2005,0.165773951239378,MDG
Madagascar,2009,0.00669448893330841,MDG
Madagascar,2010,0.00782342598506838,MDG
Malawi,2000,0.120623717869937,MWI
Malawi,2003,1.70484180637587,MWI
Malawi,2010,0,MWI
Malaysia,2000,0.152987368156595,MYS
Malaysia,2001,0.155446168923325,MYS
Malaysia,2002,0.099867198999565,MYS
Malaysia,2003,1.60508686034527,MYS
Malaysia,2004,0.688223205800009,MYS
Malaysia,2005,7.64462891951938,MYS
Malaysia,2006,0.486259128367874,MYS
Malaysia,2007,0.180320180853989,MYS
Malaysia,2008,1.20300799387956,MYS
Malaysia,2009,0.375529701323668,MYS
Malaysia,2010,1.03954075019391,MYS
Malaysia,2011,0.0851051422952169,MYS
Malaysia,2012,0.0425601279838846,MYS
Malaysia,2013,0.0650194205436815,MYS
Malaysia,2014,1.29620795150669,MYS
Malaysia,2015,0.724886353318771,MYS
Malaysia,2016,0.0547640909445163,MYS
Malaysia,2017,1.09603485825668,MYS
Malaysia,2018,0.102189473494208,MYS
Malaysia,2019,0.230696574357323,MYS
Malaysia,2020,0.1393313771536,MYS
Malaysia,2021,0.140266,MYS
Malaysia,2022,0.407530063623772,MYS
Maldives,2011,0.12892871763959,MDV
Maldives,2021,0.005,MDV
Mali,2005,0.33828833852791,MLI
Mali,2014,0.103496179044161,MLI
Malta,2000,0,MLT
Malta,2001,0,MLT
Malta,2002,0.0532215620730938,MLT
Malta,2003,0,MLT
Malta,2004,0,MLT
Malta,2005,16.1138609157129,MLT
Malta,2006,0.385833229967296,MLT
Malta,2007,0,MLT
Malta,2008,0.130635971798334,MLT
Malta,2009,0.0429214120785894,MLT
Malta,2010,0.248178044308321,MLT
Malta,2011,1.67609617553837,MLT
Malta,2012,0.0730490510741303,MLT
Malta,2013,0.178873115554969,MLT
Malta,2014,0.489831796389357,MLT
Malta,2015,0.320958635745367,MLT
Malta,2016,1.58263381722585,MLT
Malta,2017,0.956907769632183,MLT
Malta,2018,0.484317770232232,MLT
Malta,2019,0.323248357358727,MLT
Malta,2020,0.850794281974083,MLT
Malta,2021,2.79702108342486,MLT
Malta,2022,0.843573106052233,MLT
Mauritania,2000,0.254706142578196,MRT
Mauritania,2001,0,MRT
Mauritania,2005,0.189453048755046,MRT
Mauritius,2000,0.205820587439436,MUS
Mauritius,2003,0.0429325406261947,MUS
Mauritius,2005,0.086998544491533,MUS
Mauritius,2008,0.257669307769577,MUS
Mauritius,2009,0.0166009648095159,MUS
Mauritius,2010,0.740018127337639,MUS
Mauritius,2012,0.0427089890034864,MUS
Mauritius,2015,0.952324751846231,MUS
Mauritius,2022,0.00486637723144378,MUS
Mexico,2001,0,MEX
Mexico,2002,0,MEX
Mexico,2004,0,MEX
Mexico,2005,5.86798257773566,MEX
Mexico,2006,0.106328931080714,MEX
Mexico,2007,0.20155364874504,MEX
Mexico,2008,0,MEX
Mexico,2009,0.528119994417017,MEX
Mexico,2010,10.838883810255,MEX
Mexico,2011,1.2758420725416,MEX
Mexico,2012,0.562728501569877,MEX
Mexico,2013,1.24597059316293,MEX
Mexico,2014,5.09383544300722,MEX
Mexico,2015,0.548396901587219,MEX
Mexico,2016,4.8968329849031,MEX
Mexico,2017,0.614671265066865,MEX
Mexico,2018,1.0286519688981,MEX
Mexico,2021,0.1,MEX
"Micronesia, Federated States of",2005,0.0554735327559234,FSM
"Micronesia, Federated States of",2006,0.0325521437125799,FSM
"Moldova, Republic of",2000,0,MDA
"Moldova, Republic of",2005,1.20933795923465,MDA
"Moldova, Republic of",2007,0.00389314953509936,MDA
"Moldova, Republic of",2009,0.0159635644250434,MDA
"Moldova, Republic of",2010,0.146994392573445,MDA
"Moldova, Republic of",2011,0.00116885533963866,MDA
"Moldova, Republic of",2012,0.00224625854086255,MDA
"Moldova, Republic of",2018,0.00336989798172553,MDA
Monaco,2000,0.00782610316467447,MCO
Monaco,2001,0.27871459768685,MCO
Monaco,2002,0.0150353042117151,MCO
Monaco,2003,0.155295377308869,MCO
Monaco,2004,0.155192003644285,MCO
Monaco,2005,0.634663859445198,MCO
Monaco,2006,0.298306093042812,MCO
Monaco,2007,0.708247627973749,MCO
Monaco,2008,1.24275189508074,MCO
Monaco,2009,0.808960664804817,MCO
Monaco,2010,0.907019740141153,MCO
Monaco,2011,0.52020793434119,MCO
Monaco,2012,0.378594490145108,MCO
Monaco,2013,0.627714121486843,MCO
Monaco,2014,0.869822739181389,MCO
Monaco,2015,1.13246464514847,MCO
Monaco,2016,0.907296457722469,MCO
Monaco,2017,0.904378882334885,MCO
Monaco,2018,1.70482666753659,MCO
Monaco,2019,1.03498040344158,MCO
Monaco,2020,1.45919896039946,MCO
Monaco,2021,2.11891142595781,MCO
Monaco,2022,1.40374726495339,MCO
Mongolia,2008,0.0672578914326381,MNG
Mongolia,2010,0.0331900826969109,MNG
Mongolia,2011,0.895628307886657,MNG
Mongolia,2013,0.0185853518963222,MNG
Mongolia,2014,0.0103164820615071,MNG
Mongolia,2016,0.0117540225089549,MNG
Mongolia,2018,0.022597279672694,MNG
Mongolia,2020,0.011297076916231,MNG
Mongolia,2022,0.152336572779659,MNG
Montenegro,2008,0.00268978256930875,MNE
Montenegro,2009,0.012783500950425,MNE
Montenegro,2010,0.00572907958068255,MNE
Montenegro,2011,0.151731535329362,MNE
Montenegro,2012,0.00583010324904619,MNE
Montenegro,2013,0.00884599576484417,MNE
Montenegro,2014,0.0120326737754258,MNE
Montenegro,2016,0.00244516585824117,MNE
Montenegro,2018,0.119763425263793,MNE
Montenegro,2019,0.00367471444216992,MNE
Montenegro,2021,0.007129,MNE
Morocco,2000,0.226203561703619,MAR
Morocco,2001,0.569270043777965,MAR
Morocco,2002,0.184281653833773,MAR
Morocco,2003,0.299986832172976,MAR
Morocco,2005,0,MAR
Morocco,2006,0.011897168635555,MAR
Morocco,2007,0.0320900643816457,MAR
Morocco,2008,0.484047121410169,MAR
Morocco,2009,0.00502467023557774,MAR
Morocco,2010,3.12431081364847,MAR
Morocco,2011,0.00503116216459292,MAR
Morocco,2012,0.427707667677234,MAR
Morocco,2013,0.00514100421853031,MAR
Morocco,2014,4.09794154814929,MAR
Morocco,2015,1.15339497600565,MAR
Morocco,2017,0,MAR
Morocco,2019,0,MAR
Morocco,2020,0.054541506520528,MAR
Morocco,2021,0.125,MAR
Morocco,2022,1.04662402898908,MAR
Mozambique,2005,0.0790061600907346,MOZ
Mozambique,2009,0.00576950837650767,MOZ
Mozambique,2012,0.0737113031735417,MOZ
Mozambique,2013,0.00140722432512996,MOZ
Myanmar,2009,0.0789115698559424,MMR
Myanmar,2010,0.0112178289113749,MMR
Myanmar,2011,0.0919304641378543,MMR
Myanmar,2013,0.00850071937855418,MMR
Myanmar,2014,0.0177401642335812,MMR
Myanmar,2015,0.0192174278699514,MMR
Myanmar,2017,0.0110572986474656,MMR
Myanmar,2018,0.0108073288902244,MMR
Myanmar,2019,0.0103845198248581,MMR
Myanmar,2020,0.00977188155282098,MMR
Namibia,2000,1.39350117662092,NAM
Namibia,2008,0.225462230894978,NAM
Namibia,2009,0.0111845348443632,NAM
Namibia,2010,0.00180588437659382,NAM
Namibia,2011,1.49008105551236,NAM
Namibia,2013,0.000976169277523492,NAM
Namibia,2014,1.01349171633145,NAM
Nauru,2016,0.0911334478391156,NRU
Nepal,2001,0.330470761657289,NPL
Nepal,2005,0.256176832939995,NPL
Nepal,2010,0.163659978775293,NPL
Nepal,2011,0,NPL
Netherlands,2000,821.080642828722,NLD
Netherlands,2001,670.357284387502,NLD
Netherlands,2002,495.500843821917,NLD
Netherlands,2003,561.649760936824,NLD
Netherlands,2004,560.843805161649,NLD
Netherlands,2005,759.089693727861,NLD
Netherlands,2006,621.90007635725,NLD
Netherlands,2007,522.498806384908,NLD
Netherlands,2008,583.150822625716,NLD
Netherlands,2009,492.73246390622,NLD
Netherlands,2010,377.141103821238,NLD
Netherlands,2011,455.899219092198,NLD
Netherlands,2012,441.044185491712,NLD
Netherlands,2013,433.6312105004,NLD
Netherlands,2014,577.744253005905,NLD
Netherlands,2015,863.276086044274,NLD
Netherlands,2016,764.653187850142,NLD
Netherlands,2017,702.021711820471,NLD
Netherlands,2018,663.39902605456,NLD
Netherlands,2019,609.1445082701,NLD
Netherlands,2020,713.746507679531,NLD
Netherlands,2021,683.158292727908,NLD
Netherlands,2022,1236.03698284087,NLD
New Zealand,2000,9.3,NZL
New Zealand,2001,9.34,NZL
New Zealand,2002,29.13,NZL
New Zealand,2003,34.4,NZL
New Zealand,2004,45.93,NZL
New Zealand,2005,94.29,NZL
New Zealand,2006,36.7702933440533,NZL
New Zealand,2007,47.3020200042586,NZL
New Zealand,2008,38.1145505829688,NZL
New Zealand,2009,11.9974322684682,NZL
New Zealand,2010,37.3130833155671,NZL
New Zealand,2011,43.7452672044472,NZL
New Zealand,2012,41.15674234173,NZL
New Zealand,2013,41.1985851425898,NZL
New Zealand,2014,47.7397849627715,NZL
New Zealand,2015,45.3033026126137,NZL
New Zealand,2016,44.731958717086,NZL
New Zealand,2017,57.6963751218223,NZL
New Zealand,2018,64.1916668892033,NZL
New Zealand,2019,60.225524980011,NZL
New Zealand,2020,52.551294070058,NZL
New Zealand,2021,60.7103430885965,NZL
New Zealand,2022,59.4789486205716,NZL
Nicaragua,2001,0,NIC
Nicaragua,2008,0.00567352440949732,NIC
Nicaragua,2009,0.0862497982919019,NIC
Nicaragua,2010,0,NIC
Nigeria,2000,0.420192272047353,NGA
Nigeria,2005,8.02391444554806,NGA
Nigeria,2006,0.107989228462774,NGA
Nigeria,2010,2.26116283646351,NGA
Nigeria,2011,0.0843909592412293,NGA
Nigeria,2021,2.773523,NGA
Nigeria,2022,0.0954759159404746,NGA
"North Macedonia, Republic of",2005,0,MKD
"North Macedonia, Republic of",2008,0.00218178688294493,MKD
"North Macedonia, Republic of",2009,0.00890698573886833,MKD
"North Macedonia, Republic of",2010,0.155034924641865,MKD
Norway,2000,476.06,NOR
Norway,2001,435.54870458273,NOR
Norway,2002,537.281080000388,NOR
Norway,2003,617.615626145419,NOR
Norway,2004,432.075323269973,NOR
Norway,2005,573.39163342042,NOR
Norway,2006,378.06779076807,NOR
Norway,2007,424.109038352136,NOR
Norway,2008,402.303866625758,NOR
Norway,2009,394.159941428337,NOR
Norway,2010,391.76178969547,NOR
Norway,2011,478.893254660506,NOR
Norway,2012,439.116452202093,NOR
Norway,2013,511.972558996163,NOR
Norway,2014,547.07612291237,NOR
Norway,2015,634.412729119947,NOR
Norway,2016,729.165696572177,NOR
Norway,2017,833.372090616926,NOR
Norway,2018,765.92352989781,NOR
Norway,2019,821.348599210755,NOR
Norway,2020,841.884206137158,NOR
Norway,2021,822.336951497366,NOR
Norway,2022,895.770017912735,NOR
Oman,2000,0.217309925255891,OMN
Oman,2001,0,OMN
Oman,2002,4.35321673912799,OMN
Oman,2004,0.0491746986751057,OMN
Oman,2008,0,OMN
Oman,2009,2.39715055917573,OMN
Oman,2010,5.14847312827371,OMN
Oman,2012,11.5799397535128,OMN
Oman,2013,19.077534818535,OMN
Oman,2014,22.4105592871524,OMN
Oman,2019,0.0502708709963497,OMN
Oman,2020,0.250567131349528,OMN
Pakistan,2001,0.271632254383723,PAK
Pakistan,2002,0,PAK
Pakistan,2004,0,PAK
Pakistan,2006,0.0260996992485007,PAK
Pakistan,2007,0.049582234813218,PAK
Pakistan,2008,0,PAK
Pakistan,2009,0.0295961841670186,PAK
Pakistan,2010,0.0221105401767122,PAK
Pakistan,2011,0,PAK
Pakistan,2012,0.00979903381852552,PAK
Pakistan,2014,0.98999561620402,PAK
Pakistan,2015,0.00912390074831766,PAK
Pakistan,2016,0.00926213015979106,PAK
Pakistan,2017,0.00895766595664045,PAK
Pakistan,2019,0.0103544889586518,PAK
Pakistan,2020,0.0109622710398781,PAK
Palau,2005,0.0754470491411194,PLW
Panama,2001,0,PAN
Panama,2007,0,PAN
Panama,2009,0.0354385051580764,PAN
Panama,2010,0.00810936657093418,PAN
Papua New Guinea,2005,1.33427536828466,PNG
Papua New Guinea,2007,0,PNG
Papua New Guinea,2016,0.159541500858427,PNG
Paraguay,2001,0,PRY
Paraguay,2017,0,PRY
Peru,2001,0.199159884810506,PER
Peru,2002,0,PER
Peru,2003,0,PER
Peru,2006,0.0438182388195386,PER
Peru,2007,0.0890733275464143,PER
Peru,2008,0.0235404386440077,PER
Peru,2009,0.0774835581349429,PER
Peru,2010,0.527785733778983,PER
Peru,2012,0.00456738278414601,PER
Peru,2013,0.0230418697671275,PER
Peru,2014,0.0044040874291937,PER
Peru,2015,0.00428322273921156,PER
Peru,2016,0.00417057528239325,PER
Peru,2017,0.013971050534035,PER
Peru,2019,0.00283225035848314,PER
Peru,2020,0.00283834296957438,PER
Peru,2021,0.002704,PER
Peru,2022,0.00482657904132717,PER
Philippines,2004,0,PHL
Philippines,2005,0.0214989174458036,PHL
Philippines,2006,0.0551925146752539,PHL
Philippines,2007,0.117104337357807,PHL
Philippines,2008,0.386897030725424,PHL
Philippines,2009,0.21056384858823,PHL
Philippines,2010,0.0912802170117769,PHL
Philippines,2011,0.0105424445525748,PHL
Philippines,2014,4.07128505053098,PHL
Philippines,2015,0.0207984945727989,PHL
Philippines,2016,0.0321501249312815,PHL
Philippines,2017,0.111157138636248,PHL
Philippines,2018,0.0671688513453873,PHL
Philippines,2019,0.01366828771252,PHL
Philippines,2020,0.0618365431779944,PHL
Philippines,2021,0.06,PHL
Philippines,2022,0.472008597942913,PHL
Poland,2000,0.07,POL
Poland,2001,0.0643927155651173,POL
Poland,2002,0.03,POL
Poland,2003,0.06,POL
Poland,2004,12.9443439685362,POL
Poland,2005,24.1962588023808,POL
Poland,2006,28.2691785356349,POL
Poland,2007,26.5481850536744,POL
Poland,2008,34.4111783219731,POL
Poland,2009,30.7461544282442,POL
Poland,2010,32.4948852145249,POL
Poland,2011,40.2083672518296,POL
Poland,2012,41.2110803215318,POL
Poland,2013,54.2106054441665,POL
Poland,2014,61.1529130385872,POL
Poland,2015,56.9478830727165,POL
Poland,2016,144.186145738602,POL
Poland,2017,130.833024907716,POL
Poland,2018,112.908420788378,POL
Poland,2019,93.1627703713885,POL
Poland,2020,134.186246759588,POL
Poland,2021,145.452533454409,POL
Poland,2022,308.984596644502,POL
Portugal,2000,20.4485561869455,PRT
Portugal,2001,21.8935622016419,PRT
Portugal,2002,17.5701264542949,PRT
Portugal,2003,16.5492535041105,PRT
Portugal,2004,40.4184146813479,PRT
Portugal,2005,36.9125572937013,PRT
Portugal,2006,30.4128859425718,PRT
Portugal,2007,22.5297370313813,PRT
Portugal,2008,26.2582675759012,PRT
Portugal,2009,23.4589396830335,PRT
Portugal,2010,25.0747699733099,PRT
Portugal,2011,25.9337609417716,PRT
Portugal,2012,24.5275607942359,PRT
Portugal,2013,24.6129983490831,PRT
Portugal,2014,31.5409388415298,PRT
Portugal,2015,26.5407210078411,PRT
Portugal,2016,57.7699978459592,PRT
Portugal,2017,50.9951407969484,PRT
Portugal,2018,41.0207420624305,PRT
Portugal,2019,44.1493617555422,PRT
Portugal,2020,45.9592658235064,PRT
Portugal,2021,54.2671509335681,PRT
Portugal,2022,100.187622138177,PRT
Puerto Rico (United States),2007,0.0357490160445946,PRI
Puerto Rico (United States),2010,0.00137183935014564,PRI
Qatar,2000,1.14260943967704,QAT
Qatar,2001,2.20588527087409,QAT
Qatar,2002,0,QAT
Qatar,2003,27.6773903307869,QAT
Qatar,2005,55.8228105475409,QAT
Qatar,2006,6.02168262058219,QAT
Qatar,2007,0.219652144823344,QAT
Qatar,2008,2.21805321128657,QAT
Qatar,2009,16.4020200895877,QAT
Qatar,2010,2.22448689412193,QAT
Qatar,2011,14.8207503254989,QAT
Qatar,2012,83.2996889497439,QAT
Qatar,2013,120.458558142718,QAT
Qatar,2014,96.7095174716947,QAT
Qatar,2015,112.204782334001,QAT
Qatar,2016,51.9923028519315,QAT
Qatar,2017,85.4883023702375,QAT
Qatar,2018,47.3472561383938,QAT
Qatar,2019,62.6260467246999,QAT
Qatar,2020,89.3937935336176,QAT
Qatar,2021,29.8604845,QAT
Qatar,2022,31.5204204186537,QAT
Romania,2000,8.11002447542967,ROU
Romania,2001,0,ROU
Romania,2002,10.1347581088537,ROU
Romania,2003,0.504669448827048,ROU
Romania,2004,0.274282349959007,ROU
Romania,2005,1.42730945227661,ROU
Romania,2006,0,ROU
Romania,2007,0.412747112123942,ROU
Romania,2008,2.65969307350439,ROU
Romania,2009,0.567627590819467,ROU
Romania,2010,0.284018726210767,ROU
Romania,2011,0.818019551556561,ROU
Romania,2012,0.706542889614402,ROU
Romania,2013,0.632463682440072,ROU
Romania,2014,1.28054580269375,ROU
Romania,2015,1.71071702151398,ROU
Romania,2016,10.0946178164704,ROU
Romania,2017,4.71967641907307,ROU
Romania,2018,3.79735142806966,ROU
Romania,2019,0.776527753676975,ROU
Romania,2020,2.1955312928896,ROU
Romania,2021,6.29624267896769,ROU
Romania,2022,2.2310861693835,ROU
Russian Federation,2000,6.28918014624818,RUS
Russian Federation,2001,2.30117528401727,RUS
Russian Federation,2002,48.1047529029517,RUS
Russian Federation,2003,43.6109061502472,RUS
Russian Federation,2004,33.1171872080337,RUS
Russian Federation,2005,32.0011633962037,RUS
Russian Federation,2006,31.1001701399773,RUS
Russian Federation,2007,10.6601476149089,RUS
Russian Federation,2008,32.2783419051156,RUS
Russian Federation,2009,47.6920286770269,RUS
Russian Federation,2010,42.0244770838993,RUS
Russian Federation,2011,41.4176276710958,RUS
Russian Federation,2012,32.987426938462,RUS
Russian Federation,2013,26.2296143810805,RUS
Russian Federation,2014,33.1015269977498,RUS
Russian Federation,2015,24.732872958869,RUS
Russian Federation,2016,21.4081703361882,RUS
Russian Federation,2017,8.14899211371704,RUS
Russian Federation,2018,32.5951526021491,RUS
Russian Federation,2019,18.8936305647395,RUS
Russian Federation,2020,75.4346217533205,RUS
Russian Federation,2021,14.067354,RUS
Russian Federation,2022,4.87239209915713,RUS
Rwanda,2000,0.0123357460750172,RWA
Saint Lucia,2008,0.00124986178587741,LCA
Saint Lucia,2009,0.125118967691874,LCA
Saint Lucia,2010,0.220427510334413,LCA
Saint Lucia,2015,0,LCA
Saint Lucia,2016,0,LCA
Saint Vincent and the Grenadines,2010,0.106262614035501,VCT
Saint Vincent and the Grenadines,2015,0,VCT
Samoa,2008,0.11526381947974,WSM
Samoa,2011,0.110029187287267,WSM
San Marino,2000,0.059289113745026,SMR
San Marino,2003,0.0102496474633196,SMR
San Marino,2008,0.0449907187314911,SMR
San Marino,2009,0.122234791688492,SMR
San Marino,2010,0.13101870208726,SMR
San Marino,2011,0.0615087255538841,SMR
San Marino,2013,0.0259740880435087,SMR
San Marino,2014,0.0094489939689702,SMR
San Marino,2015,0.00260006925100861,SMR
San Marino,2018,0.00254812801189097,SMR
Saudi Arabia,2000,328.029987645153,SAU
Saudi Arabia,2001,1596.85424365345,SAU
Saudi Arabia,2002,123.279675894767,SAU
Saudi Arabia,2003,205.609467669282,SAU
Saudi Arabia,2004,101.305679101234,SAU
Saudi Arabia,2005,307.880430012131,SAU
Saudi Arabia,2006,284.196731995019,SAU
Saudi Arabia,2007,365.122031422542,SAU
Saudi Arabia,2008,540.777469966247,SAU
Saudi Arabia,2009,303.692699985441,SAU
Saudi Arabia,2010,452.12186220235,SAU
Saudi Arabia,2011,228.233161543045,SAU
Saudi Arabia,2012,409.176673519992,SAU
Saudi Arabia,2013,309.647209294284,SAU
Saudi Arabia,2014,908.060078629509,SAU
Saudi Arabia,2015,872.093870941798,SAU
Saudi Arabia,2016,743.707884679247,SAU
Saudi Arabia,2017,540.78007451957,SAU
Saudi Arabia,2018,1514.31143314567,SAU
Saudi Arabia,2019,1798.63576727205,SAU
Saudi Arabia,2020,1093.35938335912,SAU
Saudi Arabia,2021,1400.100121,SAU
Saudi Arabia,2022,758.542231361775,SAU
Senegal,2005,0.258367701796189,SEN
Senegal,2008,0.464039785152886,SEN
Senegal,2010,1.02983495876329,SEN
Serbia,2009,0.0353514335805853,SRB
Serbia,2010,0.126540435320498,SRB
Serbia,2011,0.00204027228441785,SRB
Serbia,2013,0.00743103229517938,SRB
Serbia,2015,0.00648766381993313,SRB
Serbia,2016,0.728365987515988,SRB
Serbia,2020,1.2133432333448,SRB
Serbia,2022,2.82467059060384,SRB
Serbia and Montenegro (until 2006-2009),2005,0.475578594917711,SCG
Serbia and Montenegro (until 2006-2009),2008,0,SCG
Seychelles,2000,0,SYC
Sierra Leone,2010,0.106758583221819,SLE
Singapore,2000,0.218280573672812,SGP
Singapore,2001,0.0895552633249205,SGP
Singapore,2002,3.02944793114647,SGP
Singapore,2003,0.0205797083848333,SGP
Singapore,2004,0.150303070982062,SGP
Singapore,2005,15.4412923720124,SGP
Singapore,2006,0.25717215067328,SGP
Singapore,2007,0.342546103326371,SGP
Singapore,2008,8.35012377987185,SGP
Singapore,2009,0.372733163999561,SGP
Singapore,2010,0.411903652869715,SGP
Singapore,2011,0.0631385355050205,SGP
Singapore,2012,0.075337511777657,SGP
Singapore,2013,0.111925927309732,SGP
Singapore,2014,0.755098859172075,SGP
Singapore,2015,0.184130678272886,SGP
Singapore,2016,0.0809932635187074,SGP
Singapore,2017,0.302211378484019,SGP
Singapore,2018,0.0530296826468212,SGP
Singapore,2019,0.0752362987544081,SGP
Singapore,2020,0.659152079001347,SGP
Singapore,2021,0.06998,SGP
Slovak Republic,2000,0,SVK
Slovak Republic,2001,1.14457573657687,SVK
Slovak Republic,2002,0,SVK
Slovak Republic,2003,0.02,SVK
Slovak Republic,2004,2.44263198447584,SVK
Slovak Republic,2005,4.95620611941364,SVK
Slovak Republic,2006,5.51905219605716,SVK
Slovak Republic,2007,5.60166456271248,SVK
Slovak Republic,2008,6.81468274416032,SVK
Slovak Republic,2009,5.685414843884,SVK
Slovak Republic,2010,6.14563277772784,SVK
Slovak Republic,2011,7.74790177637851,SVK
Slovak Republic,2012,7.95989522340995,SVK
Slovak Republic,2013,9.31517079334653,SVK
Slovak Republic,2014,11.1762019198669,SVK
Slovak Republic,2015,12.3777589163337,SVK
Slovak Republic,2016,21.6803213230966,SVK
Slovak Republic,2017,16.8585842226367,SVK
Slovak Republic,2018,14.2385698369672,SVK
Slovak Republic,2019,15.4507083942443,SVK
Slovak Republic,2020,17.3677383569031,SVK
Slovak Republic,2021,20.1389795979294,SVK
Slovak Republic,2022,32.1314702688013,SVK
Slovenia,2000,0,SVN
Slovenia,2001,0,SVN
Slovenia,2002,0.0531832714334676,SVN
Slovenia,2003,0,SVN
Slovenia,2004,0,SVN
Slovenia,2005,0,SVN
Slovenia,2006,0,SVN
Slovenia,2007,0,SVN
Slovenia,2008,4.63488326747791,SVN
Slovenia,2009,4.19064736802085,SVN
Slovenia,2010,3.5820727842102,SVN
Slovenia,2011,5.25310049157632,SVN
Slovenia,2012,5.51197251830338,SVN
Slovenia,2013,5.62685908567891,SVN
Slovenia,2014,6.93229567736754,SVN
Slovenia,2015,7.67698046848722,SVN
Slovenia,2016,13.1671168122476,SVN
Slovenia,2017,10.7143098000223,SVN
Slovenia,2018,10.11461264223,SVN
Slovenia,2019,9.155217043905,SVN
Slovenia,2020,10.9749734778233,SVN
Slovenia,2021,14.6132992088254,SVN
Slovenia,2022,24.3446576472489,SVN
South Africa,2000,2.67510540214388,ZAF
South Africa,2001,0.974110606910925,ZAF
South Africa,2002,0.365757396746391,ZAF
South Africa,2003,31.2555493018074,ZAF
South Africa,2004,14.1267146933761,ZAF
South Africa,2005,0.516838791188738,ZAF
South Africa,2006,23.4138408344428,ZAF
South Africa,2007,1.1163481223484,ZAF
South Africa,2008,1.3760174608771,ZAF
South Africa,2009,1.47863103685386,ZAF
South Africa,2010,0.726625255519969,ZAF
South Africa,2011,1.84642471802668,ZAF
South Africa,2012,0.726712939691287,ZAF
South Africa,2013,1.02962389985018,ZAF
South Africa,2014,1.50977757891492,ZAF
South Africa,2015,0.906639171356797,ZAF
South Africa,2016,0.548703830200805,ZAF
South Africa,2017,1.037370977413,ZAF
South Africa,2018,2.17949649278298,ZAF
South Africa,2019,0.787317555174032,ZAF
South Africa,2020,0.100916458175302,ZAF
South Africa,2021,0.247577,ZAF
Spain,2000,152.871771614322,ESP
Spain,2001,156.300844360663,ESP
Spain,2002,140.166788135961,ESP
Spain,2003,212.257063037133,ESP
Spain,2004,213.127493412687,ESP
Spain,2005,285.693838220233,ESP
Spain,2006,317.240949337312,ESP
Spain,2007,361.022152047772,ESP
Spain,2008,555.375375563907,ESP
Spain,2009,583.716153381074,ESP
Spain,2010,447.509504386475,ESP
Spain,2011,440.123591062066,ESP
Spain,2012,233.701739384057,ESP
Spain,2013,206.834582039264,ESP
Spain,2014,242.159754315988,ESP
Spain,2015,214.501854122499,ESP
Spain,2016,373.174889088664,ESP
Spain,2017,311.558515699964,ESP
Spain,2018,308.039948732758,ESP
Spain,2019,287.008592499826,ESP
Spain,2020,369.138710387796,ESP
Spain,2021,453.181325810389,ESP
Spain,2022,530.987253641098,ESP
Sri Lanka,2006,0.0135577620607408,LKA
Sri Lanka,2007,0.0252862672446493,LKA
Sri Lanka,2008,1.24379387500766,LKA
Sri Lanka,2009,0.0373752509767596,LKA
Sri Lanka,2010,0.0358803316090077,LKA
Sri Lanka,2011,0.00920775819822278,LKA
Sri Lanka,2012,3.86868565676207,LKA
Sri Lanka,2013,0.0229051332565939,LKA
Sri Lanka,2014,0.909072457109263,LKA
Sri Lanka,2015,0,LKA
Sri Lanka,2017,0.0370388277377626,LKA
Sri Lanka,2018,0.00946277735270274,LKA
Sri Lanka,2019,0.010022064562949,LKA
Sudan,2000,0.0184469004310167,SDN
Sudan,2010,1.61539374955795,SDN
Sudan,2011,2.16764235434235,SDN
Sudan,2015,0,SDN
Suriname,2010,0.702906299191359,SUR
Sweden,2000,525.965148935037,SWE
Sweden,2001,576.804061031105,SWE
Sweden,2002,563.549436111661,SWE
Sweden,2003,617.471030550103,SWE
Sweden,2004,518.21308302945,SWE
Sweden,2005,626.777773893375,SWE
Sweden,2006,509.61820913116,SWE
Sweden,2007,489.677006520345,SWE
Sweden,2008,562.21151172851,SWE
Sweden,2009,611.442393339541,SWE
Sweden,2010,634.989788772842,SWE
Sweden,2011,783.763402375281,SWE
Sweden,2012,735.184241655722,SWE
Sweden,2013,740.94234827424,SWE
Sweden,2014,883.404460411126,SWE
Sweden,2015,992.917504818449,SWE
Sweden,2016,765.754741597992,SWE
Sweden,2017,970.626172546712,SWE
Sweden,2018,1147.91005264887,SWE
Sweden,2019,1024.94785455446,SWE
Sweden,2020,1136.3282641332,SWE
Sweden,2021,1071.6957507965,SWE
Sweden,2022,1294.55460824314,SWE
Switzerland,2000,318.213606619337,CHE
Switzerland,2001,308.363919822814,CHE
Switzerland,2002,329.850847958121,CHE
Switzerland,2003,298.338664258979,CHE
Switzerland,2004,537.300348690031,CHE
Switzerland,2005,302.184623868104,CHE
Switzerland,2006,283.206075260301,CHE
Switzerland,2007,266.625720415242,CHE
Switzerland,2008,235.687333378466,CHE
Switzerland,2009,224.61263131068,CHE
Switzerland,2010,243.327320494273,CHE
Switzerland,2010,0.107013340374771,CHE
Switzerland,2011,342.934225405622,CHE
Switzerland,2012,352.602547580311,CHE
Switzerland,2013,397.449423007086,CHE
Switzerland,2014,457.702502248744,CHE
Switzerland,2015,529.124629091549,CHE
Switzerland,2016,474.828402336328,CHE
Switzerland,2017,450.726202153659,CHE
Switzerland,2018,438.3170101427,CHE
Switzerland,2019,464.365812903557,CHE
Switzerland,2020,718.315910515871,CHE
Switzerland,2021,468.569204199194,CHE
Switzerland,2022,654.988480531159,CHE
Syrian Arab Republic,2004,0.402605524619258,SYR
Syrian Arab Republic,2005,0,SYR
Syrian Arab Republic,2009,0.0107212003133661,SYR
Syrian Arab Republic,2010,0.00531554401971764,SYR
Tajikistan,2005,0,TJK
Tajikistan,2008,0.104703237299164,TJK
Tajikistan,2009,0.000454169063181319,TJK
Tajikistan,2010,0.06146052033494,TJK
Tajikistan,2011,0.0855474917646367,TJK
Tajikistan,2012,0.00128228697241412,TJK
"Tanzania, United Republic of",2008,0.14749086738571,TZA
"Tanzania, United Republic of",2011,0.00439980129330913,TZA
"Tanzania, United Republic of",2012,0.236565258289263,TZA
Thailand,2000,0.44519507938315,THA
Thailand,2001,0.187303962111595,THA
Thailand,2002,1.45797982627164,THA
Thailand,2003,0.755615432326434,THA
Thailand,2005,19.0975955435501,THA
Thailand,2006,0.189121098528965,THA
Thailand,2007,0.0419977557473971,THA
Thailand,2008,36.8324396739271,THA
Thailand,2009,0.343202250321792,THA
Thailand,2010,13.7232081755489,THA
Thailand,2011,0.326149709625856,THA
Thailand,2012,0.0217473260407764,THA
Thailand,2013,0.551332497291807,THA
Thailand,2014,2.83240289450727,THA
Thailand,2015,18.7396200730362,THA
Thailand,2016,0.138835901202799,THA
Thailand,2017,0.618040667870708,THA
Thailand,2018,0.143562421238679,THA
Thailand,2019,0.146276938912584,THA
Thailand,2020,0.111955317672526,THA
Thailand,2021,0.25,THA
Thailand,2022,0.958988527820675,THA
Timor-Leste,2005,0.234448857412056,TLS
Timor-Leste,2008,0.00472427157770505,TLS
Timor-Leste,2010,1.74151113027106,TLS
Timor-Leste,2011,1.56189802329519,TLS
Timor-Leste,2020,0.00291367813806845,TLS
Timor-Leste,2022,1.53340789833288,TLS
Togo,2015,0.00180829995163118,TGO
Tonga,2008,0.0589681725593964,TON
Tonga,2011,0.109847293001877,TON
Tonga,2016,0,TON
Trinidad and Tobago,2001,0.107032185899708,TTO
Trinidad and Tobago,2004,2.05688188073874,TTO
Trinidad and Tobago,2005,2.78310109114171,TTO
Trinidad and Tobago,2006,0.055426112426179,TTO
Trinidad and Tobago,2007,0.0610510530812268,TTO
Trinidad and Tobago,2008,0.0196597816487739,TTO
Trinidad and Tobago,2010,1.2376778637221,TTO
Trinidad and Tobago,2014,0.0207480547313853,TTO
Trinidad and Tobago,2015,0.305280328575678,TTO
Trinidad and Tobago,2016,0,TTO
Tunisia,2000,0,TUN
Tunisia,2005,0,TUN
Tunisia,2009,0.0928649026997756,TUN
Tunisia,2010,0.904738378550477,TUN
Tunisia,2019,0.00585165910658713,TUN
Tunisia,2021,0.005,TUN
Turkmenistan,2008,0,TKM
Turkmenistan,2010,0.706217437935906,TKM
Turkmenistan,2020,0.115660723188173,TKM
Turkmenistan,2021,0.1,TKM
Turkmenistan,2022,0.083994879209774,TKM
Tuvalu,2005,0.016738235030795,TUV
Tuvalu,2009,0.00149776207952587,TUV
T眉rkiye,2000,3.34744519458779,TUR
T眉rkiye,2001,0.0424957960589858,TUR
T眉rkiye,2002,5.00747388654612,TUR
T眉rkiye,2003,6.02951041187975,TUR
T眉rkiye,2004,5.48860779890724,TUR
T眉rkiye,2005,58.1330265904319,TUR
T眉rkiye,2006,7.66813520176237,TUR
T眉rkiye,2007,7.82956192249556,TUR
T眉rkiye,2008,5.16210965352147,TUR
T眉rkiye,2009,2.95426765322683,TUR
T眉rkiye,2010,35.1165093930344,TUR
T眉rkiye,2011,37.413445277527,TUR
T眉rkiye,2012,5.79014600830539,TUR
T眉rkiye,2013,0.254655300807708,TUR
T眉rkiye,2014,11.7605642583904,TUR
T眉rkiye,2015,5.59001455551621,TUR
T眉rkiye,2016,2.85881122898603,TUR
T眉rkiye,2017,19.6422031269144,TUR
T眉rkiye,2018,2.0162870354301,TUR
T眉rkiye,2019,7.29077341047504,TUR
T眉rkiye,2020,8.12786255951849,TUR
T眉rkiye,2021,11.421544,TUR
T眉rkiye,2022,16.7574200198319,TUR
Uganda,2010,0.104478837817597,UGA
Ukraine,2005,0,UKR
Ukraine,2008,0,UKR
Ukraine,2009,0.960043699304864,UKR
Ukraine,2010,1.49357800173845,UKR
Ukraine,2012,0.151631811343446,UKR
Ukraine,2019,0.46692635708405,UKR
Ukraine,2020,0,UKR
United Arab Emirates,2000,0.898708237562537,ARE
United Arab Emirates,2001,0.00987704123588202,ARE
United Arab Emirates,2002,0,ARE
United Arab Emirates,2003,4.63837647987032,ARE
United Arab Emirates,2004,163.350826308512,ARE
United Arab Emirates,2005,146.963380862356,ARE
United Arab Emirates,2006,60.2261336304663,ARE
United Arab Emirates,2007,51.960038485285,ARE
United Arab Emirates,2008,106.308141968,ARE
United Arab Emirates,2009,407.484642500398,ARE
United Arab Emirates,2010,112.051967480534,ARE
United Arab Emirates,2011,173.927934233513,ARE
United Arab Emirates,2012,35.7668476593918,ARE
United Arab Emirates,2013,87.5565897061914,ARE
United Arab Emirates,2014,307.075763754216,ARE
United Arab Emirates,2015,751.985850679901,ARE
United Arab Emirates,2016,801.119251394824,ARE
United Arab Emirates,2017,279.946671893197,ARE
United Arab Emirates,2018,2016.39566128337,ARE
United Arab Emirates,2019,723.723373726929,ARE
United Arab Emirates,2020,456.290426287308,ARE
United Arab Emirates,2021,397.264366,ARE
United Arab Emirates,2022,411.622721346054,ARE
United Kingdom,2000,704.601526090375,GBR
United Kingdom,2001,625.966933279053,GBR
United Kingdom,2002,792.945702519198,GBR
United Kingdom,2003,937.470904006341,GBR
United Kingdom,2004,849.258609701524,GBR
United Kingdom,2005,902.848485133407,GBR
United Kingdom,2006,1143.25905648164,GBR
United Kingdom,2007,834.439023635412,GBR
United Kingdom,2008,996.611846683204,GBR
United Kingdom,2009,1131.4044192209,GBR
United Kingdom,2010,996.958418429442,GBR
United Kingdom,2011,1334.56883215609,GBR
United Kingdom,2012,1227.89949252753,GBR
United Kingdom,2013,1930.45493903048,GBR
United Kingdom,2014,2469.04854664182,GBR
United Kingdom,2015,2652.58530196283,GBR
United Kingdom,2016,2906.07997212189,GBR
United Kingdom,2017,2918.56735547094,GBR
United Kingdom,2018,2800.83201279677,GBR
United Kingdom,2019,3372.4363743178,GBR
United Kingdom,2020,2833.65545896185,GBR
United Kingdom,2021,1689.97436686527,GBR
United Kingdom,2022,1968.89357477498,GBR
United States,2000,2290.26360144407,USA
United States,2001,2192.68913986632,USA
United States,2002,2645.5369333432,USA
United States,2003,4583.90935980254,USA
United States,2004,4208.36951890189,USA
United States,2005,4624.48405268065,USA
United States,2006,3993.697455094,USA
United States,2007,3875.09158911435,USA
United States,2008,5542.67436259577,USA
United States,2009,5505.14760837264,USA
United States,2010,5999.50652252667,USA
United States,2010,0.00135185034161417,USA
United States,2011,5373.52131475924,USA
United States,2012,4721.33877966326,USA
United States,2013,5775.85739977007,USA
United States,2014,6939.99347847019,USA
United States,2015,7077.97752496153,USA
United States,2016,7173.42025944053,USA
United States,2017,8065.64857066103,USA
United States,2018,8042.19563382352,USA
United States,2019,9085.485084473,USA
United States,2020,9157.06898815245,USA
United States,2021,12506.9478068762,USA
United States,2022,14969.4979844298,USA
Uruguay,2010,0,URY
Uruguay,2012,0.0048082716004886,URY
Uruguay,2014,0.222996343012344,URY
Uzbekistan,2008,0.39284771374242,UZB
Uzbekistan,2009,0.125575190193167,UZB
Uzbekistan,2010,0.16675357940323,UZB
Uzbekistan,2011,0.13050439152302,UZB
Uzbekistan,2021,0.1,UZB
"Venezuela, Bolivarian Republic of",2001,1.22741932564003,VEN
"Venezuela, Bolivarian Republic of",2004,0,VEN
"Venezuela, Bolivarian Republic of",2005,2.65966389697832,VEN
"Venezuela, Bolivarian Republic of",2006,1.0203991123047,VEN
"Venezuela, Bolivarian Republic of",2007,0,VEN
"Venezuela, Bolivarian Republic of",2008,0.509916563965047,VEN
"Venezuela, Bolivarian Republic of",2009,0.162188211996301,VEN
"Venezuela, Bolivarian Republic of",2010,0.000687345876283195,VEN
"Venezuela, Bolivarian Republic of",2011,0.179706532839923,VEN
"Venezuela, Bolivarian Republic of",2014,4.96402909666595,VEN
"Venezuela, Bolivarian Republic of",2015,0,VEN
"Venezuela, Bolivarian Republic of",2017,0,VEN
Viet Nam,2001,0,VNM
Viet Nam,2008,0.42300634591592,VNM
Viet Nam,2009,0.301769236874083,VNM
Viet Nam,2010,0.385774536685904,VNM
Viet Nam,2011,0.281896494027081,VNM
Viet Nam,2014,0.0320555270035795,VNM
Viet Nam,2016,0.0112650057994157,VNM
Viet Nam,2017,0.0109630806806525,VNM
Viet Nam,2019,0.0633695308751622,VNM
Viet Nam,2020,0.0520487410484537,VNM
Viet Nam,2021,0.02,VNM
Viet Nam,2022,0.294781252753093,VNM
"Virgin Islands, British",2010,0.0850487043154823,VGB
"Virgin Islands, British",2016,0,VGB
Yemen,2003,0,YEM
Yemen,2010,0,YEM
Zambia,2000,0.040469636503591,ZMB
Zambia,2012,0.0532838042746828,ZMB
Zimbabwe,2004,0.0123477238542131,ZWE
Zimbabwe,2006,7.79297673830325,ZWE
occupied Palestinian territory,2008,0.0429596137840768,PSE
occupied Palestinian territory,2021,0.124916,PSE
