year,recipient,commitment,paid,pledge
,"",,3646566.22350497,
,Central African Republic,2186845.82914965,,
,Yemen,,6961051.36890227,
2001,Sudan,1038987.76549381,,
2009,Uganda,2290250.26205348,,
2010,Afghanistan,3783340.50912186,,
2010,Pakistan,4457325.516059,,
2010,Uganda,2392599.59652026,,
2011,Afghanistan,3565372.4340955,,
2011,Pakistan,4200527.41391652,,
2011,Uganda,2254755.71831131,,
2011,Zimbabwe,1446268.53844805,,
2012,Afghanistan,3800268.39614179,,
2012,Pakistan,4477269.0296193,,
2012,Uganda,2403304.85964848,,
2012,Zimbabwe,1541552.45225949,,
2013,Afghanistan,3608269.70967395,0,
2013,Bangladesh,,0,
2013,Pakistan,4251066.64519751,,
2013,Uganda,2281884.12612799,,
2013,Zimbabwe,1463669.52002881,,
2014,"",,0,
2014,Afghanistan,3544405.90730258,0,
2014,Bangladesh,,0,
2014,Cambodia,4577714.52651356,,
2014,Pakistan,4175825.79516666,472956.553801953,
2014,South Sudan,0,,
2014,Sudan,,0,
2014,Uganda,2241496.40331594,,
2014,Zimbabwe,1437763.61263128,,
2015,"",6297036.49852822,95583291.6244956,
2015,Afghanistan,4162158.96287393,0,
2015,Bangladesh,,0,
2015,Cambodia,5375562.51860181,,
2015,"Congo, The Democratic Republic of the",0,,
2015,Ethiopia,,0,
2015,Guinea,21030310.1207391,,
2015,Iraq,0,,
2015,Jordan,,0,
2015,Lebanon,,0,
2015,Myanmar,9465338.5641571,,
2015,Pakistan,4903628.76468069,820283.837559397,
2015,Sierra Leone,21916607.2808504,,
2015,South Sudan,0,1247327.8197383,
2015,Sudan,9942029.58574623,0,
2015,Uganda,2632165.89445625,,
2015,Ukraine,0,,
2015,United Kingdom,,0,
2015,Zimbabwe,1688350.84448933,,
2016,"",2782345760.81615,4534577174.10954,136394436.5769
2016,Afghanistan,377228190.081548,796882229.148059,10713450.562832
2016,Albania,123783.128194162,,
2016,Algeria,53652209.132003,2068853.65690745,
2016,Angola,10027342.8111093,16413058.7043437,
2016,Armenia,4392741.63568318,1863261.52845583,
2016,Azerbaijan,1140274.43960443,,
2016,Bahamas,1076994.29025078,521130.812171948,199760.604693968
2016,Bangladesh,63108393.7702916,14263264.3974308,
2016,Belgium,1594716.56737388,,
2016,Belize,401106.811907774,62535.6974606338,
2016,Benin,32521.1932997168,2426542.7014279,
2016,Bhutan,694069.114452834,,
2016,"Bolivia, Plurinational State of",13093573.4377839,,
2016,Bosnia and Herzegovina,5020900.21398662,,
2016,Brazil,1140274.43960443,1553122.43367602,
2016,Bulgaria,,63651.0276851987,
2016,Burkina Faso,69393881.0289599,107295629.772743,
2016,Burundi,70752993.7333367,117097074.883386,
2016,Cambodia,28212816.2276937,4365611.53288152,
2016,Cameroon,69793983.6462569,341658671.458783,2017582.98082531
2016,Canada,106188.577938174,,
2016,Cape Verde,10359.245585901,,
2016,Central African Republic,249545061.41088,362195510.558386,7144282.91103562
2016,Chad,115534185.825091,715170586.064046,
2016,China,1699017.24701078,,
2016,Colombia,102591797.38616,20093473.5738762,
2016,Comoros,,252319.79859437,
2016,Congo,19220907.8514602,34028293.4706228,
2016,"Congo, The Democratic Republic of the",426915336.767968,693847074.7584,38378501.9782641
2016,Costa Rica,3799800.88275246,,
2016,Croatia,102642.058786497,2138756.2900489,
2016,Cuba,11741447.8643875,3857225.75226582,
2016,Côte d'Ivoire,32250537.6067905,3746059.4541683,
2016,Denmark,,21237715.5876348,
2016,Djibouti,8913177.53998976,58549981.179428,
2016,Dominica,351768.566775147,,
2016,Dominican Republic,3646680.60613978,1671512.47924463,
2016,Ecuador,48201942.4513445,57571091.6777816,5208652.11283094
2016,Egypt,72025339.6133262,122766980.363196,
2016,El Salvador,9123251.41928245,1189417.12001033,
2016,Eritrea,9624004.75612442,8947244.15486055,
2016,Eswatini,21702407.7227284,21952059.6013949,
2016,Ethiopia,672985253.24056,2248462413.43492,16650754.8058683
2016,Fiji,35118828.2351913,54959014.0673095,6726531.45845917
2016,Gambia,917659.247153584,4520732.79840811,
2016,Georgia,3345159.45263332,,
2016,Ghana,660028.849801762,823754.325803652,
2016,Greece,380211736.929765,567578556.321499,
2016,Guatemala,13762163.0300212,27867026.6507699,
2016,Guinea,7261169.26232964,24084456.2420162,
2016,Guinea-Bissau,,2867105.53652942,
2016,Haiti,299535202.032963,192384795.154646,12960341.7247427
2016,Honduras,4292162.60948958,12319234.887554,
2016,India,38977471.3278883,2966391.12313947,
2016,Indonesia,37397740.0697313,1505065.39149431,
2016,"Iran, Islamic Republic of",49112470.8679389,3425547.9906648,
2016,Iraq,2326121369.76675,2083333096.92282,3906916.74220549
2016,Israel,1794585.28938612,,
2016,Italy,66254.570535922,,
2016,Jamaica,228215.110085764,,
2016,Jordan,337047376.792953,1675850326.84185,4054331.65249865
2016,Kazakhstan,1866345.64596967,8196012.5381732,
2016,Kenya,243053505.744792,197831601.444537,
2016,"Korea, Democratic People's Republic of",40548324.4192153,49211097.1913573,4471924.04598398
2016,"Korea, Republic of",806032.895925945,,
2016,Kyrgyzstan,1430131.28301049,2973681.60126806,0
2016,Lao People's Democratic Republic,4497017.65669033,,
2016,Lebanon,423024680.888699,2390636683.74778,
2016,Lesotho,44461754.957852,14220322.826488,
2016,Liberia,30152837.1643261,8061531.14080031,
2016,Libya,90411900.214648,153420550.676223,8205665.31728528
2016,Madagascar,102940510.43985,29118044.468358,
2016,Malawi,310760808.739384,28675667.3591779,
2016,Malaysia,1221402.26116046,,
2016,Maldives,,212934.816333663,
2016,Mali,293409306.288655,161173433.987336,
2016,Malta,505998.347836349,,
2016,Marshall Islands,5923819.22536287,105547.548264141,
2016,Mauritania,32954687.4007787,59414081.6466706,
2016,"Micronesia, Federated States of",55657764.0676053,,
2016,Mongolia,13717294.1712002,3245396.39952391,
2016,Morocco,3422442.3450786,8773.59361802527,
2016,Mozambique,128149138.706607,30879177.6597089,
2016,Multi-recipient,147814.500489938,87398321.6403311,12582432.355659
2016,Myanmar,327081788.996571,81078346.5844358,1493284.70493722
2016,Namibia,,2123771.55876348,
2016,Nepal,31139973.3215225,11338516.571259,
2016,Netherlands,1569766.83662898,,
2016,Nicaragua,3723338.75088161,1916915.02247036,
2016,Niger,194614435.753847,239378941.435457,
2016,Nigeria,616977537.153665,483505740.998394,
2016,"North Macedonia, Republic of",13436913.8465722,80755184.4324068,335795.322301222
2016,Pakistan,141896568.235446,879083002.992759,
2016,Palau,673609.428341026,,
2016,Panama,5608248.41900651,1925065.32011053,
2016,Papua New Guinea,26397672.5442917,8889896.35291572,
2016,Paraguay,4414941.7412905,2144428.27780858,
2016,Peru,3396451.44030217,,
2016,Philippines,37598062.9002346,15576885.7574887,
2016,Portugal,106188.577938174,,
2016,Rwanda,61360378.4507463,63544591.9379147,
2016,Saint Vincent and the Grenadines,288301.577879379,,
2016,Senegal,14574629.7653491,8840395.50208548,
2016,Serbia,26652832.4583681,32881777.35185,
2016,Sierra Leone,7363160.11350126,46404364.6191129,
2016,Slovenia,,3887433.82775112,
2016,Solomon Islands,2943046.91128977,685097.076037944,
2016,Somalia,616670058.645135,1268666877.8513,8022463.46295986
2016,South Africa,11384296.0204808,,
2016,South Sudan,957533577.977195,3369587208.11362,713070.990292774
2016,Sri Lanka,16558403.1929474,12295867.7379113,60137.7883586985
2016,Sudan,345070011.939777,1818041905.90145,5442511.87052066
2016,Switzerland,884132.717812344,,
2016,Syrian Arab Republic,2416408122.9737,4495322257.38332,57224851.476406
2016,"Taiwan, Province of China",424754.311752696,2400792.62168405,
2016,Tajikistan,13931440.6340938,29255082.7539945,
2016,"Tanzania, United Republic of",141439329.154966,141494178.424917,1663263.18938603
2016,Thailand,42944469.1581907,1793839.29839948,
2016,Timor-Leste,8175611.26540001,2741154.25557844,
2016,Togo,414459.040627077,333527.888836544,
2016,Tonga,1037254.2768432,479822.460166654,
2016,Tunisia,5095486.92891371,185585.104830674,
2016,Turkey,380094006.148142,1050447667.30678,10135829.1312466
2016,Uganda,203768515.887751,108821799.669257,
2016,Ukraine,297856276.573851,184605000.144917,9669842.78525658
2016,United Arab Emirates,,1486640.09113444,
2016,United Kingdom,,236429.291176681,
2016,Uruguay,106188.577938174,,
2016,Uzbekistan,354108.386870839,,
2016,Vanuatu,6706614.93577721,863804.881023676,
2016,"Venezuela, Bolivarian Republic of",5160999.53688561,,
2016,Viet Nam,10049750.4774242,9952875.53567906,
2016,Yemen,1351679029.59735,2907558189.26113,102866472.116819
2016,Zambia,9246347.44601735,4166575.24247489,
2016,Zimbabwe,341285446.362587,235859368.658372,
2016,occupied Palestinian territory,453019069.530909,1111750215.33561,7244374.87989
2017,"",157463327.620668,194320366.578332,
2017,Afghanistan,18083242.4417901,1142268.53253937,
2017,Bangladesh,7521197.92473807,29292236.7296776,277036.674796966
2017,Belgium,205333.509012747,,
2017,Benin,0,,
2017,"Bolivia, Plurinational State of",2128205.86891506,,
2017,Burkina Faso,17201424.3676309,,
2017,Burundi,8718522.38777989,5301126.50673524,
2017,Cambodia,7621796.42560096,,
2017,Cameroon,17201500.610209,16321893.9081962,
2017,Central African Republic,18783855.5832431,13570761.7365321,
2017,Chad,35054780.5250973,72969392.2807392,
2017,Colombia,0,270967.233223786,
2017,Congo,3660363.68873317,,
2017,"Congo, The Democratic Republic of the",7795043.64012424,1020857.78403115,2552113.24144251
2017,Costa Rica,208458.002075762,,
2017,Cuba,0,,
2017,Djibouti,,695005.05078315,
2017,Egypt,41661958.9021863,713584.95148495,
2017,Eritrea,,105862.415487058,
2017,Ethiopia,6560184.623498,28192210.9936078,
2017,Germany,0,,
2017,Greece,37214670.4929381,139924866.920158,
2017,Guinea,660096.55157043,,
2017,Haiti,43177293.0904362,2594703.2666443,
2017,Honduras,0,,
2017,Indonesia,1374988.64136274,,
2017,"Iran, Islamic Republic of",6948827.5529562,2186233.61691137,
2017,Iraq,230196455.967615,62638516.0187575,
2017,Jordan,997051.016916182,136457280.633097,
2017,Kazakhstan,,321760.042241722,
2017,Kenya,1037455.39203784,18712506.1271662,
2017,Lebanon,70318264.4007682,106323375.288398,
2017,Liberia,0,,
2017,Libya,5178107.70655769,12906959.4099381,
2017,Madagascar,0,15850699.7022627,
2017,Malawi,10792706.5389236,,
2017,Mali,8988721.87212848,45266736.3610983,
2017,Marshall Islands,,0,
2017,Mauritania,,1815872.11757227,
2017,Mexico,377280.554779857,,
2017,Morocco,0,,
2017,Mozambique,0,,
2017,Multi-recipient,8855473.35890868,794406686.175185,
2017,Myanmar,39276704.9724257,6322085.08981185,
2017,Nepal,0,86161.9849413899,
2017,Niger,15632000.6178754,71520423.3949907,
2017,Nigeria,28118214.4620563,73452689.1086892,
2017,"North Macedonia, Republic of",1730438.13003685,32776.010058302,
2017,Pakistan,13291035.9730805,1723991.49855851,
2017,Philippines,983765.550009231,2377889.28722666,
2017,Rwanda,,5836788.62026099,
2017,Senegal,,1756062.82440056,
2017,Serbia,1469147.77785207,6914935.74184872,
2017,Sierra Leone,0,,
2017,Somalia,107882891.109923,33950199.4131978,
2017,South Africa,,853147.250813828,
2017,South Sudan,174030249.739353,24578896.5465638,
2017,Sri Lanka,688185.592190395,56911.4444649841,
2017,Sudan,12650777.1731991,27812777.2681572,
2017,Switzerland,129568.306771004,39447.9766057951,
2017,Syrian Arab Republic,106661803.439073,207755668.402415,
2017,Tajikistan,1167405.58285815,,
2017,"Tanzania, United Republic of",0,26344123.8730746,
2017,Togo,0,,
2017,Turkey,134483876.683648,132469947.952665,
2017,Uganda,7522084.2232193,10555307.5802606,
2017,Ukraine,35557893.2999442,8701339.37722071,
2017,"Venezuela, Bolivarian Republic of",214024.15742559,,
2017,Yemen,15884273.6600504,159103682.906529,
2017,Zimbabwe,,3523.42108126746,
2017,occupied Palestinian territory,6018753.94222953,38582688.1248657,
2018,"",867070366.004805,1036592994.07497,51519522.2298875
2018,Afghanistan,274909997.296635,389404272.96447,
2018,Albania,3482.42122349373,198993.042689579,
2018,Algeria,22314598.2479375,7865217.21281796,
2018,Angola,4580332.10888842,5040913.19422434,
2018,Anguilla (United Kingdom),574345.846292934,,
2018,Antigua and Barbuda,3553983.19262442,1471496.25379568,
2018,Argentina,,188591.612102952,
2018,Armenia,1683.36662390765,,
2018,Azerbaijan,598803.689284833,,
2018,Bangladesh,187687758.870913,743870834.532758,248444.113594943
2018,Barbados,2057641.96440641,,
2018,Belarus,315465.575981863,,
2018,Benin,64058.180916391,2444125.04482142,
2018,"Bolivia, Plurinational State of",2484328.1554338,,
2018,Bosnia and Herzegovina,3703447.19886595,147439.762256841,
2018,Brazil,7865273.01206945,2057592.64397628,
2018,Burkina Faso,39094882.5734296,55376495.9741431,
2018,Burundi,50691550.7313873,92692279.5789154,
2018,Cambodia,10362410.6740478,170305.424901412,
2018,Cameroon,85234179.1745904,124339651.136278,
2018,Cape Verde,50892.5789876491,509695.991750895,
2018,Central African Republic,151261198.521599,290076193.837975,3208205.37229379
2018,Chad,154487620.198843,222725570.007994,
2018,Chile,,255397.282688459,
2018,Colombia,102994088.308313,26667185.4342074,1097329.70398982
2018,Comoros,,184535.986390349,
2018,Congo,14097774.9566495,4037052.09732764,
2018,"Congo, The Democratic Republic of the",429617181.566402,776144430.937478,7303046.59923652
2018,Costa Rica,6473510.71743116,247028.50699973,
2018,Cuba,1049658.60340435,98070.8187224111,
2018,Curaçao,,37060.9938703858,
2018,Côte d'Ivoire,294294.858727677,,
2018,Djibouti,6525964.90018924,5427153.46341361,
2018,Dominica,47815.8421150293,,
2018,Dominican Republic,1765996.74039014,255619.346014457,
2018,Ecuador,13768838.1412395,2091047.92877326,
2018,Egypt,34267376.2113137,40533239.8070348,
2018,El Salvador,2593952.84585102,44122.6471861782,
2018,Eritrea,1908311.24699971,11886074.1827804,
2018,Estonia,,22722.9060518529,
2018,Eswatini,5482046.82339159,589653.634369859,
2018,Ethiopia,569624263.189937,430553085.874323,676879.04699986
2018,Fiji,132999.169647296,889990.481879881,
2018,Gambia,,2465121.9273707,
2018,Georgia,605299.031002243,,
2018,Germany,0,,
2018,Ghana,,1038982.70972915,
2018,Greece,244873184.905304,602920.913672985,
2018,Guatemala,30345290.7135796,1722350.59426552,
2018,Guinea,1273425.62550901,793006.926327598,
2018,Guinea-Bissau,1633023.56525408,610711.861985914,
2018,Guyana,94016.9147186234,98878.1738635237,
2018,Haiti,44659082.8735168,41199603.014701,
2018,Honduras,9236314.14685351,1482767.42246873,
2018,India,2993344.6595125,5357577.63306387,
2018,Indonesia,33560043.3678866,27596448.7155821,
2018,"Iran, Islamic Republic of",15965639.4221307,1639322.72839357,
2018,Iraq,1071265474.64946,703519884.146266,
2018,Italy,3575635.99684327,,
2018,Japan,152677.736962947,401947.27578199,
2018,Jordan,176689477.226495,596273214.049761,
2018,Kenya,198754741.992855,28914545.638541,
2018,"Korea, Democratic People's Republic of",6557795.92685012,30673723.0381492,
2018,"Korea, Republic of",377168.974283787,,
2018,Kyrgyzstan,,26846.5579960011,
2018,Lao People's Democratic Republic,4395203.04943294,4584456.75000334,
2018,Latvia,,16138.7445744343,
2018,Lebanon,280018359.852532,1005633485.15365,
2018,Lesotho,439065.366615858,794777.600394277,
2018,Liberia,377731.013451351,2386659.6925325,
2018,Libya,65583585.0635671,71613045.2719531,4982880.81815083
2018,Madagascar,33814163.4615761,1880260.64322262,
2018,Malawi,22751497.8323371,3852541.62737692,
2018,Malaysia,,362954.370558379,
2018,Maldives,,111816.707781602,
2018,Mali,152197277.061755,159141202.5141,
2018,Marshall Islands,,33441.7057800884,
2018,Mauritania,48735585.6107243,54029285.1584106,
2018,Mexico,18664072.1106896,2156622.66970497,
2018,"Micronesia, Federated States of",3703562.90090184,,
2018,Mongolia,908222.146422985,152839.622163576,
2018,Morocco,2042260.9780897,128654.637366792,
2018,Mozambique,14952250.4152918,3283597.69809348,
2018,Multi-recipient,402953776.689635,82951292.9055389,9529942.37754649
2018,Myanmar,131701849.407047,130217357.996066,
2018,Namibia,,873835.194865162,
2018,Nepal,7726533.27253048,646994.645547617,
2018,Nicaragua,1435092.1747681,1606996.72918023,
2018,Niger,119001771.432398,230689032.063744,
2018,Nigeria,378784941.864252,718790213.436291,
2018,"North Macedonia, Republic of",,29453.0294614659,
2018,Pakistan,62221398.5078211,109605636.396263,3351815.87348138
2018,Palau,205997.891968307,,
2018,Panama,2226509.61664646,2669166.74337447,
2018,Papua New Guinea,7279828.08204604,13389343.1989757,
2018,Peru,13315121.479786,2341016.13730907,
2018,Philippines,35354286.6531649,9064491.42643665,250068.227358082
2018,Puerto Rico (United States),1027.01224397076,,
2018,Russian Federation,284838.183933894,26846.5579960011,
2018,Rwanda,14306890.357424,4729218.02122873,
2018,Samoa,,355834.101746746,
2018,Senegal,8510406.42093,3181548.09884111,
2018,Serbia,482334.52345758,275931.840525932,
2018,Sierra Leone,273876.681429151,3079801.66864596,
2018,Solomon Islands,508925.789876491,,
2018,Somalia,737595359.815272,807569785.767862,
2018,South Africa,236952.486487452,,
2018,South Sudan,669805773.507228,1312918428.66122,244954.363696257
2018,Sri Lanka,1257236.90099453,1051327.24822887,
2018,Sudan,375230057.859847,544055352.72312,2670834.37046433
2018,Switzerland,472376.980710747,35160.387755058,
2018,Syrian Arab Republic,990520873.776322,1955462227.30569,69219168.7259458
2018,Tajikistan,2833882.77937584,774940.910506603,
2018,"Tanzania, United Republic of",17546956.9769657,28753389.8650842,
2018,Thailand,886454.45932511,367520.729808752,
2018,Timor-Leste,1424992.21165417,,
2018,Togo,455410.503069594,1228804.34075565,
2018,Tonga,8568434.53141961,4694170.16035051,
2018,Trinidad and Tobago,2107069.82302034,,
2018,Tunisia,1893979.82054247,498337.36820455,
2018,Turkey,884067953.165382,473896352.155566,
2018,Uganda,141592451.073848,189231564.860242,
2018,Ukraine,136056206.127609,47508029.0660113,
2018,United Arab Emirates,,29429.4858727677,
2018,United States,,74303.1653219677,
2018,Uruguay,,85892.4234090351,
2018,Vanuatu,2465494.82298233,1311214.35593723,
2018,"Venezuela, Bolivarian Republic of",25900892.4849505,2722124.54057728,
2018,Viet Nam,,1356745.22355401,
2018,Yemen,872046807.30074,4588896826.53217,1550631.70673883
2018,Zambia,1259649.5558017,7067303.66461844,
2018,Zimbabwe,71280915.97594,6496833.8074861,
2018,occupied Palestinian territory,149659329.935319,261698028.890931,
2019,"",1020734776.16667,1453725846.44067,6221625
2019,Afghanistan,270337948.909091,434318023,
2019,Albania,3104298,1751747,11001
2019,Algeria,23967575,2045195,
2019,American Samoa,160000,,
2019,Angola,,9582598,
2019,Argentina,1488879,4669330,
2019,Armenia,43378,60000,
2019,Aruba,,1001948,
2019,Azerbaijan,539374,,
2019,Bahamas,27791416,2435427,
2019,Bangladesh,206536507.666667,742756493,
2019,Belarus,,3200,
2019,Benin,328295,1530243,
2019,"Bolivia, Plurinational State of",2353030,94171,
2019,Bosnia and Herzegovina,6492038,1295846,
2019,Botswana,,5e+05,
2019,Brazil,21774909,31688189,
2019,Burkina Faso,78708677.7047599,82200575,550055
2019,Burundi,27135688.65,78109620.0930907,
2019,Cambodia,6355898.42857143,3649346,
2019,Cameroon,76298268,157634429,
2019,Central African Republic,221382432.833333,280739882.936615,12450310
2019,Chad,119839610.383333,468094838,
2019,Chile,562833,1448164,
2019,Colombia,151586824.666667,218126513.6,
2019,Comoros,551067,4330742,
2019,Congo,15683079.2,8865979,
2019,"Congo, The Democratic Republic of the",589907559.666667,766860075.905054,2491689
2019,Costa Rica,2574119,2590608,
2019,Cuba,1295847,1995221,
2019,Curaçao,,277179,
2019,Côte d'Ivoire,318384,2015232,
2019,Djibouti,11189976,18136291,
2019,Dominican Republic,34505,469086,
2019,Ecuador,36228111,29894682,
2019,Egypt,8007758,70979943,
2019,El Salvador,226937,2278091,
2019,Eritrea,1301526,12857550,
2019,Eswatini,1141386,1079312,
2019,Ethiopia,368954889,678777153,990099
2019,Falkland Islands (Malvinas),245488,,
2019,Fiji,,581344,
2019,Gabon,,1e+05,
2019,Gambia,15244,1352577,
2019,Germany,0,,
2019,Ghana,42904,462448,
2019,Global,76376587,39921543,
2019,Greece,651510,1856236,
2019,Guatemala,20541081,2168208,
2019,Guinea,1028182,3085780,
2019,Guinea-Bissau,,1427466,
2019,Guyana,2395633,1504533,
2019,Haiti,36765297.75,62463286,
2019,Honduras,1594018,3655645,
2019,India,4209619,3019192,
2019,Indonesia,13969201,23053247,
2019,"Iran, Islamic Republic of",17379154,10507092,
2019,Iraq,1085346047.7,712589071,
2019,Italy,9491151,,
2019,Japan,250000,,
2019,Jordan,104572720,625646723.763924,1e+06
2019,Kenya,177044596,36634604,
2019,Kiribati,,33603,
2019,"Korea, Democratic People's Republic of",7842374,43018487,
2019,"Korea, Republic of",284581,,
2019,Kuwait,,2138657,
2019,Kyrgyzstan,1036215,54720,
2019,Lao People's Democratic Republic,3663652,6931350,
2019,Lebanon,351042392.3,1016003088.05472,
2019,Lesotho,3248366,7887924,
2019,Liberia,25387,532029,
2019,Libya,48410823,94404725.6666667,
2019,Madagascar,27239892.0272983,36805756.9804333,
2019,Malawi,35659964,30646459,
2019,Malaysia,2087499,192607,
2019,Maldives,,209777,
2019,Mali,194844613.466667,135374252.005398,
2019,Marshall Islands,,583967,
2019,Mauritania,43990814.8333333,37556529,
2019,Mauritius,,10282133,
2019,Mexico,2019749,1001696,
2019,"Micronesia, Federated States of",4839664,9621453,
2019,"Moldova, Republic of",,28920,
2019,Mongolia,1295861,,
2019,Morocco,3448486,464192,
2019,Mozambique,162973000,246433075.621905,8873483
2019,Multi-recipient,314449356,97098104,165165
2019,Myanmar,127258321.009524,172593882,
2019,Namibia,1348730,941309,
2019,Nepal,6268392,8326443,
2019,Nicaragua,2562509,2999333,
2019,Niger,117439310.1,248222929,
2019,Nigeria,377803093,520595753,1137656
2019,Pakistan,54375080.3636364,91969831,4572962
2019,Palau,1294396,140918,
2019,Panama,2108838,2390979,
2019,Papua New Guinea,,269776,
2019,Paraguay,2399191,159998,
2019,Peru,25412485,23114175,
2019,Philippines,19749779,8267792,
2019,Russian Federation,323625,,
2019,Rwanda,8732647,23302627,
2019,Samoa,112211,3657975,
2019,Senegal,3380414,1949727,
2019,Serbia,243137,50000,
2019,Sierra Leone,250582,5129879,
2019,Solomon Islands,5e+05,10832,
2019,Somalia,589168819.8,669451831.666667,1633359
2019,South Africa,,54000,
2019,South Sudan,515886827.414068,1192128746.2,
2019,Sri Lanka,3310679,2342902,
2019,Sudan,278358052.716667,518870773.666667,
2019,Syrian Arab Republic,999019102,1886434162.90154,1715592
2019,"Taiwan, Province of China",2e+05,,
2019,Tajikistan,2261099,2379313,
2019,"Tanzania, United Republic of",30622900,16359896,
2019,Thailand,20865431,1322741,
2019,Timor-Leste,1748773,,
2019,Togo,1183965,811089,
2019,Tonga,,43255,
2019,Trinidad and Tobago,3781630,2657792,
2019,Tunisia,1826567,128419,
2019,Turkey,864804686,734887073,
2019,Tuvalu,,45746,
2019,Uganda,126767453.416667,123717251,
2019,Ukraine,161043648,54582975,
2019,United Kingdom,,4246,
2019,Uruguay,1e+05,682628,
2019,Uzbekistan,215750,,
2019,Vanuatu,509340,471767,
2019,"Venezuela, Bolivarian Republic of",113181995,78922471,1135024
2019,Viet Nam,3833484,,
2019,Yemen,1098325497.4,3618809814.35442,
2019,Zambia,1845279,4265392.06996911,
2019,Zimbabwe,67619471,257299430.4,760000
2019,occupied Palestinian territory,105370889,325869251.617578,729094
2020,"",1421752613.91809,1507051403.22497,16928882.6906278
2020,Afghanistan,296272288.312211,551340952.968741,
2020,Albania,1188007.7897867,10781535.3650891,
2020,Algeria,23362525.1331103,8811893.54914157,
2020,Angola,12400272.5777166,10584692.675216,
2020,Antigua and Barbuda,338111.35244493,320156.33464886,
2020,Argentina,2842762.4509374,12686694.9470437,
2020,Armenia,7633126.36508163,4090387.55854613,
2020,Aruba,1141695.61460164,140269.910061286,
2020,Australia,98863.0844155299,,
2020,Azerbaijan,3050091.68714667,4017634.37813109,
2020,Bahamas,4143768.29973936,461213.194862094,
2020,Bangladesh,252561902.336482,587478984.680657,1253869.08202009
2020,Barbados,133465.163960965,2170786.05935722,
2020,Belarus,251094.474635958,3964617.64508871,
2020,Belize,840307.571270558,770225.216828688,
2020,Benin,6255455.23282435,3368453.39898433,
2020,Bhutan,2829017.29094784,4759252.21520619,
2020,"Bolivia, Plurinational State of",6168645.06496274,4207006.98720493,
2020,Bosnia and Herzegovina,11771870.4762383,13622479.901666,
2020,Botswana,4937182.38099844,996670.20952312,
2020,Brazil,25929051.0401773,47856823.191186,
2020,Bulgaria,,1488831.80899156,
2020,Burkina Faso,159144224.242922,194923094.060859,
2020,Burundi,31814111.0164342,96404040.76988,
2020,Cambodia,28575768.6659794,13277188.4924374,18540.2819943778
2020,Cameroon,77313721.0320661,191298256.582571,
2020,Canada,,153782.657109643,
2020,Cape Verde,265572.902211643,378197.018479177,
2020,Central African Republic,217221689.920899,356920201.074509,12680768.166261
2020,Chad,129524058.080912,259725997.860008,
2020,Chile,3024578.02506861,8806887.67709717,
2020,China,2692857.65962876,13949874.3516931,
2020,Colombia,256714101.853317,327155563.326575,
2020,Comoros,620790.36634313,1784818.1928144,
2020,Congo,9505885.39362946,12207620.7320784,
2020,"Congo, The Democratic Republic of the",551785688.930707,648354208.422826,2426732.88357854
2020,Cook Islands,908170.59942955,362025.556449722,
2020,Costa Rica,4411835.76904988,6292182.71035284,
2020,Croatia,226251.937026797,3193996.15358612,
2020,Cuba,1735485.87342109,3016440.4457867,
2020,Curaçao,74142.3701574266,123579.844150256,
2020,Cyprus,,1073577.05672965,
2020,Côte d'Ivoire,5869842.46980683,5964450.64506202,
2020,Denmark,,423952.11610347,
2020,Djibouti,21489204.607272,14776385.6237248,
2020,Dominica,973930.889279738,790904.675324239,
2020,Dominican Republic,8097126.19655822,6920012.89132431,
2020,Ecuador,51827891.5120906,68425070.4095314,
2020,Egypt,12416006.3963488,83900482.0018293,
2020,El Salvador,11808393.3320553,7110451.85792138,
2020,Equatorial Guinea,213544.262337545,606418.068210029,
2020,Eritrea,4856904.04961929,7685368.62956391,6442762.22772666
2020,Eswatini,5325624.08876016,265171.189293305,
2020,Ethiopia,554542972.500816,654838227.656667,381036.825398248
2020,Fiji,8047582.18119138,28178278.5969127,
2020,Gabon,9627117.30584296,691881.90241195,
2020,Gambia,744362.734414031,2023012.69652836,
2020,Georgia,234005.545293448,1723089.20702452,21244.068904364
2020,Germany,1073122.19064463,,
2020,Ghana,7030361.49242785,12626191.0515656,
2020,Global,1197098480.4353,886515340.0861,165138455.995348
2020,Greece,22733240.5603679,17871761.4968861,
2020,Grenada,,320156.33464886,
2020,Guatemala,40795328.8544109,12699676.2741386,438268.900175882
2020,Guinea,4999064.58333498,6473504.0835656,
2020,Guinea-Bissau,14681371.3012091,4535705.56790162,
2020,Guyana,7831091.59373559,2152794.10241774,
2020,Haiti,81158362.2166407,159930241.701886,
2020,Honduras,29863731.3972793,14393195.8192227,
2020,India,4127157.20357782,16060796.6182839,2109925.56912645
2020,Indonesia,14102609.9421263,29200726.7210319,
2020,"Iran, Islamic Republic of",49542036.8677143,53394680.4708364,
2020,Iraq,1018960899.2064,583975217.073273,242090.001148265
2020,Ireland,1226909.04031342,,
2020,Israel,866283.38592948,,
2020,Italy,529145.67588936,2846241.95275122,
2020,Jamaica,2360734.48239046,1113801.34724299,281401.747563152
2020,Jordan,212155846.170671,647463176.924499,92956.9246424744
2020,Kazakhstan,,13837171.3983425,
2020,Kenya,125853144.283903,75635104.3501701,
2020,Kiribati,,552620.707427481,
2020,"Korea, Democratic People's Republic of",18379279.233817,33233654.6109087,
2020,"Korea, Republic of",262716.783264141,,
2020,Kuwait,31519.3253697602,0,
2020,Kyrgyzstan,5964013.9408808,9286314.40702615,
2020,Lao People's Democratic Republic,17135035.435309,9525960.22885541,
2020,Lebanon,777256751.583267,1173392500.77479,
2020,Lesotho,6773425.38990694,10821275.636991,
2020,Liberia,10801535.8989064,2350534.25472336,
2020,Libya,73967724.9630037,167967563.880065,6477603.70397224
2020,Madagascar,30071020.1878309,22344695.6895321,
2020,Malawi,24282474.537641,14262694.1882024,
2020,Malaysia,2279747.72189011,3795068.29015858,
2020,Maldives,6329398.58341338,9075371.89105571,
2020,Mali,189044460.332396,178807812.736718,
2020,Marshall Islands,1040922.32949401,642610.048700944,
2020,Mauritania,54361002.2963941,44132201.7488502,
2020,Mauritius,451832.32300116,1921400.83720714,
2020,Mexico,3672459.81586542,6467363.96135252,
2020,"Micronesia, Federated States of",20501765.513982,1991327.06651043,
2020,"Moldova, Republic of",138115.775617933,4151173.27059829,
2020,Mongolia,11178057.2153746,11169689.6545881,
2020,Montenegro,302790.828351557,2182724.96422623,
2020,Morocco,7001269.25477472,5472688.62542165,
2020,Mozambique,57133611.9944764,153043004.126633,2022052.72872867
2020,Multi-recipient,156880354.277207,265668230.190042,2236618.86818678
2020,Myanmar,193425936.010534,166291317.210236,
2020,Namibia,2973248.72444334,4609245.36656622,
2020,Nauru,908170.59942955,124612.101931592,
2020,Nepal,15403178.4200684,18275043.7206979,
2020,Nicaragua,12096292.4181041,7704517.59016806,
2020,Niger,203585557.192356,376125514.429925,
2020,Nigeria,416089335.041269,429684189.499597,
2020,Niue,,456215.130107374,
2020,"North Macedonia, Republic of",204829.733624174,3594382.69049565,
2020,Oman,,218711.462035812,
2020,Pakistan,102383814.987235,74875894.3034333,4435435.64453745
2020,Palau,2724510.82836288,124612.101931592,
2020,Panama,15933867.8142704,6077485.45026146,
2020,Papua New Guinea,10926540.9544108,14109808.9547677,
2020,Paraguay,2476034.19074989,8469612.55002821,
2020,Peru,52567197.9781786,47988374.5738591,
2020,Philippines,49428060.5394736,16648329.7651677,
2020,Qatar,,5860704.97252662,
2020,Romania,282814.921283497,2086386.46196679,
2020,Rwanda,5663644.30024316,34721479.4608155,
2020,Saint Kitts and Nevis,,320156.33464886,
2020,Saint Lucia,93422.3726923803,320156.33464886,
2020,Saint Vincent and the Grenadines,973930.889279738,320156.33464886,
2020,Samoa,1745571.5556036,9662511.95773424,
2020,San Marino,169688.952770098,,
2020,Saudi Arabia,,235671.607512985,
2020,Senegal,4517371.76443081,21195157.7789719,27662.0411537153
2020,Serbia,574263.299477814,24542679.7175791,
2020,Seychelles,20842.1210305864,2012956.9813681,
2020,Sierra Leone,10618833.3108941,23425621.0530543,
2020,Singapore,,116882.699092748,
2020,Solomon Islands,3713141.67251817,374623.848872455,
2020,Somalia,835960548.865717,495266706.951541,5141779.77804779
2020,South Africa,673450.801659183,9294202.28885142,
2020,South Sudan,554683892.591611,1163168094.91631,115509.177399466
2020,Spain,53696.8798522506,,
2020,Sri Lanka,13072056.6630631,6527421.91948415,
2020,Sudan,399279369.799459,808648536.273054,27239.5783203524
2020,Suriname,93422.3726923803,407511.957783631,
2020,Switzerland,223540.15194629,1794843.64243204,
2020,Syrian Arab Republic,1434027694.52059,1696424910.77241,24328538.214939
2020,São Tomé and Príncipe,518981.882516444,736980.875227891,
2020,"Taiwan, Province of China",148294.626623295,,
2020,Tajikistan,9753853.18190706,11559928.9748964,
2020,"Tanzania, United Republic of",22731769.6390393,42554658.7097224,565490.76243315
2020,Thailand,23849335.5185014,16681545.6492333,
2020,Timor-Leste,6878687.04272263,4897062.44503474,
2020,Togo,3620181.78475364,3719347.6423253,
2020,Tokelau,,476234.452933673,
2020,Tonga,2413020.96877933,1346384.0841821,
2020,Trinidad and Tobago,5051691.79102811,3367543.24656556,
2020,Tunisia,15226275.0116941,13279209.3004571,299847.038835097
2020,Turkey,640299982.504681,252100148.883165,
2020,Turkmenistan,,6511519.25057498,
2020,Tuvalu,1005563.68835752,333389.394189538,
2020,Uganda,196950105.880979,79770203.9421325,
2020,Ukraine,188641853.462095,79161417.1788225,42488.1378087279
2020,United Kingdom,440522.570533779,,
2020,Uruguay,1600910.87790628,1402670.15671823,
2020,Uzbekistan,8038255.38538664,5069978.63644032,
2020,Vanuatu,4223267.46967884,9337158.33530607,
2020,"Venezuela, Bolivarian Republic of",166312890.674347,107839710.861383,
2020,Viet Nam,4868677.42654325,13398797.0452497,480310.679356728
2020,Yemen,553391617.934588,1845197574.58501,24348272.2319935
2020,Zambia,26308729.4337424,37483146.7677986,
2020,Zimbabwe,71124913.542647,247816637.927984,
2020,occupied Palestinian territory,162242448.895946,300688703.816327,28794.1344754826
2021,"",1418449444.67876,815217721.531989,14947964.6915724
2021,Afghanistan,815361788.718993,664550061.229611,
2021,Albania,,2096765.92387067,
2021,Algeria,23127133.8598113,6261577.03884766,
2021,Angola,352778.445169267,6761825.38179154,
2021,Antigua and Barbuda,,180639.986914464,
2021,Argentina,223178.463881399,6354114.52776035,
2021,Armenia,9911061.7942151,3017700.04234361,
2021,Aruba,72626.415251139,553096.394649241,
2021,Azerbaijan,10571867.8601432,3262395.19382584,
2021,Bahamas,218323.847121405,161945.938512495,
2021,Bangladesh,173779472.557602,503381146.490484,
2021,Barbados,226956.972309026,,
2021,Belize,666624.368202267,,
2021,Benin,699849.847168603,1379280.07336614,
2021,"Bolivia, Plurinational State of",2566502.18799346,2545227.23625258,
2021,Bosnia and Herzegovina,8349458.12717369,1399548.92088686,
2021,Botswana,0,306202.282981719,
2021,Brazil,34858643.803921,29629816.6933265,
2021,Bulgaria,,101124.939797512,
2021,Burkina Faso,149807388.306927,195162179.114088,1089046.12262124
2021,Burundi,26774000.5889937,60874189.7648954,
2021,Cambodia,23324217.825509,380248.863061879,
2021,Cameroon,91168948.2832535,112132065.651277,121292.643413804
2021,Canada,,139639.366102919,
2021,Cape Verde,97034.1147310433,,
2021,Central African Republic,277315481.808943,275558127.885811,6904529.00922729
2021,Chad,122563789.770014,198504259.708286,
2021,Chile,3511524.29694271,7811247.20619013,
2021,China,47780.3369722599,,
2021,Colombia,237155553.935979,307329762.501202,4103916.49228151
2021,Comoros,,4636035.44428956,
2021,Congo,11316541.8103793,1614822.46010672,
2021,"Congo, The Democratic Republic of the",418749155.889382,524852391.042962,
2021,Costa Rica,8078670.31536544,2116745.96171132,
2021,Croatia,3516.39095046333,705343.116058351,
2021,Cuba,1011376.80385405,269908.347125357,
2021,Curaçao,,87329.7329167916,
2021,Czech Republic,189046.347349257,,
2021,Côte d'Ivoire,2123914.7495319,288947.197227638,
2021,Djibouti,6124569.40726163,6617356.88450115,
2021,Dominican Republic,5677757.8903105,2222873.86013036,
2021,Ecuador,27950017.0897297,55939714.2331334,
2021,Egypt,37970246.4080668,55331699.9371741,
2021,El Salvador,20020227.0632714,9806524.40334493,
2021,Equatorial Guinea,325403.771487549,1512562.30245892,
2021,Eritrea,1234609.64920984,3325858.52459326,
2021,Eswatini,1703596.45933828,2146486.2629685,
2021,Ethiopia,732084137.414569,927348740.516241,
2021,Fiji,1279093.2941931,2393725.69716108,
2021,Gambia,2116670.6710156,1062803.26267456,
2021,Georgia,256595.816398424,,
2021,Ghana,3340514.39134629,139103.737274978,
2021,Global,566745805.14863,258272356.607181,
2021,Greece,705001.177090701,381646.246881755,
2021,Guatemala,88417621.9936765,1449250.91358092,
2021,Guinea,3922107.22610046,7614034.74162352,
2021,Guinea-Bissau,470371.260225689,1659157.47955944,
2021,Guyana,1115892.319407,1105938.50314174,
2021,Haiti,116472243.840545,100922602.060053,
2021,Holy See (Vatican City State),546678.740542175,,
2021,Honduras,108273249.716051,51236769.0256722,
2021,Hungary,0,196549.764084618,
2021,India,6346412.90487727,66700706.2600253,
2021,Indonesia,4906933.01468254,27525665.9695208,
2021,"Iran, Islamic Republic of",28324784.6328525,14817626.9584435,
2021,Iraq,703274409.704454,388199819.439399,
2021,Ireland,1868131.62003587,,
2021,Italy,393534.508849547,,
2021,Jamaica,,971972.009087876,
2021,Jordan,111063924.797847,449248819.424313,1065653.51706914
2021,Kazakhstan,1003343.75846595,28894.2934794868,
2021,Kenya,96332454.1316907,96618021.2590342,
2021,Kiribati,242585.286827608,,
2021,"Korea, Democratic People's Republic of",9704878.68441856,9325279.49155569,
2021,"Korea, Republic of",585243.796859636,,
2021,Kyrgyzstan,,1438611.44380503,
2021,Lao People's Democratic Republic,35982914.9772009,2280585.77761772,
2021,Lebanon,520253452.125969,559095471.349528,1065653.51706914
2021,Lesotho,5207173.45320354,2462343.69417861,
2021,Liberia,1595238.53528399,974385.527395297,
2021,Libya,51377994.4623647,139872389.244732,
2021,Lithuania,103803.886590379,,
2021,Madagascar,72282374.9357027,70591099.8088969,
2021,Malawi,16485890.9097811,2325983.31029252,
2021,Malaysia,,5369227.16372483,
2021,Maldives,,50314.1310504339,
2021,Mali,177833175.369357,162375835.888013,
2021,Marshall Islands,31573727.2872006,,
2021,Mauritania,35806700.4693831,10271881.3788362,
2021,Mauritius,256050.89510125,587110.94434145,
2021,Mexico,55575510.1472217,998499.342257221,
2021,Mongolia,1203229.88680868,11893715.4680611,
2021,Montenegro,,215926.677700286,
2021,Morocco,238455.049413108,463599.822385972,
2021,Mozambique,120969292.939519,148174002.63227,
2021,Multi-recipient,233783892.354746,114709165.073186,2133127.51015487
2021,Myanmar,170579791.498934,184216197.845494,
2021,Namibia,470371.260225689,971972.009087876,
2021,Nepal,30842929.583601,20683054.739979,
2021,New Zealand,,1848172.81918224,
2021,Nicaragua,28009671.4614019,3091627.69356686,
2021,Niger,244993077.590472,293821479.686295,
2021,Nigeria,403950700.77657,338721296.933561,
2021,"North Macedonia, Republic of",,354477.341881606,
2021,Norway,,3840617.11247429,
2021,Pakistan,46432942.5001617,84200561.3706781,3056709.51606168
2021,Palau,251677.383377907,28894.2934794868,
2021,Panama,1451630.35637641,6151102.07213445,
2021,Papua New Guinea,2130252.68466765,1049612.7934358,
2021,Paraguay,232881.875354504,559785.808909773,
2021,Peru,71286721.0319519,56644296.1105927,
2021,Philippines,16494849.3175451,4508729.92097895,310574.269841022
2021,Romania,,269908.347125357,
2021,Rwanda,10676299.1600845,19132087.097388,
2021,Saint Vincent and the Grenadines,6111323.77314715,2566852.89139623,
2021,San Marino,,165463.165672519,
2021,Senegal,1498470.42792565,6237799.34273451,
2021,Serbia,,5839372.33052082,
2021,Sierra Leone,3934624.04712747,1142261.97088603,
2021,Solomon Islands,485170.573655216,,
2021,Somalia,651455745.520579,528405398.242878,3629990.52324491
2021,South Africa,,939511.669100275,
2021,South Sudan,437600400.754824,1040921498.46851,
2021,Sri Lanka,8464329.45627603,899576.607175089,
2021,Sudan,412301607.622871,515652915.644478,
2021,Suriname,,14446.6873271845,
2021,Sweden,12134399.8584475,,
2021,Switzerland,31482.6180913473,3842927.57939403,
2021,Syrian Arab Republic,1189226845.53147,1238690848.19016,13391462.0523392
2021,Tajikistan,1696429.20039893,2057636.232759,
2021,"Tanzania, United Republic of",24244931.6045566,3996106.2856184,
2021,Thailand,37513881.071696,11584116.6588221,
2021,Timor-Leste,4718854.67814731,8843476.17409926,
2021,Togo,68923.7027488073,1073096.94888539,
2021,Trinidad and Tobago,2212377.81586779,3683094.02163601,
2021,Tunisia,1443517.55266267,11479005.3304034,
2021,Turkey,268765175.636438,141903751.46275,
2021,Turkmenistan,,2075214.14910467,
2021,Tuvalu,,93023.7281148912,
2021,Uganda,143866986.711516,59167192.2044119,
2021,Ukraine,97904965.6409212,56900447.6508199,
2021,United Kingdom,,269908.347125357,
2021,United States,286735.809030233,,
2021,Uruguay,106737.526204148,1707282.43341525,
2021,Uzbekistan,,101124.939797512,
2021,Vanuatu,880505.696479418,,
2021,"Venezuela, Bolivarian Republic of",259552767.907078,138966690.366728,1065653.51706914
2021,Viet Nam,6156500.51987714,4418696.33427463,
2021,Yemen,411326648.771093,2963351857.2533,
2021,Zambia,48284948.0299626,1159460.27530531,
2021,Zimbabwe,77765113.1906543,91051144.7158045,
2021,occupied Palestinian territory,158751947.119317,404789194.677987,
2022,"",429709913.046098,1292535.22689385,19688140.7479767
2022,Afghanistan,31592176.3392746,102440.994909435,
2022,Algeria,1925399.01372568,,
2022,Armenia,22894.2473468777,,
2022,Azerbaijan,76314.1578229257,,
2022,Bangladesh,16415798.804664,2126250.20325841,
2022,Benin,33478.793412271,,
2022,"Bolivia, Plurinational State of",275028.567214182,,
2022,Bosnia and Herzegovina,651197.259460656,,
2022,Burkina Faso,19160127.0915735,,
2022,Burundi,4008260.71406834,,
2022,Cameroon,5568344.29671071,,
2022,Canada,135548.342277738,,
2022,Central African Republic,71647256.2932235,5963408.85104933,
2022,Chad,62215521.2512103,,
2022,Colombia,21895696.0660107,20391346.806297,
2022,"Congo, The Democratic Republic of the",63226734.1424343,2000730.87977124,
2022,Côte d'Ivoire,33478.793412271,,
2022,Djibouti,32856.6764271031,,
2022,Dominican Republic,490097.603199666,54607.0967472685,
2022,Ecuador,4979005.74688334,205741.357557807,
2022,Egypt,476574.173747627,,
2022,El Salvador,1518175.55408597,,
2022,Ethiopia,43091760.367726,1352549.43671665,
2022,Ghana,33478.793412271,,
2022,Global,29082966.8010857,0,
2022,Guatemala,4232834.75094431,,
2022,Haiti,3947733.15598582,,
2022,Honduras,15754644.7793524,,
2022,Hungary,38126.4180228452,,
2022,India,184889.688353395,,
2022,"Iran, Islamic Republic of",152628.315645851,,
2022,Iraq,99002777.3437629,102845.572151682,
2022,Jordan,13703439.8672415,,
2022,Kenya,10104341.2105864,316324.262105916,
2022,"Korea, Democratic People's Republic of",1717561.32976726,41949.2609890831,
2022,Kyrgyzstan,192326.520736982,0,
2022,Lao People's Democratic Republic,141777.159831993,,
2022,Lebanon,155481247.544521,959116.422915327,
2022,Libya,2338813.72263233,0,
2022,Madagascar,9318204.75772104,,
2022,Mali,34318147.5875493,1006194.94944631,
2022,Mauritania,12506491.2031378,,
2022,Mozambique,239298.539155849,,
2022,Multi-recipient,84605929.63992,4578657.78546264,
2022,Myanmar,49351648.4707999,,
2022,Nicaragua,1710946.13429516,,
2022,Niger,27515568.7191273,3361197.67127418,
2022,Nigeria,51047610.4985207,2804548.00710724,
2022,Pakistan,1220589.61473517,,
2022,Panama,558432.781628541,,
2022,Peru,2550695.38293782,55873.437791747,
2022,Senegal,8640810.9671102,,
2022,Somalia,70018836.4329245,,1684871.30179144
2022,South Sudan,113314176.96089,23309014.3405213,
2022,Sri Lanka,1021159.24950415,103929.112554315,
2022,Sudan,91095677.2898049,,
2022,Switzerland,376281.170988878,,
2022,Syrian Arab Republic,212579203.448774,1961835.06692682,
2022,Tajikistan,235465.341183673,,
2022,"Tanzania, United Republic of",3034909.65734377,413450.358374107,
2022,Thailand,10435.6487401949,,
2022,Togo,33482.216339287,,
2022,Trinidad and Tobago,529494.072652281,,
2022,Turkey,24054879.3447444,249978.658170828,
2022,Uganda,12952371.4458532,3565886.6935011,
2022,Ukraine,12311068.2411586,257114.791198899,
2022,"Venezuela, Bolivarian Republic of",61239121.9048244,,
2022,Yemen,110146373.664206,1820012.13805377,
2022,Zimbabwe,10089775.1152522,2597861.77079185,
2022,occupied Palestinian territory,54688876.2561598,102845.572151682,
2023,"",108002230.131707,0,
2023,Afghanistan,178171.689842699,0,
2023,Algeria,0,,
2023,Bangladesh,2509909.4606631,,
2023,"Bolivia, Plurinational State of",26937.3112425366,,
2023,Burkina Faso,5316207.73782212,,
2023,Burundi,1282639.85483273,,
2023,Cameroon,2689347.73099035,,
2023,Central African Republic,31027158.6922012,,
2023,Chad,28540148.6752275,,
2023,Colombia,5684794.91411697,2968975.01401433,
2023,"Congo, The Democratic Republic of the",21732083.8869524,,
2023,Egypt,233390.087292155,,
2023,Ethiopia,22452702.4684871,,
2023,Global,4676783.95430068,,
2023,Haiti,230497.626499256,,
2023,Iraq,59372326.4193209,,
2023,Jordan,282605.104465951,,
2023,Kenya,508478.279131295,,
2023,"Korea, Democratic People's Republic of",887860.992771206,,
2023,Lao People's Democratic Republic,1150567.84986481,,
2023,Lebanon,112406337.204616,61841.5907521661,
2023,Libya,0,,
2023,Mali,12994284.1319268,,
2023,Mauritania,12106250.3909458,,
2023,Multi-recipient,1618494.33051016,4494515.65326048,
2023,Myanmar,24654046.178857,,
2023,Nicaragua,122093.005459524,,
2023,Niger,20070758.9225457,,
2023,Nigeria,18754507.8289075,,
2023,Pakistan,0,,
2023,Peru,340449.239889288,,
2023,Senegal,1002393.37518088,,
2023,Somalia,23598792.5580132,,
2023,South Sudan,26794448.3831965,21541027.3402747,
2023,Sri Lanka,0,,
2023,Sudan,17532593.5159047,,
2023,Syrian Arab Republic,6089249.7313216,,
2023,"Tanzania, United Republic of",1204309.46839145,,
2023,Uganda,3732254.1477906,,
2023,Ukraine,1998839.08826279,,
2023,"Venezuela, Bolivarian Republic of",853300.778170022,,
2023,Yemen,41629953.615454,623912.937810743,
2023,Zimbabwe,,2537201.7155046,
2023,occupied Palestinian territory,12732926.0146897,,
2024,"",70991043.3864162,,
2024,Afghanistan,0,,
2024,Bangladesh,1093019.76668652,,
2024,Cameroon,69213.1695497181,,
2024,Central African Republic,7037686.91006359,,
2024,Chad,2017826.7479909,,
2024,Colombia,2317568.28832885,,
2024,"Congo, The Democratic Republic of the",11097430.6858936,,
2024,Egypt,181129.698289814,,
2024,Ethiopia,7870295.83003194,,
2024,Global,2885193.60457532,,
2024,Iraq,4738452.33931934,,
2024,"Korea, Democratic People's Republic of",498656.818888323,,
2024,Lebanon,21291609.7661384,,
2024,Mali,2320212.63675432,,
2024,Multi-recipient,0,,
2024,Myanmar,3481157.65523576,,
2024,Niger,132487.44501156,,
2024,Pakistan,0,,
2024,Peru,284988.880956883,,
2024,Senegal,982905.893146481,,
2024,South Sudan,1242028.93114923,2263158.84476331,
2024,Sudan,2030185.8100574,,
2024,Syrian Arab Republic,462164.934936967,,
2024,"Tanzania, United Republic of",1180896.54517166,,
2024,Yemen,691587.427545929,,
2024,occupied Palestinian territory,289163.356718237,,
2025,"",18130752.5135842,,
2025,Bangladesh,1070537.93693336,,
2025,Chad,1962814.99688782,,
2025,Global,248447.014988531,,
2025,Iraq,417891.785904191,,
2025,"Korea, Democratic People's Republic of",440965.165962803,,
2025,"Tanzania, United Republic of",1156607.21766469,,
2026,Chad,1898282.56491427,,
