iso3,year,value
ABW,2000,1.79
ABW,2001,1.79
ABW,2002,1.79
ABW,2003,1.79
ABW,2004,1.79
ABW,2005,1.79
ABW,2006,1.79
ABW,2007,1.79
ABW,2008,1.79
ABW,2009,1.79
ABW,2010,1.79
ABW,2011,1.79
ABW,2012,1.79
ABW,2013,1.79
ABW,2014,1.79
ABW,2015,1.79
ABW,2016,1.79
ABW,2017,1.79
ABW,2018,1.79
ABW,2019,1.79
ABW,2020,1.79
ABW,2021,1.79
AFG,2000,67.6541
AFG,2001,54.4294
AFG,2002,44.921
AFG,2003,49.0213
AFG,2004,47.7908
AFG,2005,49.6306
AFG,2006,49.926
AFG,2007,49.7974
AFG,2008,50.9478
AFG,2009,49.2658
AFG,2010,45.7997
AFG,2011,47.7586
AFG,2012,51.6792
AFG,2013,56.5267
AFG,2014,57.3968
AFG,2015,63.9042
AFG,2016,67.5027
AFG,2017,68.5452
AFG,2018,73.5431
AFG,2019,78.1723
AFG,2020,76.9178
AFG,2021,
AGO,2000,10.0405
AGO,2001,22.0579
AGO,2002,43.5302
AGO,2003,74.6063
AGO,2004,83.5414
AGO,2005,87.1591
AGO,2006,80.3681
AGO,2007,76.7061
AGO,2008,75.0334
AGO,2009,79.3282
AGO,2010,91.9057
AGO,2011,93.9348
AGO,2012,95.468
AGO,2013,96.5183
AGO,2014,98.3024
AGO,2015,120.0607
AGO,2016,163.6564
AGO,2017,165.916
AGO,2018,252.8557
AGO,2019,364.8258
AGO,2020,578.2588
AGO,2021,631.441955506727
AIA,2000,2.7
AIA,2001,2.7
AIA,2002,2.7
AIA,2003,2.7
AIA,2004,2.7
AIA,2005,2.7
AIA,2006,2.7
AIA,2007,2.7
AIA,2008,2.7
AIA,2009,2.7
AIA,2010,2.7
AIA,2011,2.7
AIA,2012,2.7
AIA,2013,2.7
AIA,2014,2.7
AIA,2015,2.7
AIA,2016,2.7
AIA,2017,2.7
AIA,2018,2.7
AIA,2019,2.7
AIA,2020,2.7
AIA,2021,2.7
ALB,2000,143.709417
ALB,2001,143.484833
ALB,2002,140.154516
ALB,2003,121.86325
ALB,2004,102.780051
ALB,2005,99.870254
ALB,2006,98.103377
ALB,2007,90.427894
ALB,2008,83.894604
ALB,2009,94.97812
ALB,2010,103.936667
ALB,2011,100.895833
ALB,2012,108.184167
ALB,2013,105.669167
ALB,2014,105.48
ALB,2015,125.961667
ALB,2016,124.1425
ALB,2017,119.1
ALB,2018,107.989167
ALB,2019,109.850833
ALB,2020,108.65
ALB,2021,103.52
AND,2000,1.0854
AND,2001,1.1175
AND,2002,1.0626
AND,2003,0.886
AND,2004,0.8054
AND,2005,0.8041
AND,2006,0.7971
AND,2007,0.7306
AND,2008,0.6827
AND,2009,0.7198
AND,2010,0.7543
AND,2011,0.7184
AND,2012,0.7783
AND,2013,0.7529
AND,2014,0.7527
AND,2015,0.9013
AND,2016,0.9034
AND,2017,0.8852
AND,2018,0.8468
AND,2019,0.8933
AND,2020,
AND,2021,
ANT,2000,1.79
ANT,2001,1.79
ANT,2002,1.79
ANT,2003,1.79
ANT,2004,1.79
ANT,2005,1.79
ANT,2006,1.79
ANT,2007,1.79
ANT,2008,1.79
ANT,2009,1.79
ANT,2010,
ANT,2011,
ANT,2012,
ANT,2013,
ANT,2014,
ANT,2015,
ANT,2016,
ANT,2017,
ANT,2018,
ANT,2019,
ANT,2020,
ANT,2021,
ARE,2000,3.6725
ARE,2001,3.6725
ARE,2002,3.6725
ARE,2003,3.6725
ARE,2004,3.6725
ARE,2005,3.6725
ARE,2006,3.6725
ARE,2007,3.6725
ARE,2008,3.6725
ARE,2009,3.6725
ARE,2010,3.6725
ARE,2011,3.6725
ARE,2012,3.6725
ARE,2013,3.6725
ARE,2014,3.6725
ARE,2015,3.6725
ARE,2016,3.6725
ARE,2017,3.6725
ARE,2018,3.6725
ARE,2019,3.6725
ARE,2020,3.6725
ARE,2021,3.6725
ARG,2000,0.9995
ARG,2001,0.9995
ARG,2002,3.063257
ARG,2003,2.900629
ARG,2004,2.923301
ARG,2005,2.903658
ARG,2006,3.054313
ARG,2007,3.095649
ARG,2008,3.144165
ARG,2009,3.710107
ARG,2010,3.896295
ARG,2011,4.11014
ARG,2012,4.536934
ARG,2013,5.459353
ARG,2014,8.075276
ARG,2015,9.233186
ARG,2016,14.758175
ARG,2017,16.562707
ARG,2018,28.094992
ARG,2019,48.147892
ARG,2020,70.539167
ARG,2021,94.990742
ARM,2000,539.526
ARM,2001,555.06
ARM,2002,573.35
ARM,2003,578.77
ARM,2004,533.45
ARM,2005,457.6869
ARM,2006,416.0404
ARM,2007,342.0791
ARM,2008,305.9694
ARM,2009,363.2833
ARM,2010,373.6605
ARM,2011,372.5009
ARM,2012,401.764
ARM,2013,409.6257
ARM,2014,415.9198
ARM,2015,477.9183
ARM,2016,480.4882
ARM,2017,482.7164
ARM,2018,482.9879
ARM,2019,480.4451
ARM,2020,489.0089
ARM,2021,503.769674961652
ASM,2000,
ASM,2001,
ASM,2002,1
ASM,2003,1
ASM,2004,1
ASM,2005,1
ASM,2006,1
ASM,2007,1
ASM,2008,1
ASM,2009,1
ASM,2010,1
ASM,2011,1
ASM,2012,1
ASM,2013,1
ASM,2014,1
ASM,2015,1
ASM,2016,1
ASM,2017,1
ASM,2018,1
ASM,2019,1
ASM,2020,1
ASM,2021,
ATG,2000,2.7
ATG,2001,2.7
ATG,2002,2.7
ATG,2003,2.7
ATG,2004,2.7
ATG,2005,2.7
ATG,2006,2.7
ATG,2007,2.7
ATG,2008,2.7
ATG,2009,2.7
ATG,2010,2.7
ATG,2011,2.7
ATG,2012,2.7
ATG,2013,2.7
ATG,2014,2.7
ATG,2015,2.7
ATG,2016,2.7
ATG,2017,2.7
ATG,2018,2.7
ATG,2019,2.7
ATG,2020,2.7
ATG,2021,2.7
AUS,2000,1.724827
AUS,2001,1.933443
AUS,2002,1.840563
AUS,2003,1.541914
AUS,2004,1.359752
AUS,2005,1.309473
AUS,2006,1.327973
AUS,2007,1.195073
AUS,2008,1.192178
AUS,2009,1.282189
AUS,2010,1.090159
AUS,2011,0.969463
AUS,2012,0.965801
AUS,2013,1.035843
AUS,2014,1.109363
AUS,2015,1.33109
AUS,2016,1.345214
AUS,2017,1.304758
AUS,2018,1.338412
AUS,2019,1.438507
AUS,2020,1.453085
AUS,2021,1.331224
AUT,2000,1.082705
AUT,2001,1.116533
AUT,2002,1.057559
AUT,2003,0.884048
AUT,2004,0.803922
AUT,2005,0.8038
AUT,2006,0.796433
AUT,2007,0.729672
AUT,2008,0.679923
AUT,2009,0.716958
AUT,2010,0.754309
AUT,2011,0.718414
AUT,2012,0.778338
AUT,2013,0.752945
AUT,2014,0.752728
AUT,2015,0.901296
AUT,2016,0.903421
AUT,2017,0.885206
AUT,2018,0.846773
AUT,2019,0.893276
AUT,2020,0.875506
AUT,2021,0.845494
AZE,2000,0.8948
AZE,2001,0.9313
AZE,2002,0.9722
AZE,2003,0.9821
AZE,2004,0.9827
AZE,2005,0.9454
AZE,2006,0.8934
AZE,2007,0.8581
AZE,2008,0.8216
AZE,2009,0.8038
AZE,2010,0.8026
AZE,2011,0.7897
AZE,2012,0.7856
AZE,2013,0.7845
AZE,2014,0.7843
AZE,2015,1.0246
AZE,2016,1.5957
AZE,2017,1.7212
AZE,2018,1.7
AZE,2019,1.7
AZE,2020,1.7
AZE,2021,1.7
AZO,2000,
AZO,2001,
AZO,2002,
AZO,2003,
AZO,2004,
AZO,2005,
AZO,2006,
AZO,2007,
AZO,2008,
AZO,2009,
AZO,2010,
AZO,2011,
AZO,2012,
AZO,2013,
AZO,2014,
AZO,2015,
AZO,2016,
AZO,2017,
AZO,2018,
AZO,2019,
AZO,2020,
AZO,2021,
BDI,2000,720.67
BDI,2001,830.35
BDI,2002,930.7492
BDI,2003,1082.62
BDI,2004,1100.91
BDI,2005,1081.5772
BDI,2006,1028.6836
BDI,2007,1081.8697
BDI,2008,1185.6908
BDI,2009,1230.1792
BDI,2010,1230.7483
BDI,2011,1261.0733
BDI,2012,1442.5056
BDI,2013,1555.0908
BDI,2014,1546.6867
BDI,2015,1571.8983
BDI,2016,1791.9663592021
BDI,2017,1995.8907547977
BDI,2018,2029.0401490944
BDI,2019,2112.7588898255
BDI,2020,2195.653775774
BDI,2021,1975.95088138768
BEL,2000,1.082705
BEL,2001,1.116533
BEL,2002,1.057559
BEL,2003,0.884048
BEL,2004,0.803922
BEL,2005,0.8038
BEL,2006,0.796433
BEL,2007,0.729672
BEL,2008,0.679923
BEL,2009,0.716958
BEL,2010,0.754309
BEL,2011,0.718414
BEL,2012,0.778338
BEL,2013,0.752945
BEL,2014,0.752728
BEL,2015,0.901296
BEL,2016,0.903421
BEL,2017,0.885206
BEL,2018,0.846773
BEL,2019,0.893276
BEL,2020,0.875506
BEL,2021,0.845494
BEN,2000,710.208
BEN,2001,732.3977
BEN,2002,693.7132
BEN,2003,579.8974
BEN,2004,527.338
BEN,2005,527.2584
BEN,2006,522.4256
BEN,2007,478.6337
BEN,2008,446
BEN,2009,470.2934
BEN,2010,494.7943
BEN,2011,471.2486
BEN,2012,510.5563
BEN,2013,493.8996
BEN,2014,493.7573
BEN,2015,591.2117
BEN,2016,592.6056
BEN,2017,580.6568
BEN,2018,555.4465
BEN,2019,585.911
BEN,2020,575.586
BEN,2021,554.602599205008
BES,2000,
BES,2001,
BES,2002,
BES,2003,
BES,2004,
BES,2005,
BES,2006,
BES,2007,
BES,2008,
BES,2009,
BES,2010,
BES,2011,
BES,2012,
BES,2013,
BES,2014,
BES,2015,
BES,2016,
BES,2017,
BES,2018,
BES,2019,
BES,2020,
BES,2021,
BFA,2000,710.208
BFA,2001,732.3977
BFA,2002,693.7132
BFA,2003,579.8974
BFA,2004,527.338
BFA,2005,527.2584
BFA,2006,522.4256
BFA,2007,478.6337
BFA,2008,446
BFA,2009,470.2934
BFA,2010,494.7943
BFA,2011,471.2486
BFA,2012,510.5563
BFA,2013,493.8996
BFA,2014,493.7573
BFA,2015,591.2117
BFA,2016,592.6056
BFA,2017,580.6567
BFA,2018,555.4465
BFA,2019,585.911
BFA,2020,575.586
BFA,2021,554.530675033104
BGD,2000,50.31
BGD,2001,53.96
BGD,2002,57.43
BGD,2003,57.9
BGD,2004,58.87
BGD,2005,61.5
BGD,2006,67.16
BGD,2007,69.06
BGD,2008,68.61
BGD,2009,68.8024
BGD,2010,69.1833
BGD,2011,71.1943
BGD,2012,79.127
BGD,2013,79.9333
BGD,2014,77.7205
BGD,2015,77.7021
BGD,2016,78.2631
BGD,2017,79.1241
BGD,2018,82.1226
BGD,2019,84.0292
BGD,2020,84.7941
BGD,2021,85.08376325
BGR,2000,2.123275
BGR,2001,2.184708
BGR,2002,2.076975
BGR,2003,1.732702
BGR,2004,1.575109
BGR,2005,1.574133
BGR,2006,1.559267
BGR,2007,1.42905
BGR,2008,1.337117
BGR,2009,1.406692
BGR,2010,1.477392
BGR,2011,1.406458
BGR,2012,1.52205
BGR,2013,1.473567
BGR,2014,1.474183
BGR,2015,1.7644
BGR,2016,1.768042
BGR,2017,1.735458
BGR,2018,1.657042
BGR,2019,1.747042
BGR,2020,1.716333
BGR,2021,1.653775
BHR,2000,0.376
BHR,2001,0.376
BHR,2002,0.376
BHR,2003,0.376
BHR,2004,0.376
BHR,2005,0.376
BHR,2006,0.376
BHR,2007,0.376
BHR,2008,0.376
BHR,2009,0.376
BHR,2010,0.376
BHR,2011,0.376
BHR,2012,0.376
BHR,2013,0.376
BHR,2014,0.376
BHR,2015,0.376
BHR,2016,0.376
BHR,2017,0.376
BHR,2018,0.376
BHR,2019,0.376
BHR,2020,0.376
BHR,2021,0.376
BHS,2000,1
BHS,2001,1
BHS,2002,1
BHS,2003,1
BHS,2004,1
BHS,2005,1
BHS,2006,1
BHS,2007,1
BHS,2008,1
BHS,2009,1
BHS,2010,1
BHS,2011,1
BHS,2012,1
BHS,2013,1
BHS,2014,1
BHS,2015,1
BHS,2016,1
BHS,2017,1
BHS,2018,1
BHS,2019,1
BHS,2020,1
BHS,2021,1
BIH,2000,2.123
BIH,2001,2.1856
BIH,2002,2.078
BIH,2003,1.733
BIH,2004,1.575
BIH,2005,1.5727
BIH,2006,1.5591
BIH,2007,1.429
BIH,2008,1.3352
BIH,2009,1.4079
BIH,2010,1.4767
BIH,2011,1.4069
BIH,2012,1.5227
BIH,2013,1.4736
BIH,2014,1.474
BIH,2015,1.7626
BIH,2016,1.768
BIH,2017,1.7355
BIH,2018,1.6575
BIH,2019,1.7472
BIH,2020,1.7166
BIH,2021,1.65360615435868
BLM,2000,
BLM,2001,
BLM,2002,
BLM,2003,
BLM,2004,
BLM,2005,
BLM,2006,
BLM,2007,
BLM,2008,
BLM,2009,
BLM,2010,
BLM,2011,
BLM,2012,
BLM,2013,
BLM,2014,
BLM,2015,
BLM,2016,
BLM,2017,
BLM,2018,
BLM,2019,
BLM,2020,
BLM,2021,
BLR,2000,0.0717
BLR,2001,0.139
BLR,2002,0.1791
BLR,2003,0.2051
BLR,2004,0.216
BLR,2005,0.2154
BLR,2006,0.2145
BLR,2007,0.2146
BLR,2008,0.2136
BLR,2009,0.2793
BLR,2010,0.2979
BLR,2011,0.4975
BLR,2012,0.8337
BLR,2013,0.888
BLR,2014,1.0224
BLR,2015,1.5926
BLR,2016,1.9896
BLR,2017,1.9323
BLR,2018,2.0376
BLR,2019,2.0918
BLR,2020,2.4396
BLR,2021,2.538675
BLZ,2000,2
BLZ,2001,2
BLZ,2002,2
BLZ,2003,2
BLZ,2004,2
BLZ,2005,2
BLZ,2006,2
BLZ,2007,2
BLZ,2008,2
BLZ,2009,2
BLZ,2010,2
BLZ,2011,2
BLZ,2012,2
BLZ,2013,2
BLZ,2014,2
BLZ,2015,2
BLZ,2016,2
BLZ,2017,2
BLZ,2018,2
BLZ,2019,2
BLZ,2020,2
BLZ,2021,2
BMU,2000,1
BMU,2001,1
BMU,2002,1
BMU,2003,1
BMU,2004,1
BMU,2005,1
BMU,2006,1
BMU,2007,1
BMU,2008,1
BMU,2009,1
BMU,2010,1
BMU,2011,1
BMU,2012,1
BMU,2013,1
BMU,2014,1
BMU,2015,1
BMU,2016,1
BMU,2017,1
BMU,2018,1
BMU,2019,1
BMU,2020,1
BMU,2021,1
BOL,2000,6.1835
BOL,2001,6.6069
BOL,2002,7.17
BOL,2003,7.6592
BOL,2004,7.936
BOL,2005,8.0661
BOL,2006,8.0116
BOL,2007,7.8512
BOL,2008,7.2383
BOL,2009,7.02
BOL,2010,7.0167
BOL,2011,6.937
BOL,2012,6.91
BOL,2013,6.91
BOL,2014,6.91
BOL,2015,6.91
BOL,2016,6.91
BOL,2017,6.91
BOL,2018,6.91
BOL,2019,6.91
BOL,2020,6.91
BOL,2021,6.91
BRA,2000,1.829423
BRA,2001,2.349632
BRA,2002,2.920363
BRA,2003,3.077475
BRA,2004,2.925119
BRA,2005,2.43439
BRA,2006,2.175327
BRA,2007,1.947058
BRA,2008,1.833767
BRA,2009,1.999428
BRA,2010,1.759227
BRA,2011,1.672829
BRA,2012,1.953069
BRA,2013,2.156089
BRA,2014,2.352952
BRA,2015,3.326904
BRA,2016,3.491313
BRA,2017,3.191389
BRA,2018,3.653825
BRA,2019,3.944471
BRA,2020,5.155179
BRA,2021,5.394401
BRB,2000,2
BRB,2001,2
BRB,2002,2
BRB,2003,2
BRB,2004,2
BRB,2005,2
BRB,2006,2
BRB,2007,2
BRB,2008,2
BRB,2009,2
BRB,2010,2
BRB,2011,2
BRB,2012,2
BRB,2013,2
BRB,2014,2
BRB,2015,2
BRB,2016,2
BRB,2017,2
BRB,2018,2
BRB,2019,2
BRB,2020,2
BRB,2021,2
BRN,2000,1.724
BRN,2001,1.7917
BRN,2002,1.7906
BRN,2003,1.7422
BRN,2004,1.6902
BRN,2005,1.6644
BRN,2006,1.5889
BRN,2007,1.5071
BRN,2008,1.4172
BRN,2009,1.4546
BRN,2010,1.3635
BRN,2011,1.2579
BRN,2012,1.2496
BRN,2013,1.2512
BRN,2014,1.267
BRN,2015,1.3749
BRN,2016,1.3813
BRN,2017,1.3809
BRN,2018,1.3489
BRN,2019,1.3642
BRN,2020,1.3797
BRN,2021,1.34380696297339
BTN,2000,44.94
BTN,2001,47.19
BTN,2002,48.61
BTN,2003,46.58
BTN,2004,45.32
BTN,2005,44.1
BTN,2006,45.307
BTN,2007,41.3485
BTN,2008,43.5052
BTN,2009,48.4053
BTN,2010,45.7258
BTN,2011,46.6705
BTN,2012,53.4372
BTN,2013,58.5978
BTN,2014,61.0295
BTN,2015,64.1519
BTN,2016,67.1953
BTN,2017,65.1216
BTN,2018,68.3895
BTN,2019,70.4203
BTN,2020,74.0995668836
BTN,2021,73.9393482494058
BWA,2000,5.1018
BWA,2001,5.8412
BWA,2002,6.3278
BWA,2003,4.9499
BWA,2004,4.6929
BWA,2005,5.1167
BWA,2006,5.8303
BWA,2007,6.1388
BWA,2008,6.8269
BWA,2009,7.1551
BWA,2010,6.7936
BWA,2011,6.8382
BWA,2012,7.6405
BWA,2013,8.3989
BWA,2014,8.9761
BWA,2015,10.129
BWA,2016,10.9012
BWA,2017,10.3474
BWA,2018,10.2
BWA,2019,10.7559
BWA,2020,11.4562
BWA,2021,11.0872583333333
CAF,2000,711.9763
CAF,2001,733.0385
CAF,2002,696.9882
CAF,2003,581.2003
CAF,2004,528.2848
CAF,2005,527.4681
CAF,2006,522.8901
CAF,2007,479.2668
CAF,2008,447.8348
CAF,2009,472.1863
CAF,2010,494.7943
CAF,2011,471.2486
CAF,2012,510.5563
CAF,2013,493.8996
CAF,2014,493.7573
CAF,2015,591.2117
CAF,2016,592.6056
CAF,2017,580.6568
CAF,2018,555.4465
CAF,2019,585.911
CAF,2020,575.586
CAF,2021,554.530675033104
CAN,2000,1.485394
CAN,2001,1.54884
CAN,2002,1.570343
CAN,2003,1.401015
CAN,2004,1.301282
CAN,2005,1.211405
CAN,2006,1.134345
CAN,2007,1.074046
CAN,2008,1.067087
CAN,2009,1.141535
CAN,2010,1.030113
CAN,2011,0.989258
CAN,2012,0.999365
CAN,2013,1.030137
CAN,2014,1.104747
CAN,2015,1.278786
CAN,2016,1.325615
CAN,2017,1.297936
CAN,2018,1.295818
CAN,2019,1.326793
CAN,2020,1.341153
CAN,2021,1.253877
CHE,2000,1.688843
CHE,2001,1.687615
CHE,2002,1.558607
CHE,2003,1.346651
CHE,2004,1.243496
CHE,2005,1.245177
CHE,2006,1.253843
CHE,2007,1.200366
CHE,2008,1.08309
CHE,2009,1.088142
CHE,2010,1.042906
CHE,2011,0.888042
CHE,2012,0.937684
CHE,2013,0.926904
CHE,2014,0.916151
CHE,2015,0.962381
CHE,2016,0.985394
CHE,2017,0.984692
CHE,2018,0.977892
CHE,2019,0.993709
CHE,2020,0.938965
CHE,2021,0.913846
CHL,2000,539.5875
CHL,2001,634.938333
CHL,2002,688.936667
CHL,2003,691.3975
CHL,2004,609.529167
CHL,2005,559.7675
CHL,2006,530.275
CHL,2007,522.464167
CHL,2008,522.461036
CHL,2009,560.859895
CHL,2010,510.249167
CHL,2011,483.6675
CHL,2012,486.471303
CHL,2013,495.272878
CHL,2014,570.348216
CHL,2015,654.124084
CHL,2016,676.957736
CHL,2017,648.833793
CHL,2018,641.276813
CHL,2019,702.897423
CHL,2020,792.727206
CHL,2021,758.955379
CHN,2000,8.278504
CHN,2001,8.277068
CHN,2002,8.276958
CHN,2003,8.277037
CHN,2004,8.276801
CHN,2005,8.194317
CHN,2006,7.973438
CHN,2007,7.607532
CHN,2008,6.948655
CHN,2009,6.831416
CHN,2010,6.770269
CHN,2011,6.461461
CHN,2012,6.312333
CHN,2013,6.195758
CHN,2014,6.143434
CHN,2015,6.227489
CHN,2016,6.644478
CHN,2017,6.758755
CHN,2018,6.615957
CHN,2019,6.908385
CHN,2020,6.900767
CHN,2021,6.448975
CIV,2000,710.208
CIV,2001,732.3977
CIV,2002,693.7132
CIV,2003,579.8974
CIV,2004,527.338
CIV,2005,527.2584
CIV,2006,522.4256
CIV,2007,478.6337
CIV,2008,446
CIV,2009,470.2934
CIV,2010,494.7943
CIV,2011,471.2486
CIV,2012,510.5563
CIV,2013,493.8996
CIV,2014,493.7573
CIV,2015,591.2117
CIV,2016,592.6056
CIV,2017,580.6567
CIV,2018,555.4465
CIV,2019,585.911
CIV,2020,575.586
CIV,2021,554.530675033104
CMR,2000,710.208
CMR,2001,732.3977
CMR,2002,693.7132
CMR,2003,579.8974
CMR,2004,527.338
CMR,2005,527.2584
CMR,2006,522.4256
CMR,2007,478.6337
CMR,2008,446
CMR,2009,470.2934
CMR,2010,494.7943
CMR,2011,471.2486
CMR,2012,510.5563
CMR,2013,493.8996
CMR,2014,493.7573
CMR,2015,591.2117
CMR,2016,592.6056
CMR,2017,580.6567
CMR,2018,555.4465
CMR,2019,585.911
CMR,2020,575.586
CMR,2021,554.530675033104
COD,2000,69
COD,2001,300
COD,2002,346.6879
COD,2003,405.3974
COD,2004,399.4757
COD,2005,473.908
COD,2006,468.2788
COD,2007,516.7498
COD,2008,559.2925
COD,2009,809.7858
COD,2010,905.9135
COD,2011,919.4913
COD,2012,919.755
COD,2013,919.5659
COD,2014,925.2263
COD,2015,925.985
COD,2016,1010.3028
COD,2017,1464.4179
COD,2018,1622.5235
COD,2019,1647.7601
COD,2020,1851.1222
COD,2021,1989.39147122828
COG,2000,710.208
COG,2001,732.3977
COG,2002,693.7132
COG,2003,579.8974
COG,2004,527.338
COG,2005,527.4681
COG,2006,522.8901
COG,2007,479.2668
COG,2008,447.8053
COG,2009,472.1863
COG,2010,495.277
COG,2011,471.8661
COG,2012,510.5271
COG,2013,494.04
COG,2014,494.415
COG,2015,591.4495
COG,2016,592.8
COG,2017,580.9
COG,2018,555.4465
COG,2019,585.911
COG,2020,575.586
COG,2021,554.530675033104
COK,2000,
COK,2001,
COK,2002,
COK,2003,
COK,2004,
COK,2005,
COK,2006,
COK,2007,
COK,2008,
COK,2009,
COK,2010,
COK,2011,
COK,2012,
COK,2013,
COK,2014,
COK,2015,
COK,2016,
COK,2017,
COK,2018,
COK,2019,
COK,2020,
COK,2021,
COL,2000,2087.903842
COL,2001,2299.633156
COL,2002,2504.241331
COL,2003,2877.652458
COL,2004,2628.612903
COL,2005,2320.834177
COL,2006,2361.139407
COL,2007,2078.291837
COL,2008,1967.711309
COL,2009,2158.255903
COL,2010,1898.569636
COL,2011,1848.13947
COL,2012,1796.895912
COL,2013,1868.785327
COL,2014,2001.781048
COL,2015,2741.880855
COL,2016,3054.121673
COL,2017,2951.327402
COL,2018,2955.70397
COL,2019,3280.831631
COL,2020,3694.854072
COL,2021,3743.589819
COM,2000,532.656
COM,2001,549.2983
COM,2002,520.2849
COM,2003,434.9231
COM,2004,395.5035
COM,2005,395.4438
COM,2006,391.8192
COM,2007,358.9753
COM,2008,334.5
COM,2009,352.7201
COM,2010,371.0957
COM,2011,353.4365
COM,2012,382.9173
COM,2013,370.4247
COM,2014,370.318
COM,2015,443.4088
COM,2016,444.4542
COM,2017,435.4926
COM,2018,416.5848
COM,2019,439.4631
COM,2020,430.7209
COM,2021,415.955849148115
CPV,2000,115.876552
CPV,2001,123.213333
CPV,2002,117.255833
CPV,2003,97.7875
CPV,2004,88.747925
CPV,2005,88.646169
CPV,2006,87.926065
CPV,2007,80.615027
CPV,2008,75.336004
CPV,2009,80.035418
CPV,2010,83.278689
CPV,2011,79.276881
CPV,2012,86.318954
CPV,2013,83.0725
CPV,2014,83.0345
CPV,2015,99.385694
CPV,2016,99.688114
CPV,2017,97.806938
CPV,2018,93.413579
CPV,2019,98.495179
CPV,2020,96.795743
CPV,2021,93.2180924116109
CRI,2000,308.186667
CRI,2001,328.870833
CRI,2002,359.817527
CRI,2003,398.662222
CRI,2004,437.935
CRI,2005,477.786741
CRI,2006,511.301818
CRI,2007,516.61739
CRI,2008,526.235513
CRI,2009,573.287957
CRI,2010,525.829201
CRI,2011,505.66424
CRI,2012,502.901462
CRI,2013,499.766833
CRI,2014,538.3172
CRI,2015,534.56577
CRI,2016,544.739367
CRI,2017,567.51309
CRI,2018,576.972501
CRI,2019,587.294596
CRI,2020,584.900855
CRI,2021,620.78472
CSK,2000,
CSK,2001,
CSK,2002,
CSK,2003,
CSK,2004,
CSK,2005,
CSK,2006,
CSK,2007,
CSK,2008,
CSK,2009,
CSK,2010,
CSK,2011,
CSK,2012,
CSK,2013,
CSK,2014,
CSK,2015,
CSK,2016,
CSK,2017,
CSK,2018,
CSK,2019,
CSK,2020,
CSK,2021,
CUB,2000,1
CUB,2001,1
CUB,2002,1
CUB,2003,1
CUB,2004,1
CUB,2005,1
CUB,2006,1
CUB,2007,1
CUB,2008,1
CUB,2009,1
CUB,2010,1
CUB,2011,1
CUB,2012,1
CUB,2013,1
CUB,2014,1
CUB,2015,1
CUB,2016,1
CUB,2017,1
CUB,2018,1
CUB,2019,1
CUB,2020,1
CUB,2021,
CUW,2000,
CUW,2001,
CUW,2002,
CUW,2003,
CUW,2004,
CUW,2005,
CUW,2006,
CUW,2007,
CUW,2008,
CUW,2009,
CUW,2010,
CUW,2011,1.79
CUW,2012,1.79
CUW,2013,1.79
CUW,2014,1.79
CUW,2015,1.79
CUW,2016,1.79
CUW,2017,1.79
CUW,2018,1.79
CUW,2019,1.79
CUW,2020,1.79
CUW,2021,1.79
CYM,2000,0.83333
CYM,2001,0.83333
CYM,2002,0.83333
CYM,2003,0.83333
CYM,2004,0.83333
CYM,2005,0.8333
CYM,2006,0.8333
CYM,2007,0.8333
CYM,2008,0.8333
CYM,2009,0.8333
CYM,2010,0.8333
CYM,2011,0.8333
CYM,2012,0.8333
CYM,2013,0.8333
CYM,2014,0.8333
CYM,2015,0.8333
CYM,2016,0.8333
CYM,2017,0.8333
CYM,2018,0.8333
CYM,2019,0.8333
CYM,2020,0.8333
CYM,2021,0.83333
CYP,2000,1.063449
CYP,2001,1.098814
CYP,2002,1.043375
CYP,2003,0.884104
CYP,2004,0.800652
CYP,2005,0.792912
CYP,2006,0.784104
CYP,2007,0.728078
CYP,2008,0.679923
CYP,2009,0.716958
CYP,2010,0.754309
CYP,2011,0.718414
CYP,2012,0.778338
CYP,2013,0.752945
CYP,2014,0.752728
CYP,2015,0.901296
CYP,2016,0.903421
CYP,2017,0.885206
CYP,2018,0.846773
CYP,2019,0.893276
CYP,2020,0.875506
CYP,2021,0.845494
CZE,2000,38.598417
CZE,2001,38.035328
CZE,2002,32.738518
CZE,2003,28.209
CZE,2004,25.69975
CZE,2005,23.957417
CZE,2006,22.595583
CZE,2007,20.293667
CZE,2008,17.071667
CZE,2009,19.063
CZE,2010,19.09825
CZE,2011,17.695917
CZE,2012,19.5775
CZE,2013,19.570583
CZE,2014,20.7575
CZE,2015,24.59875
CZE,2016,24.439917
CZE,2017,23.376333
CZE,2018,21.729917
CZE,2019,22.93225
CZE,2020,23.21025
CZE,2021,21.678167
DDR,2000,
DDR,2001,
DDR,2002,
DDR,2003,
DDR,2004,
DDR,2005,
DDR,2006,
DDR,2007,
DDR,2008,
DDR,2009,
DDR,2010,
DDR,2011,
DDR,2012,
DDR,2013,
DDR,2014,
DDR,2015,
DDR,2016,
DDR,2017,
DDR,2018,
DDR,2019,
DDR,2020,
DDR,2021,
DEU,2000,1.082705
DEU,2001,1.116533
DEU,2002,1.057559
DEU,2003,0.884048
DEU,2004,0.803922
DEU,2005,0.8038
DEU,2006,0.796433
DEU,2007,0.729672
DEU,2008,0.679923
DEU,2009,0.716958
DEU,2010,0.754309
DEU,2011,0.718414
DEU,2012,0.778338
DEU,2013,0.752945
DEU,2014,0.752728
DEU,2015,0.901296
DEU,2016,0.903421
DEU,2017,0.885206
DEU,2018,0.846773
DEU,2019,0.893276
DEU,2020,0.875506
DEU,2021,0.845494
DFR,2000,
DFR,2001,
DFR,2002,
DFR,2003,
DFR,2004,
DFR,2005,
DFR,2006,
DFR,2007,
DFR,2008,
DFR,2009,
DFR,2010,
DFR,2011,
DFR,2012,
DFR,2013,
DFR,2014,
DFR,2015,
DFR,2016,
DFR,2017,
DFR,2018,
DFR,2019,
DFR,2020,
DFR,2021,
DJI,2000,177.721
DJI,2001,177.721
DJI,2002,177.721
DJI,2003,177.721
DJI,2004,177.721
DJI,2005,177.721
DJI,2006,177.721
DJI,2007,177.721
DJI,2008,177.721
DJI,2009,177.721
DJI,2010,177.721
DJI,2011,177.721
DJI,2012,177.721
DJI,2013,177.721
DJI,2014,177.721
DJI,2015,177.721
DJI,2016,177.721
DJI,2017,177.721
DJI,2018,177.721
DJI,2019,177.721
DJI,2020,177.721
DJI,2021,177.721
DMA,2000,2.7
DMA,2001,2.7
DMA,2002,2.7
DMA,2003,2.7
DMA,2004,2.7
DMA,2005,2.7
DMA,2006,2.7
DMA,2007,2.7
DMA,2008,2.7
DMA,2009,2.7
DMA,2010,2.7
DMA,2011,2.7
DMA,2012,2.7
DMA,2013,2.7
DMA,2014,2.7
DMA,2015,2.7
DMA,2016,2.7
DMA,2017,2.7
DMA,2018,2.7
DMA,2019,2.7
DMA,2020,2.7
DMA,2021,2.7
DNK,2000,8.083144
DNK,2001,8.322817
DNK,2002,7.894714
DNK,2003,6.587673
DNK,2004,5.991057
DNK,2005,5.99691
DNK,2006,5.946778
DNK,2007,5.443701
DNK,2008,5.098131
DNK,2009,5.360867
DNK,2010,5.624075
DNK,2011,5.368712
DNK,2012,5.792476
DNK,2013,5.616312
DNK,2014,5.612467
DNK,2015,6.727907
DNK,2016,6.731718
DNK,2017,6.602893
DNK,2018,6.314619
DNK,2019,6.669447
DNK,2020,6.542152
DNK,2021,6.287113
DOM,2000,16.1815
DOM,2001,16.691
DOM,2002,17.593
DOM,2003,29.37
DOM,2004,41.9303
DOM,2005,30.2828
DOM,2006,33.3
DOM,2007,33.1719
DOM,2008,34.5294
DOM,2009,35.9719
DOM,2010,36.8213
DOM,2011,38.0876
DOM,2012,39.3203
DOM,2013,41.7945
DOM,2014,43.5497
DOM,2015,45.0455
DOM,2016,46.0644
DOM,2017,47.5344
DOM,2018,49.51
DOM,2019,51.2949
DOM,2020,56.5245
DOM,2021,57.2211166666667
DZA,2000,75.2598
DZA,2001,77.215
DZA,2002,79.6819
DZA,2003,77.395
DZA,2004,72.0606
DZA,2005,73.2763
DZA,2006,72.6466
DZA,2007,69.2924
DZA,2008,64.5828
DZA,2009,72.6474
DZA,2010,74.386
DZA,2011,72.9379
DZA,2012,77.536
DZA,2013,79.3684
DZA,2014,80.579
DZA,2015,100.6914
DZA,2016,109.4431
DZA,2017,110.973
DZA,2018,116.5938
DZA,2019,119.3536
DZA,2020,126.7768
DZA,2021,135.064058333333
ECU,2000,0.9995
ECU,2001,1
ECU,2002,1
ECU,2003,1
ECU,2004,1
ECU,2005,1
ECU,2006,1
ECU,2007,1
ECU,2008,1
ECU,2009,1
ECU,2010,1
ECU,2011,1
ECU,2012,1
ECU,2013,1
ECU,2014,1
ECU,2015,1
ECU,2016,1
ECU,2017,1
ECU,2018,1
ECU,2019,1
ECU,2020,1
ECU,2021,1
EGY,2000,3.4065
EGY,2001,3.71
EGY,2002,4.45
EGY,2003,5.2
EGY,2004,6.16
EGY,2005,6.01
EGY,2006,5.75
EGY,2007,5.71
EGY,2008,5.5
EGY,2009,5.51
EGY,2010,5.51
EGY,2011,5.81
EGY,2012,6
EGY,2013,6.45
EGY,2014,6.97
EGY,2015,7.42
EGY,2016,8.15
EGY,2017,14.72
EGY,2018,17.77
EGY,2019,17.56
EGY,2020,16.03
EGY,2021,15.6445272777113
ERI,2000,9.625
ERI,2001,11.3095
ERI,2002,13.9582
ERI,2003,13.8779
ERI,2004,13.7875
ERI,2005,15.3679
ERI,2006,15.375
ERI,2007,15.375
ERI,2008,15.375
ERI,2009,15.375
ERI,2010,15.375
ERI,2011,15.375
ERI,2012,15.375
ERI,2013,15.375
ERI,2014,15.375
ERI,2015,15.375
ERI,2016,15.35
ERI,2017,15.075
ERI,2018,15.075
ERI,2019,15.075
ERI,2020,15.075
ERI,2021,15.075
ESP,2000,1.082705
ESP,2001,1.116533
ESP,2002,1.057559
ESP,2003,0.884048
ESP,2004,0.803922
ESP,2005,0.8038
ESP,2006,0.796433
ESP,2007,0.729672
ESP,2008,0.679923
ESP,2009,0.716958
ESP,2010,0.754309
ESP,2011,0.718414
ESP,2012,0.778338
ESP,2013,0.752945
ESP,2014,0.752728
ESP,2015,0.901296
ESP,2016,0.903421
ESP,2017,0.885206
ESP,2018,0.846773
ESP,2019,0.893276
ESP,2020,0.875506
ESP,2021,0.845494
EST,2000,1.084494
EST,2001,1.117052
EST,2002,1.061687
EST,2003,0.885586
EST,2004,0.805003
EST,2005,0.804251
EST,2006,0.79669
EST,2007,0.730756
EST,2008,0.683499
EST,2009,0.719481
EST,2010,0.754595
EST,2011,0.718414
EST,2012,0.778338
EST,2013,0.752945
EST,2014,0.752728
EST,2015,0.901296
EST,2016,0.903421
EST,2017,0.885206
EST,2018,0.846773
EST,2019,0.893276
EST,2020,0.875506
EST,2021,0.845494
ETH,2000,8.1481
ETH,2001,8.3278
ETH,2002,8.5427
ETH,2003,8.5805
ETH,2004,8.6195
ETH,2005,8.6516
ETH,2006,8.6809
ETH,2007,8.794
ETH,2008,9.244
ETH,2009,10.419
ETH,2010,12.891
ETH,2011,16.12
ETH,2012,17.255
ETH,2013,18.1942
ETH,2014,19.0752
ETH,2015,20.0956
ETH,2016,21.1059
ETH,2017,22.4137
ETH,2018,26.1082
ETH,2019,28.0542
ETH,2020,31.3469951924
ETH,2021,
EUI,2000,1.082705
EUI,2001,1.116533
EUI,2002,1.057559
EUI,2003,0.884048
EUI,2004,0.803922
EUI,2005,0.8038
EUI,2006,0.796433
EUI,2007,0.729672
EUI,2008,0.679923
EUI,2009,0.716958
EUI,2010,0.754309
EUI,2011,0.718414
EUI,2012,0.778338
EUI,2013,0.752945
EUI,2014,0.752728
EUI,2015,0.901296
EUI,2016,0.903421
EUI,2017,0.885206
EUI,2018,0.846773
EUI,2019,0.893276
EUI,2020,0.875506
EUI,2021,0.845494
FIN,2000,1.082705
FIN,2001,1.116533
FIN,2002,1.057559
FIN,2003,0.884048
FIN,2004,0.803922
FIN,2005,0.8038
FIN,2006,0.796433
FIN,2007,0.729672
FIN,2008,0.679923
FIN,2009,0.716958
FIN,2010,0.754309
FIN,2011,0.718414
FIN,2012,0.778338
FIN,2013,0.752945
FIN,2014,0.752728
FIN,2015,0.901296
FIN,2016,0.903421
FIN,2017,0.885206
FIN,2018,0.846773
FIN,2019,0.893276
FIN,2020,0.875506
FIN,2021,0.845494
FJI,2000,2.1286
FJI,2001,2.2766
FJI,2002,2.1869
FJI,2003,1.8958
FJI,2004,1.733
FJI,2005,1.691
FJI,2006,1.7312
FJI,2007,1.6103
FJI,2008,1.5937
FJI,2009,1.9557
FJI,2010,1.9183
FJI,2011,1.7932
FJI,2012,1.7899
FJI,2013,1.8414
FJI,2014,1.8874
FJI,2015,2.0976
FJI,2016,2.0947
FJI,2017,2.0669
FJI,2018,2.0874
FJI,2019,2.1604
FJI,2020,2.1688
FJI,2021,2.07063333333333
FLK,2000,
FLK,2001,
FLK,2002,
FLK,2003,
FLK,2004,
FLK,2005,
FLK,2006,
FLK,2007,
FLK,2008,
FLK,2009,
FLK,2010,
FLK,2011,
FLK,2012,
FLK,2013,
FLK,2014,
FLK,2015,
FLK,2016,
FLK,2017,
FLK,2018,
FLK,2019,
FLK,2020,
FLK,2021,
FRA,2000,1.082705
FRA,2001,1.116533
FRA,2002,1.057559
FRA,2003,0.884048
FRA,2004,0.803922
FRA,2005,0.8038
FRA,2006,0.796433
FRA,2007,0.729672
FRA,2008,0.679923
FRA,2009,0.716958
FRA,2010,0.754309
FRA,2011,0.718414
FRA,2012,0.778338
FRA,2013,0.752945
FRA,2014,0.752728
FRA,2015,0.901296
FRA,2016,0.903421
FRA,2017,0.885206
FRA,2018,0.846773
FRA,2019,0.893276
FRA,2020,0.875506
FRA,2021,0.845494
FRO,2000,8.0831
FRO,2001,8.3228
FRO,2002,7.8947
FRO,2003,6.5877
FRO,2004,5.9911
FRO,2005,5.9969
FRO,2006,5.9468
FRO,2007,5.4437
FRO,2008,5.0981
FRO,2009,5.3609
FRO,2010,5.6241
FRO,2011,5.3687
FRO,2012,5.7925
FRO,2013,5.6163
FRO,2014,5.6125
FRO,2015,6.7279
FRO,2016,6.7317
FRO,2017,6.6029
FRO,2018,6.3146
FRO,2019,6.6694
FRO,2020,
FRO,2021,
FSM,2000,1
FSM,2001,1
FSM,2002,1
FSM,2003,1
FSM,2004,1
FSM,2005,1
FSM,2006,1
FSM,2007,1
FSM,2008,1
FSM,2009,1
FSM,2010,1
FSM,2011,1
FSM,2012,1
FSM,2013,1
FSM,2014,1
FSM,2015,1
FSM,2016,1
FSM,2017,1
FSM,2018,1
FSM,2019,1
FSM,2020,1
FSM,2021,1
GAB,2000,710.208
GAB,2001,732.3977
GAB,2002,693.7132
GAB,2003,579.8974
GAB,2004,527.338
GAB,2005,527.2584
GAB,2006,522.4256
GAB,2007,478.6337
GAB,2008,446
GAB,2009,470.2934
GAB,2010,494.7943
GAB,2011,471.2486
GAB,2012,510.5563
GAB,2013,493.8996
GAB,2014,493.7573
GAB,2015,591.2117
GAB,2016,592.6056
GAB,2017,580.6567
GAB,2018,555.4465
GAB,2019,585.911
GAB,2020,575.586
GAB,2021,554.530675033104
GBR,2000,0.660931
GBR,2001,0.694655
GBR,2002,0.667223
GBR,2003,0.612472
GBR,2004,0.54618
GBR,2005,0.549998
GBR,2006,0.543487
GBR,2007,0.499772
GBR,2008,0.543966
GBR,2009,0.641919
GBR,2010,0.647179
GBR,2011,0.624141
GBR,2012,0.633047
GBR,2013,0.639661
GBR,2014,0.60773
GBR,2015,0.654545
GBR,2016,0.740634
GBR,2017,0.776977
GBR,2018,0.749532
GBR,2019,0.783445
GBR,2020,0.78
GBR,2021,0.727065
GEO,2000,1.976167
GEO,2001,2.073017
GEO,2002,2.195675
GEO,2003,2.14565
GEO,2004,1.91665
GEO,2005,1.812675
GEO,2006,1.780433
GEO,2007,1.670492
GEO,2008,1.490792
GEO,2009,1.670487
GEO,2010,1.782342
GEO,2011,1.686495
GEO,2012,1.651258
GEO,2013,1.66335
GEO,2014,1.765667
GEO,2015,2.269342
GEO,2016,2.366725
GEO,2017,2.509542
GEO,2018,2.534111
GEO,2019,2.818145
GEO,2020,3.109017
GEO,2021,3.221558
GGY,2000,0.660930833333333
GGY,2001,0.694655
GGY,2002,0.667223333333333
GGY,2003,0.6124725
GGY,2004,0.54618
GGY,2005,0.549998333333333
GGY,2006,0.543486666666667
GGY,2007,0.499771666666667
GGY,2008,0.54396625
GGY,2009,0.641919263495996
GGY,2010,0.647179345560165
GGY,2011,0.624140835740495
GGY,2012,0.633046988857327
GGY,2013,0.639660577613477
GGY,2014,0.607729626878255
GGY,2015,0.654545478931426
GGY,2016,0.740634463697084
GGY,2017,0.776976682344123
GGY,2018,0.749531540259847
GGY,2019,0.783445110011929
GGY,2020,0.779999576697153
GGY,2021,0.727064944688322
GHA,2000,0.5449
GHA,2001,0.7163
GHA,2002,0.7924
GHA,2003,0.8668
GHA,2004,0.8995
GHA,2005,0.9052
GHA,2006,0.9151
GHA,2007,0.9326
GHA,2008,1.0523
GHA,2009,1.405
GHA,2010,1.43
GHA,2011,1.5206
GHA,2012,1.8249
GHA,2013,1.9814
GHA,2014,2.8966
GHA,2015,3.7146
GHA,2016,3.9098
GHA,2017,4.3505
GHA,2018,4.5853
GHA,2019,5.2174
GHA,2020,5.5957
GHA,2021,
GIB,2000,0.660930833333333
GIB,2001,0.694655
GIB,2002,0.667223333333333
GIB,2003,0.6124725
GIB,2004,0.54618
GIB,2005,0.549998333333333
GIB,2006,0.543486666666667
GIB,2007,0.499771666666667
GIB,2008,0.54396625
GIB,2009,0.641919263495996
GIB,2010,0.647179345560165
GIB,2011,0.624140835740495
GIB,2012,0.633046988857327
GIB,2013,0.639660577613477
GIB,2014,0.607729626878255
GIB,2015,0.654545478931426
GIB,2016,0.740634463697084
GIB,2017,0.776976682344123
GIB,2018,0.749531540259847
GIB,2019,0.783445110011929
GIB,2020,0.779999576697153
GIB,2021,0.727064944688322
GIN,2000,1746.8699
GIN,2001,1950.5583
GIN,2002,1975.8438
GIN,2003,1984.9313
GIN,2004,2243.9313
GIN,2005,3644.3333
GIN,2006,5148.75
GIN,2007,4197.752
GIN,2008,4601.691
GIN,2009,4801.0832
GIN,2010,5726.071
GIN,2011,6658.0313
GIN,2012,6985.829
GIN,2013,6907.8781
GIN,2014,7014.1188
GIN,2015,7485.5167
GIN,2016,8967.9271
GIN,2017,9088.3195
GIN,2018,9011.1342
GIN,2019,9183.8759
GIN,2020,9565.0982
GIN,2021,
GLP,2000,
GLP,2001,
GLP,2002,
GLP,2003,
GLP,2004,
GLP,2005,
GLP,2006,
GLP,2007,
GLP,2008,
GLP,2009,
GLP,2010,
GLP,2011,
GLP,2012,
GLP,2013,
GLP,2014,
GLP,2015,
GLP,2016,
GLP,2017,
GLP,2018,
GLP,2019,
GLP,2020,
GLP,2021,
GMB,2000,12.7876
GMB,2001,15.6872
GMB,2002,19.9178
GMB,2003,28.5305
GMB,2004,30.0301
GMB,2005,28.5754
GMB,2006,28.0657
GMB,2007,24.8734
GMB,2008,22.1924
GMB,2009,26.6444
GMB,2010,28.012
GMB,2011,29.4615
GMB,2012,32.0771
GMB,2013,35.9576
GMB,2014,41.733
GMB,2015,42.5062
GMB,2016,43.3725
GMB,2017,46.6089
GMB,2018,48.1518
GMB,2019,50.0625
GMB,2020,51.5017
GMB,2021,51.4844438783833
GNB,2000,710.208
GNB,2001,732.3977
GNB,2002,693.7132
GNB,2003,579.8974
GNB,2004,527.338
GNB,2005,527.2584
GNB,2006,522.4256
GNB,2007,478.6337
GNB,2008,446
GNB,2009,470.2934
GNB,2010,494.7943
GNB,2011,471.2486
GNB,2012,510.5563
GNB,2013,493.8996
GNB,2014,493.7573
GNB,2015,591.2117
GNB,2016,592.6056
GNB,2017,580.6567
GNB,2018,555.4465
GNB,2019,585.911
GNB,2020,575.586
GNB,2021,554.530675033104
GNQ,2000,711.9763
GNQ,2001,733.0385
GNQ,2002,696.9882
GNQ,2003,581.2003
GNQ,2004,528.2848
GNQ,2005,527.4681
GNQ,2006,522.8901
GNQ,2007,479.2668
GNQ,2008,447.8053
GNQ,2009,472.1863
GNQ,2010,494.7942622229
GNQ,2011,471.2486257189
GNQ,2012,510.5563384543
GNQ,2013,493.8996238522
GNQ,2014,493.7573298753
GNQ,2015,591.2116979826
GNQ,2016,592.605615063
GNQ,2017,580.6567495879
GNQ,2018,555.4464583982
GNQ,2019,585.9110131804
GNQ,2020,575.5860045109
GNQ,2021,554.530675033104
GRC,2000,1.072336
GRC,2001,1.116533
GRC,2002,1.057559
GRC,2003,0.884048
GRC,2004,0.803922
GRC,2005,0.8038
GRC,2006,0.796433
GRC,2007,0.729672
GRC,2008,0.679923
GRC,2009,0.716958
GRC,2010,0.754309
GRC,2011,0.718414
GRC,2012,0.778338
GRC,2013,0.752945
GRC,2014,0.752728
GRC,2015,0.901296
GRC,2016,0.903421
GRC,2017,0.885206
GRC,2018,0.846773
GRC,2019,0.893276
GRC,2020,0.875506
GRC,2021,0.845494
GRD,2000,2.7
GRD,2001,2.7
GRD,2002,2.7
GRD,2003,2.7
GRD,2004,2.7
GRD,2005,2.7
GRD,2006,2.7
GRD,2007,2.7
GRD,2008,2.7
GRD,2009,2.7
GRD,2010,2.7
GRD,2011,2.7
GRD,2012,2.7
GRD,2013,2.7
GRD,2014,2.7
GRD,2015,2.7
GRD,2016,2.7
GRD,2017,2.7
GRD,2018,2.7
GRD,2019,2.7
GRD,2020,2.7
GRD,2021,2.7
GRL,2000,8.0831
GRL,2001,8.3228
GRL,2002,7.8947
GRL,2003,6.5877
GRL,2004,5.9911
GRL,2005,5.9969
GRL,2006,5.9468
GRL,2007,5.4437
GRL,2008,5.0981
GRL,2009,5.3609
GRL,2010,5.6241
GRL,2011,5.3687
GRL,2012,5.7925
GRL,2013,5.6163
GRL,2014,5.6125
GRL,2015,6.7279
GRL,2016,6.7317
GRL,2017,6.6029
GRL,2018,6.3146
GRL,2019,6.6694
GRL,2020,
GRL,2021,
GTM,2000,7.7632
GTM,2001,7.8586
GTM,2002,7.8217
GTM,2003,7.9409
GTM,2004,7.9465
GTM,2005,7.6339
GTM,2006,7.6026
GTM,2007,7.6733
GTM,2008,7.56
GTM,2009,8.1616
GTM,2010,8.0578
GTM,2011,7.7854
GTM,2012,7.8336
GTM,2013,7.8568
GTM,2014,7.7322
GTM,2015,7.6548
GTM,2016,7.5999
GTM,2017,7.3479
GTM,2018,7.5192
GTM,2019,7.6967
GTM,2020,7.72165
GTM,2021,7.73438833333333
GUF,2000,
GUF,2001,
GUF,2002,
GUF,2003,
GUF,2004,
GUF,2005,
GUF,2006,
GUF,2007,
GUF,2008,
GUF,2009,
GUF,2010,
GUF,2011,
GUF,2012,
GUF,2013,
GUF,2014,
GUF,2015,
GUF,2016,
GUF,2017,
GUF,2018,
GUF,2019,
GUF,2020,
GUF,2021,
GUM,2000,
GUM,2001,
GUM,2002,1
GUM,2003,1
GUM,2004,1
GUM,2005,1
GUM,2006,1
GUM,2007,1
GUM,2008,1
GUM,2009,1
GUM,2010,1
GUM,2011,1
GUM,2012,1
GUM,2013,1
GUM,2014,1
GUM,2015,1
GUM,2016,1
GUM,2017,1
GUM,2018,1
GUM,2019,1
GUM,2020,1
GUM,2021,
GUY,2000,182.43
GUY,2001,187.3208
GUY,2002,190.665
GUY,2003,193.8783
GUY,2004,198.3075
GUY,2005,199.875
GUY,2006,200.1883
GUY,2007,202.3467
GUY,2008,203.6333
GUY,2009,203.95
GUY,2010,203.6358
GUY,2011,204.0175
GUY,2012,204.3583
GUY,2013,205.3942
GUY,2014,206.4492
GUY,2015,206.5
GUY,2016,206.5
GUY,2017,206.5
GUY,2018,207.7167
GUY,2019,208.5
GUY,2020,208.5
GUY,2021,208.5
HKG,2000,7.791167
HKG,2001,7.79875
HKG,2002,7.798917
HKG,2003,7.78675
HKG,2004,7.788
HKG,2005,7.777333
HKG,2006,7.767833
HKG,2007,7.801417
HKG,2008,7.786833
HKG,2009,7.75175
HKG,2010,7.769167
HKG,2011,7.784
HKG,2012,7.756417
HKG,2013,7.756
HKG,2014,7.754083
HKG,2015,7.75175
HKG,2016,7.76225
HKG,2017,7.79325
HKG,2018,7.8385
HKG,2019,7.835917
HKG,2020,7.75725
HKG,2021,7.77325
HND,2000,15.0136259608
HND,2001,15.6513314521
HND,2002,16.6125301336
HND,2003,17.5445842224
HND,2004,18.4113509826
HND,2005,18.997824865
HND,2006,19.0272305911
HND,2007,19.0271025863
HND,2008,19.0302746921
HND,2009,19.0272789654
HND,2010,19.0268706557
HND,2011,19.0485514154
HND,2012,19.6379303216
HND,2013,20.4950928884
HND,2014,21.1347492774
HND,2015,22.098796749
HND,2016,22.9948797945
HND,2017,23.6514979196
HND,2018,24.0700562237
HND,2019,24.6801041954
HND,2020,24.7539458265
HND,2021,24.0166553242681
HRV,2000,8.277666
HRV,2001,8.341541
HRV,2002,7.871683
HRV,2003,6.704969
HRV,2004,6.034341
HRV,2005,5.949237
HRV,2006,5.837793
HRV,2007,5.364536
HRV,2008,4.93504
HRV,2009,5.283946
HRV,2010,5.498011
HRV,2011,5.34387
HRV,2012,5.850292
HRV,2013,5.70488
HRV,2014,5.748165
HRV,2015,6.858304
HRV,2016,6.80599
HRV,2017,6.623831
HRV,2018,6.279025
HRV,2019,6.622545
HRV,2020,6.614056
HRV,2021,6.360083
HTI,2000,19.6214
HTI,2001,23.8291
HTI,2002,27.0803
HTI,2003,40.4546
HTI,2004,39.6829
HTI,2005,38.984
HTI,2006,41.4486
HTI,2007,37.3998
HTI,2008,38.2666
HTI,2009,40.6825
HTI,2010,40.3096
HTI,2011,40.2901
HTI,2012,41.5782
HTI,2013,43.1253
HTI,2014,44.6238
HTI,2015,48.5571
HTI,2016,60.373
HTI,2017,65.639
HTI,2018,65.4154
HTI,2019,84.1355
HTI,2020,99.9356
HTI,2021,89.2266365116304
HUN,2000,282.179167
HUN,2001,286.49
HUN,2002,257.886667
HUN,2003,224.306667
HUN,2004,202.745833
HUN,2005,199.5825
HUN,2006,210.39
HUN,2007,183.625833
HUN,2008,172.113333
HUN,2009,202.341667
HUN,2010,207.944167
HUN,2011,201.055
HUN,2012,225.104167
HUN,2013,223.695
HUN,2014,232.601667
HUN,2015,279.3325
HUN,2016,281.523333
HUN,2017,274.433333
HUN,2018,270.211667
HUN,2019,290.66
HUN,2020,307.996667
HUN,2021,303.140833
IDN,2000,8421.775
IDN,2001,10260.85
IDN,2002,9311.191667
IDN,2003,8577.133333
IDN,2004,8938.85
IDN,2005,9704.741667
IDN,2006,9159.316667
IDN,2007,9141
IDN,2008,9698.9625
IDN,2009,10389.9375
IDN,2010,9090.433333
IDN,2011,8770.433333
IDN,2012,9386.629167
IDN,2013,10461.24
IDN,2014,11865.211296
IDN,2015,13389.412937
IDN,2016,13308.326802
IDN,2017,13380.833879
IDN,2018,14236.938773
IDN,2019,14147.671361
IDN,2020,14582.203468
IDN,2021,14308.143901
IMN,2000,0.6767
IMN,2001,0.6987
IMN,2002,0.6479
IMN,2003,0.5925
IMN,2004,0.5423
IMN,2005,0.55
IMN,2006,0.5435
IMN,2007,0.4998
IMN,2008,0.544
IMN,2009,0.6419
IMN,2010,0.6472
IMN,2011,0.6241
IMN,2012,0.633
IMN,2013,0.6397
IMN,2014,0.6077
IMN,2015,0.6545
IMN,2016,0.7406
IMN,2017,0.777
IMN,2018,0.7495
IMN,2019,0.7834
IMN,2020,0.779999576697153
IMN,2021,0.727064944688322
IND,2000,44.941605
IND,2001,47.186414
IND,2002,48.610319
IND,2003,46.583284
IND,2004,45.316467
IND,2005,44.099975
IND,2006,45.307008
IND,2007,41.348533
IND,2008,43.505183
IND,2009,48.405267
IND,2010,45.725812
IND,2011,46.670467
IND,2012,53.437233
IND,2013,58.597845
IND,2014,61.029514
IND,2015,64.151944
IND,2016,67.195313
IND,2017,65.121569
IND,2018,68.389467
IND,2019,70.420341
IND,2020,74.099567
IND,2021,73.918013
IRL,2000,1.082705
IRL,2001,1.116533
IRL,2002,1.057559
IRL,2003,0.884048
IRL,2004,0.803922
IRL,2005,0.8038
IRL,2006,0.796433
IRL,2007,0.729672
IRL,2008,0.679923
IRL,2009,0.716958
IRL,2010,0.754309
IRL,2011,0.718414
IRL,2012,0.778338
IRL,2013,0.752945
IRL,2014,0.752728
IRL,2015,0.901296
IRL,2016,0.903421
IRL,2017,0.885206
IRL,2018,0.846773
IRL,2019,0.893276
IRL,2020,0.875506
IRL,2021,0.845494
IRN,2000,5731
IRN,2001,5819
IRN,2002,7958
IRN,2003,8193.8896
IRN,2004,8613.9893
IRN,2005,8963.9589
IRN,2006,9170.9429
IRN,2007,9281.1518
IRN,2008,9428.5283
IRN,2009,9864.3025
IRN,2010,10344.5635
IRN,2011,11013.632
IRN,2012,12259.6917
IRN,2013,21581.8286
IRN,2014,26618.5179
IRN,2015,29650.9237
IRN,2016,31463.5782
IRN,2017,34392.4829
IRN,2018,64985.2421
IRN,2019,94532.4108
IRN,2020,172430.8311
IRN,2021,42000
IRQ,2000,1038.24
IRQ,2001,1142.03
IRQ,2002,1245.82
IRQ,2003,1349.62
IRQ,2004,1453.41
IRQ,2005,1472
IRQ,2006,1467.42
IRQ,2007,1254.6095
IRQ,2008,1193.0763
IRQ,2009,1170.0343
IRQ,2010,1170
IRQ,2011,1170
IRQ,2012,1166.1587
IRQ,2013,1166
IRQ,2014,1166
IRQ,2015,1167.3333
IRQ,2016,1182
IRQ,2017,1184
IRQ,2018,1182.75
IRQ,2019,1182
IRQ,2020,1192
IRQ,2021,
ISL,2000,78.615947
ISL,2001,97.424603
ISL,2002,91.661667
ISL,2003,76.708983
ISL,2004,70.191667
ISL,2005,62.981667
ISL,2006,70.18
ISL,2007,64.055
ISL,2008,87.947917
ISL,2009,123.638381
ISL,2010,122.241811
ISL,2011,115.95404
ISL,2012,125.082787
ISL,2013,122.179121
ISL,2014,116.767353
ISL,2015,131.918708
ISL,2016,120.811548
ISL,2017,106.839572
ISL,2018,108.300176
ISL,2019,122.606774
ISL,2020,135.421712
ISL,2021,126.98886
ISR,2000,4.077333
ISR,2001,4.20565
ISR,2002,4.737825
ISR,2003,4.554133
ISR,2004,4.481983
ISR,2005,4.4877
ISR,2006,4.455808
ISR,2007,4.108083
ISR,2008,3.588021
ISR,2009,3.932335
ISR,2010,3.738975
ISR,2011,3.578129
ISR,2012,3.855922
ISR,2013,3.610758
ISR,2014,3.577925
ISR,2015,3.886833
ISR,2016,3.840567
ISR,2017,3.599556
ISR,2018,3.590558
ISR,2019,3.564527
ISR,2020,3.442406
ISR,2021,3.230198
ITA,2000,1.082705
ITA,2001,1.116533
ITA,2002,1.057559
ITA,2003,0.884048
ITA,2004,0.803922
ITA,2005,0.8038
ITA,2006,0.796433
ITA,2007,0.729672
ITA,2008,0.679923
ITA,2009,0.716958
ITA,2010,0.754309
ITA,2011,0.718414
ITA,2012,0.778338
ITA,2013,0.752945
ITA,2014,0.752728
ITA,2015,0.901296
ITA,2016,0.903421
ITA,2017,0.885206
ITA,2018,0.846773
ITA,2019,0.893276
ITA,2020,0.875506
ITA,2021,0.845494
JAM,2000,42.9857
JAM,2001,45.9963
JAM,2002,48.4159
JAM,2003,57.7409
JAM,2004,61.1972
JAM,2005,62.2807
JAM,2006,65.7439
JAM,2007,69.1922
JAM,2008,72.7562
JAM,2009,87.8941
JAM,2010,87.1961
JAM,2011,85.8935
JAM,2012,88.7498
JAM,2013,100.3979
JAM,2014,110.9345
JAM,2015,116.9698
JAM,2016,125.095
JAM,2017,127.9645
JAM,2018,128.8715
JAM,2019,133.3121
JAM,2020,142.4028
JAM,2021,
JEY,2000,0.660930833333333
JEY,2001,0.694655
JEY,2002,0.667223333333333
JEY,2003,0.6124725
JEY,2004,0.54618
JEY,2005,0.549998333333333
JEY,2006,0.543486666666667
JEY,2007,0.499771666666667
JEY,2008,0.54396625
JEY,2009,0.641919263495996
JEY,2010,0.647179345560165
JEY,2011,0.624140835740495
JEY,2012,0.633046988857327
JEY,2013,0.639660577613477
JEY,2014,0.607729626878255
JEY,2015,0.654545478931426
JEY,2016,0.740634463697084
JEY,2017,0.776976682344123
JEY,2018,0.749531540259847
JEY,2019,0.783445110011929
JEY,2020,0.779999576697153
JEY,2021,0.727064944688322
JOR,2000,0.709
JOR,2001,0.709
JOR,2002,0.709
JOR,2003,0.709
JOR,2004,0.709
JOR,2005,0.709
JOR,2006,0.709
JOR,2007,0.709
JOR,2008,0.7097
JOR,2009,0.71
JOR,2010,0.71
JOR,2011,0.71
JOR,2012,0.71
JOR,2013,0.71
JOR,2014,0.71
JOR,2015,0.71
JOR,2016,0.71
JOR,2017,0.71
JOR,2018,0.71
JOR,2019,0.71
JOR,2020,0.71
JOR,2021,0.71
JPN,2000,107.765498
JPN,2001,121.528948
JPN,2002,125.388019
JPN,2003,115.933464
JPN,2004,108.192569
JPN,2005,110.218212
JPN,2006,116.299312
JPN,2007,117.753529
JPN,2008,103.359494
JPN,2009,93.570089
JPN,2010,87.779875
JPN,2011,79.80702
JPN,2012,79.790455
JPN,2013,97.595658
JPN,2014,105.944781
JPN,2015,121.044026
JPN,2016,108.7929
JPN,2017,112.166141
JPN,2018,110.423179
JPN,2019,109.009666
JPN,2020,106.774582
JPN,2021,109.754324
KAZ,2000,142.1333
KAZ,2001,146.7358
KAZ,2002,153.2792
KAZ,2003,149.5758
KAZ,2004,136.035
KAZ,2005,132.88
KAZ,2006,126.0894
KAZ,2007,122.5542
KAZ,2008,120.2992
KAZ,2009,147.4967
KAZ,2010,147.355
KAZ,2011,146.6208
KAZ,2012,149.1125
KAZ,2013,152.1292
KAZ,2014,179.1917
KAZ,2015,221.7283
KAZ,2016,342.16
KAZ,2017,326.001
KAZ,2018,344.7058
KAZ,2019,382.7473
KAZ,2020,412.9533
KAZ,2021,425.9075
KEN,2000,76.1755
KEN,2001,78.5631
KEN,2002,78.7491
KEN,2003,75.9355
KEN,2004,79.1738
KEN,2005,75.5541
KEN,2006,72.1008
KEN,2007,67.3176
KEN,2008,69.1753
KEN,2009,77.352
KEN,2010,79.2332
KEN,2011,88.8108
KEN,2012,84.5296
KEN,2013,86.1229
KEN,2014,87.9222
KEN,2015,98.1785
KEN,2016,101.5044
KEN,2017,103.4109
KEN,2018,101.3016
KEN,2019,101.99
KEN,2020,106.4508
KEN,2021,109.637746592367
KGZ,2000,47.7172
KGZ,2001,48.4445
KGZ,2002,46.9387
KGZ,2003,43.7056
KGZ,2004,42.663
KGZ,2005,41.0118
KGZ,2006,40.1529
KGZ,2007,37.3163
KGZ,2008,36.5746
KGZ,2009,42.9041
KGZ,2010,45.9643
KGZ,2011,46.1439
KGZ,2012,47.0045
KGZ,2013,48.4381
KGZ,2014,53.6541
KGZ,2015,64.4621
KGZ,2016,69.9141
KGZ,2017,68.8667
KGZ,2018,68.8403
KGZ,2019,69.7893
KGZ,2020,77.3457
KGZ,2021,84.6408220065285
KHM,2000,3854
KHM,2001,3924
KHM,2002,3917
KHM,2003,3979
KHM,2004,4016.3
KHM,2005,4092.5
KHM,2006,4103.25
KHM,2007,4056.1667
KHM,2008,4054.1667
KHM,2009,4139.3333
KHM,2010,4184.9167
KHM,2011,4058.5
KHM,2012,4033
KHM,2013,4027.25
KHM,2014,4037.5
KHM,2015,4067.75
KHM,2016,4058.6946
KHM,2017,4050.58
KHM,2018,4051.1669
KHM,2019,4061.149
KHM,2020,4092.7832
KHM,2021,4098.72279505889
KIR,2000,1.7248
KIR,2001,1.9334
KIR,2002,1.8406
KIR,2003,1.5419
KIR,2004,1.3598
KIR,2005,1.3095
KIR,2006,1.328
KIR,2007,1.1951
KIR,2008,1.1922
KIR,2009,1.2822
KIR,2010,1.0902
KIR,2011,0.9695
KIR,2012,0.9658
KIR,2013,1.0358
KIR,2014,1.1094
KIR,2015,1.3311
KIR,2016,1.3452
KIR,2017,1.3048
KIR,2018,1.3384
KIR,2019,1.4385
KIR,2020,1.4531
KIR,2021,1.33122425957081
KNA,2000,2.6973
KNA,2001,2.6973
KNA,2002,2.6973
KNA,2003,2.6973
KNA,2004,2.7
KNA,2005,2.7
KNA,2006,2.7
KNA,2007,2.7
KNA,2008,2.7
KNA,2009,2.7
KNA,2010,2.7
KNA,2011,2.7
KNA,2012,2.7
KNA,2013,2.7
KNA,2014,2.7
KNA,2015,2.7
KNA,2016,2.7
KNA,2017,2.7
KNA,2018,2.7
KNA,2019,2.7
KNA,2020,2.7
KNA,2021,2.7
KOR,2000,1130.3625
KOR,2001,1290.79
KOR,2002,1251.6025
KOR,2003,1191.645833
KOR,2004,1146.249167
KOR,2005,1024.328333
KOR,2006,955.340833
KOR,2007,929.375833
KOR,2008,1100.125833
KOR,2009,1277.245833
KOR,2010,1156.46
KOR,2011,1108.233333
KOR,2012,1126.806667
KOR,2013,1094.9825
KOR,2014,1052.84
KOR,2015,1130.9525
KOR,2016,1160.7675
KOR,2017,1131.000833
KOR,2018,1100.163333
KOR,2019,1165.3575
KOR,2020,1180.265833
KOR,2021,1143.958333
KWT,2000,0.3068
KWT,2001,0.3067
KWT,2002,0.3039
KWT,2003,0.298
KWT,2004,0.2947
KWT,2005,0.292
KWT,2006,0.2902
KWT,2007,0.2842
KWT,2008,0.2688
KWT,2009,0.2878
KWT,2010,0.2866
KWT,2011,0.276
KWT,2012,0.2799
KWT,2013,0.2836
KWT,2014,0.2846
KWT,2015,0.3009
KWT,2016,0.3021
KWT,2017,0.3033
KWT,2018,0.302
KWT,2019,0.3036
KWT,2020,0.3062
KWT,2021,0.301643110769949
LAO,2000,7878
LAO,2001,8878
LAO,2002,10057
LAO,2003,10516
LAO,2004,10585.4
LAO,2005,10655.1667
LAO,2006,10153.62
LAO,2007,9602.73
LAO,2008,8740.18
LAO,2009,8511.35
LAO,2010,8254.16
LAO,2011,8029.26
LAO,2012,8006.58
LAO,2013,7833.23
LAO,2014,8042.42
LAO,2015,8127.61
LAO,2016,8124.37
LAO,2017,8244.84
LAO,2018,8401.33
LAO,2019,8679.41
LAO,2020,9045.79
LAO,2021,
LBN,2000,1507.5
LBN,2001,1507.5
LBN,2002,1507.5
LBN,2003,1507.5
LBN,2004,1507.5
LBN,2005,1507.5
LBN,2006,1507.5
LBN,2007,1507.5
LBN,2008,1507.5
LBN,2009,1507.5
LBN,2010,1507.5
LBN,2011,1507.5
LBN,2012,1507.5
LBN,2013,1507.5
LBN,2014,1507.5
LBN,2015,1507.5
LBN,2016,1507.5
LBN,2017,1507.5
LBN,2018,1507.5
LBN,2019,1554
LBN,2020,3688
LBN,2021,1507.5
LBR,2000,1
LBR,2001,1
LBR,2002,1
LBR,2003,1
LBR,2004,1
LBR,2005,1
LBR,2006,1
LBR,2007,1
LBR,2008,1
LBR,2009,1
LBR,2010,1
LBR,2011,1
LBR,2012,1
LBR,2013,1
LBR,2014,1
LBR,2015,1
LBR,2016,1
LBR,2017,1
LBR,2018,1
LBR,2019,1
LBR,2020,1
LBR,2021,
LBY,2000,0.5122
LBY,2001,0.6051
LBY,2002,1.27
LBY,2003,1.28
LBY,2004,1.3
LBY,2005,1.3084
LBY,2006,1.3136
LBY,2007,1.2626
LBY,2008,1.2236
LBY,2009,1.2535
LBY,2010,1.2668
LBY,2011,1.2242
LBY,2012,1.2617
LBY,2013,1.2717
LBY,2014,1.2724
LBY,2015,1.3812
LBY,2016,1.3904
LBY,2017,1.3938
LBY,2018,1.365
LBY,2019,1.3979
LBY,2020,1.3981
LBY,2021,
LCA,2000,2.7
LCA,2001,2.7
LCA,2002,2.7
LCA,2003,2.7
LCA,2004,2.7
LCA,2005,2.7
LCA,2006,2.7
LCA,2007,2.7
LCA,2008,2.7
LCA,2009,2.7
LCA,2010,2.7
LCA,2011,2.7
LCA,2012,2.7
LCA,2013,2.7
LCA,2014,2.7
LCA,2015,2.7
LCA,2016,2.7
LCA,2017,2.7
LCA,2018,2.7
LCA,2019,2.7
LCA,2020,2.7
LCA,2021,2.7
LIE,2000,1.6888
LIE,2001,1.6876
LIE,2002,1.5586
LIE,2003,1.3467
LIE,2004,1.2435
LIE,2005,1.2452
LIE,2006,1.2538
LIE,2007,1.2004
LIE,2008,1.0831
LIE,2009,1.0881
LIE,2010,1.0429
LIE,2011,0.888
LIE,2012,0.9377
LIE,2013,0.9269
LIE,2014,0.9162
LIE,2015,0.9624
LIE,2016,0.9854
LIE,2017,0.9847
LIE,2018,0.9779
LIE,2019,0.9938
LIE,2020,
LIE,2021,
LKA,2000,77.01
LKA,2001,89.36
LKA,2002,95.66
LKA,2003,96.52
LKA,2004,101.19
LKA,2005,100.5
LKA,2006,103.9144
LKA,2007,110.6232
LKA,2008,108.3338
LKA,2009,114.9448
LKA,2010,113.0645
LKA,2011,110.5652
LKA,2012,127.6034
LKA,2013,129.069
LKA,2014,130.5647
LKA,2015,135.8569
LKA,2016,145.5817
LKA,2017,152.4464
LKA,2018,162.4649
LKA,2019,178.7449
LKA,2020,185.5926
LKA,2021,
LSO,2000,6.9398
LSO,2001,8.6091
LSO,2002,10.5407
LSO,2003,7.5647
LSO,2004,6.4596
LSO,2005,6.3593
LSO,2006,6.7715
LSO,2007,7.0454
LSO,2008,8.2612
LSO,2009,8.4737
LSO,2010,7.3198
LSO,2011,7.2599
LSO,2012,8.212
LSO,2013,9.6492
LSO,2014,10.8527
LSO,2015,12.7589
LSO,2016,14.7075
LSO,2017,13.32
LSO,2018,13.2339
LSO,2019,14.4484
LSO,2020,16.4732
LSO,2021,14.7786782139167
LTU,2000,1.15848
LTU,2001,1.15848
LTU,2002,1.064921
LTU,2003,0.886488
LTU,2004,0.805315
LTU,2005,0.803413
LTU,2006,0.797099
LTU,2007,0.730921
LTU,2008,0.682656
LTU,2009,0.719426
LTU,2010,0.754846
LTU,2011,0.718576
LTU,2012,0.778004
LTU,2013,0.753304
LTU,2014,0.753097
LTU,2015,0.901296
LTU,2016,0.903421
LTU,2017,0.885206
LTU,2018,0.846773
LTU,2019,0.893276
LTU,2020,0.875506
LTU,2021,0.845494
LUX,2000,1.082705
LUX,2001,1.116533
LUX,2002,1.057559
LUX,2003,0.884048
LUX,2004,0.803922
LUX,2005,0.8038
LUX,2006,0.796433
LUX,2007,0.729672
LUX,2008,0.679923
LUX,2009,0.716958
LUX,2010,0.754309
LUX,2011,0.718414
LUX,2012,0.778338
LUX,2013,0.752945
LUX,2014,0.752728
LUX,2015,0.901296
LUX,2016,0.903421
LUX,2017,0.885206
LUX,2018,0.846773
LUX,2019,0.893276
LUX,2020,0.875506
LUX,2021,0.845494
LVA,2000,0.862972
LVA,2001,0.893445
LVA,2002,0.879607
LVA,2003,0.813136
LVA,2004,0.768683
LVA,2005,0.803519
LVA,2006,0.797389
LVA,2007,0.73106
LVA,2008,0.68414
LVA,2009,0.719333
LVA,2010,0.754798
LVA,2011,0.713191
LVA,2012,0.778133
LVA,2013,0.753256
LVA,2014,0.752728
LVA,2015,0.901296
LVA,2016,0.903421
LVA,2017,0.885206
LVA,2018,0.846773
LVA,2019,0.893276
LVA,2020,0.875506
LVA,2021,0.845494
MAC,2000,8.0259
MAC,2001,8.0335
MAC,2002,8.0334
MAC,2003,8.0212
MAC,2004,8.0222
MAC,2005,8.0111
MAC,2006,8.0014
MAC,2007,8.0359
MAC,2008,8.0201
MAC,2009,7.9843
MAC,2010,8.0022
MAC,2011,8.0182
MAC,2012,7.9899
MAC,2013,7.9893
MAC,2014,7.9871
MAC,2015,7.985
MAC,2016,7.9951
MAC,2017,8.026
MAC,2018,8.0725
MAC,2019,8.0705
MAC,2020,7.9891
MAC,2021,8.00553175
MAF,2000,
MAF,2001,
MAF,2002,
MAF,2003,
MAF,2004,
MAF,2005,
MAF,2006,
MAF,2007,
MAF,2008,
MAF,2009,
MAF,2010,
MAF,2011,
MAF,2012,
MAF,2013,
MAF,2014,
MAF,2015,
MAF,2016,
MAF,2017,
MAF,2018,
MAF,2019,
MAF,2020,
MAF,2021,
MAR,2000,10.625636
MAR,2001,11.302975
MAR,2002,11.020583
MAR,2003,9.574383
MAR,2004,8.868017
MAR,2005,8.865008
MAR,2006,8.795583
MAR,2007,8.192333
MAR,2008,7.750325
MAR,2009,8.0571
MAR,2010,8.417158
MAR,2011,8.089875
MAR,2012,8.628445
MAR,2013,8.405504
MAR,2014,8.406337
MAR,2015,9.764348
MAR,2016,9.807476
MAR,2017,9.691998
MAR,2018,9.386102
MAR,2019,9.617076
MAR,2020,9.496847
MAR,2021,8.988484
MCO,2000,1.0854
MCO,2001,1.098
MCO,2002,1.04
MCO,2003,0.883
MCO,2004,0.8
MCO,2005,0.8041
MCO,2006,0.7971
MCO,2007,0.7306
MCO,2008,0.6827
MCO,2009,0.7198
MCO,2010,0.7543
MCO,2011,0.7184
MCO,2012,0.7783
MCO,2013,0.7529
MCO,2014,0.7527
MCO,2015,0.9013
MCO,2016,0.9034
MCO,2017,0.8852
MCO,2018,0.8468
MCO,2019,0.8933
MCO,2020,0.8755
MCO,2021,
MDA,2000,12.4334
MDA,2001,12.8668
MDA,2002,13.573
MDA,2003,13.9426
MDA,2004,12.3283
MDA,2005,12.5996
MDA,2006,13.1311
MDA,2007,12.1399
MDA,2008,10.392
MDA,2009,11.1096
MDA,2010,12.3693
MDA,2011,11.7386
MDA,2012,12.1114
MDA,2013,12.5868
MDA,2014,14.0356
MDA,2015,18.8185
MDA,2016,19.9238
MDA,2017,18.499
MDA,2018,16.8031
MDA,2019,17.5751
MDA,2020,17.3201
MDA,2021,17.6804661418331
MDG,2000,1353.496167
MDG,2001,1317.698833
MDG,2002,1366.391167
MDG,2003,1238.327667
MDG,2004,1868.857833
MDG,2005,2003.025833
MDG,2006,2142.301667
MDG,2007,1873.876667
MDG,2008,1708.370833
MDG,2009,1956.205833
MDG,2010,2089.95
MDG,2011,2025.1175
MDG,2012,2194.966667
MDG,2013,2206.914167
MDG,2014,2414.811667
MDG,2015,2933.508333
MDG,2016,3176.539167
MDG,2017,3116.11
MDG,2018,3334.752255
MDG,2019,3618.321858
MDG,2020,3787.754058
MDG,2021,3829.977849
MDV,2000,11.77
MDV,2001,12.2421
MDV,2002,12.8
MDV,2003,12.8
MDV,2004,12.8
MDV,2005,12.8
MDV,2006,12.8
MDV,2007,12.8
MDV,2008,12.8
MDV,2009,12.8
MDV,2010,12.8
MDV,2011,14.602
MDV,2012,15.3648
MDV,2013,15.3667
MDV,2014,15.3804
MDV,2015,15.3663
MDV,2016,15.3684
MDV,2017,15.387
MDV,2018,15.3908
MDV,2019,15.382
MDV,2020,15.3813
MDV,2021,15.3726984126984
MEX,2000,9.455558
MEX,2001,9.342342
MEX,2002,9.655958
MEX,2003,10.789019
MEX,2004,11.285967
MEX,2005,10.897892
MEX,2006,10.899242
MEX,2007,10.928192
MEX,2008,11.129717
MEX,2009,13.513475
MEX,2010,12.636008
MEX,2011,12.423325
MEX,2012,13.169458
MEX,2013,12.771992
MEX,2014,13.29245
MEX,2015,15.848267
MEX,2016,18.664058
MEX,2017,18.926517
MEX,2018,19.244342
MEX,2019,19.263633
MEX,2020,21.485608
MEX,2021,20.272408
MHL,2000,1
MHL,2001,1
MHL,2002,1
MHL,2003,1
MHL,2004,1
MHL,2005,1
MHL,2006,1
MHL,2007,1
MHL,2008,1
MHL,2009,1
MHL,2010,1
MHL,2011,1
MHL,2012,1
MHL,2013,1
MHL,2014,1
MHL,2015,1
MHL,2016,1
MHL,2017,1
MHL,2018,1
MHL,2019,1
MHL,2020,1
MHL,2021,
MKD,2000,65.903867
MKD,2001,68.037133
MKD,2002,64.349792
MKD,2003,54.322258
MKD,2004,49.409933
MKD,2005,49.283683
MKD,2006,48.801767
MKD,2007,44.729817
MKD,2008,41.867683
MKD,2009,44.100575
MKD,2010,46.485392
MKD,2011,44.230825
MKD,2012,47.89025
MKD,2013,46.395342
MKD,2014,46.437131
MKD,2015,55.537075
MKD,2016,55.731725
MKD,2017,54.665458
MKD,2018,52.107108
MKD,2019,54.9472
MKD,2020,54.144325
MKD,2021,52.102158
MLI,2000,710.21
MLI,2001,732.4
MLI,2002,693.71
MLI,2003,579.9
MLI,2004,527.34
MLI,2005,527.26
MLI,2006,522.43
MLI,2007,478.63
MLI,2008,446
MLI,2009,470.29
MLI,2010,494.7943
MLI,2011,471.2486
MLI,2012,510.5563
MLI,2013,493.8996
MLI,2014,493.7573
MLI,2015,591.2117
MLI,2016,592.6056
MLI,2017,580.6567
MLI,2018,555.4465
MLI,2019,585.911
MLI,2020,575.586
MLI,2021,554.530675033104
MLT,2000,1.020615
MLT,2001,1.048315
MLT,2002,1.010064
MLT,2003,0.878717
MLT,2004,0.802849
MLT,2005,0.805445
MLT,2006,0.794069
MLT,2007,0.726007
MLT,2008,0.679923
MLT,2009,0.716958
MLT,2010,0.754309
MLT,2011,0.718414
MLT,2012,0.778338
MLT,2013,0.752945
MLT,2014,0.752728
MLT,2015,0.901296
MLT,2016,0.903421
MLT,2017,0.885206
MLT,2018,0.846773
MLT,2019,0.893276
MLT,2020,0.875506
MLT,2021,0.845494
MMR,2000,346.2425
MMR,2001,490.429166666667
MMR,2002,750.636363636364
MMR,2003,860.25
MMR,2004,894.25
MMR,2005,1008.9167
MMR,2006,1228.1667
MMR,2007,1288.8333
MMR,2008,1142.1667
MMR,2009,1071.5833
MMR,2010,974.5833
MMR,2011,795.3333
MMR,2012,836.5
MMR,2013,901.9879409628
MMR,2014,974.2648138801
MMR,2015,1094.2599776996
MMR,2016,1230.9438583333
MMR,2017,1345.8233030447
MMR,2018,1381.9246930568
MMR,2019,1532.196952807
MMR,2020,1428.7802666667
MMR,2021,
MNE,2000,1.0827
MNE,2001,1.1166
MNE,2002,1.0589
MNE,2003,0.8843
MNE,2004,0.8054
MNE,2005,0.8041
MNE,2006,0.7971
MNE,2007,0.7306
MNE,2008,0.6827
MNE,2009,0.7198
MNE,2010,0.7543
MNE,2011,0.7184
MNE,2012,0.7783
MNE,2013,0.7532
MNE,2014,0.7537
MNE,2015,0.9017
MNE,2016,0.904
MNE,2017,0.8874
MNE,2018,0.8472
MNE,2019,0.8932
MNE,2020,0.8775
MNE,2021,0.845376564367945
MNG,2000,1076.6701
MNG,2001,1097.6975
MNG,2002,1110.3101
MNG,2003,1146.54
MNG,2004,1185.28
MNG,2005,1205.2467
MNG,2006,1179.6992
MNG,2007,1170.4008
MNG,2008,1165.8042
MNG,2009,1437.795
MNG,2010,1357.0642
MNG,2011,1265.5158
MNG,2012,1357.58
MNG,2013,1523.9275
MNG,2014,1817.9387
MNG,2015,1970.3092
MNG,2016,2140.2909
MNG,2017,2439.7772
MNG,2018,2472.4841
MNG,2019,2663.5414
MNG,2020,2813.2898
MNG,2021,2849.2886145414
MNP,2000,
MNP,2001,
MNP,2002,1
MNP,2003,1
MNP,2004,1
MNP,2005,1
MNP,2006,1
MNP,2007,1
MNP,2008,1
MNP,2009,1
MNP,2010,1
MNP,2011,1
MNP,2012,1
MNP,2013,1
MNP,2014,1
MNP,2015,1
MNP,2016,1
MNP,2017,1
MNP,2018,1
MNP,2019,1
MNP,2020,1
MNP,2021,
MOZ,2000,15.2272
MOZ,2001,20.7036
MOZ,2002,23.678
MOZ,2003,23.7823
MOZ,2004,22.5813
MOZ,2005,23.061
MOZ,2006,25.4008
MOZ,2007,25.8403
MOZ,2008,24.3006
MOZ,2009,27.5183
MOZ,2010,33.9601
MOZ,2011,29.0676
MOZ,2012,28.373
MOZ,2013,30.1041
MOZ,2014,31.3527
MOZ,2015,39.9825
MOZ,2016,63.0562
MOZ,2017,63.5843
MOZ,2018,60.3243
MOZ,2019,62.57
MOZ,2020,69.5114
MOZ,2021,65.465
MRT,2000,23.8923
MRT,2001,25.5629
MRT,2002,27.1739
MRT,2003,26.303
MRT,2004,26.5333
MRT,2005,26.56
MRT,2006,26.86
MRT,2007,25.8587
MRT,2008,23.8203
MRT,2009,26.2366
MRT,2010,27.5894
MRT,2011,28.1118
MRT,2012,29.662
MRT,2013,30.0682
MRT,2014,30.2725
MRT,2015,32.4672
MRT,2016,35.2371
MRT,2017,35.8
MRT,2018,35.6683
MRT,2019,36.6908
MRT,2020,37.2
MRT,2021,
MSR,2000,2.7
MSR,2001,2.7
MSR,2002,2.7
MSR,2003,2.7
MSR,2004,2.7
MSR,2005,2.7
MSR,2006,2.7
MSR,2007,2.7
MSR,2008,2.7
MSR,2009,2.7
MSR,2010,2.7
MSR,2011,2.7
MSR,2012,2.7
MSR,2013,2.7
MSR,2014,2.7
MSR,2015,2.7
MSR,2016,2.7
MSR,2017,2.7
MSR,2018,2.7
MSR,2019,2.7
MSR,2020,2.7
MSR,2021,2.7
MTQ,2000,
MTQ,2001,
MTQ,2002,
MTQ,2003,
MTQ,2004,
MTQ,2005,
MTQ,2006,
MTQ,2007,
MTQ,2008,
MTQ,2009,
MTQ,2010,
MTQ,2011,
MTQ,2012,
MTQ,2013,
MTQ,2014,
MTQ,2015,
MTQ,2016,
MTQ,2017,
MTQ,2018,
MTQ,2019,
MTQ,2020,
MTQ,2021,
MUS,2000,26.2496
MUS,2001,29.1293
MUS,2002,29.962
MUS,2003,27.9015
MUS,2004,27.4985
MUS,2005,29.4962
MUS,2006,31.7081
MUS,2007,31.3137
MUS,2008,28.4528
MUS,2009,31.9598
MUS,2010,30.7844
MUS,2011,28.706
MUS,2012,30.05
MUS,2013,30.7014
MUS,2014,30.6216
MUS,2015,35.0567
MUS,2016,35.5419
MUS,2017,34.4814
MUS,2018,33.9344
MUS,2019,35.4735
MUS,2020,39.3469
MUS,2021,41.6921333333333
MWI,2000,59.5438
MWI,2001,72.1973
MWI,2002,76.6833
MWI,2003,97.4425
MWI,2004,108.905
MWI,2005,118.4192
MWI,2006,136.0135
MWI,2007,139.9573
MWI,2008,140.5227
MWI,2009,141.1669
MWI,2010,150.4867
MWI,2011,156.5155
MWI,2012,249.106
MWI,2013,364.4073
MWI,2014,424.8958
MWI,2015,499.6058
MWI,2016,718.005
MWI,2017,730.2725
MWI,2018,732.3325
MWI,2019,745.5407
MWI,2020,749.5275
MWI,2021,
MYS,2000,3.8
MYS,2001,3.8
MYS,2002,3.8
MYS,2003,3.8
MYS,2004,3.8
MYS,2005,3.7871
MYS,2006,3.6682
MYS,2007,3.4376
MYS,2008,3.3358
MYS,2009,3.5245
MYS,2010,3.2211
MYS,2011,3.06
MYS,2012,3.0888
MYS,2013,3.1509
MYS,2014,3.2729
MYS,2015,3.9055
MYS,2016,4.1483
MYS,2017,4.3004
MYS,2018,4.0351
MYS,2019,4.1425
MYS,2020,4.2035
MYS,2021,4.14329759817721
MYT,2000,
MYT,2001,
MYT,2002,
MYT,2003,
MYT,2004,
MYT,2005,
MYT,2006,
MYT,2007,
MYT,2008,
MYT,2009,
MYT,2010,
MYT,2011,
MYT,2012,
MYT,2013,
MYT,2014,
MYT,2015,
MYT,2016,
MYT,2017,
MYT,2018,
MYT,2019,
MYT,2020,
MYT,2021,
NAM,2000,6.9398
NAM,2001,8.6092
NAM,2002,10.5407
NAM,2003,7.5647
NAM,2004,6.4597
NAM,2005,6.3771
NAM,2006,6.7671
NAM,2007,7.0544
NAM,2008,8.2517
NAM,2009,8.5228
NAM,2010,7.3303
NAM,2011,7.3
NAM,2012,8.1938
NAM,2013,9.7501
NAM,2014,10.8429
NAM,2015,12.8819
NAM,2016,14.7088
NAM,2017,13.305
NAM,2018,13.2339
NAM,2019,14.4484
NAM,2020,16.4633
NAM,2021,14.778675
NCL,2000,129.2010379533
NCL,2001,133.2377912162
NCL,2002,126.2003128716
NCL,2003,105.4949420325
NCL,2004,95.9333368925
NCL,2005,95.9188433909
NCL,2006,95.0396717198
NCL,2007,87.0730479332
NCL,2008,81.1363292781
NCL,2009,85.5557814097
NCL,2010,90.0129741146
NCL,2011,85.7295518299
NCL,2012,92.8804110841
NCL,2013,89.8502214987
NCL,2014,89.8243353779
NCL,2015,107.5532344043
NCL,2016,107.806815805
NCL,2017,105.6330781511
NCL,2018,101.0468218795
NCL,2019,106.5889338044
NCL,2020,104.710608187
NCL,2021,100.880222566186
NER,2000,710.208
NER,2001,732.3977
NER,2002,693.7132
NER,2003,579.8974
NER,2004,527.338
NER,2005,527.2584
NER,2006,522.4256
NER,2007,478.6337
NER,2008,446
NER,2009,470.2934
NER,2010,494.7943
NER,2011,471.2486
NER,2012,510.5563
NER,2013,493.8996
NER,2014,493.7573
NER,2015,591.2117
NER,2016,592.6056
NER,2017,580.6567
NER,2018,555.4465
NER,2019,585.911
NER,2020,575.586
NER,2021,554.530675033104
NGA,2000,101.6973
NGA,2001,111.2313
NGA,2002,120.5782
NGA,2003,129.2224
NGA,2004,132.888
NGA,2005,131.2743
NGA,2006,128.6517
NGA,2007,125.8081
NGA,2008,117.6937
NGA,2009,147.3226
NGA,2010,151.0894
NGA,2011,155.8907
NGA,2012,158.8391
NGA,2013,159.2512
NGA,2014,164.8818
NGA,2015,195.5158
NGA,2016,253.4917
NGA,2017,305.7893
NGA,2018,325
NGA,2019,325
NGA,2020,356.8229
NGA,2021,
NIC,2000,12.69
NIC,2001,13.4438
NIC,2002,14.25
NIC,2003,15.104
NIC,2004,15.93
NIC,2005,16.7333
NIC,2006,17.5707
NIC,2007,18.4485
NIC,2008,19.3719
NIC,2009,20.3395
NIC,2010,21.3564
NIC,2011,22.4243
NIC,2012,23.5467
NIC,2013,24.7228
NIC,2014,25.9589
NIC,2015,27.2568
NIC,2016,28.621
NIC,2017,30.0509
NIC,2018,31.5532
NIC,2019,33.1217
NIC,2020,34.3421
NIC,2021,35.1710166666667
NIU,2000,
NIU,2001,
NIU,2002,
NIU,2003,
NIU,2004,
NIU,2005,
NIU,2006,
NIU,2007,
NIU,2008,
NIU,2009,
NIU,2010,
NIU,2011,
NIU,2012,
NIU,2013,
NIU,2014,
NIU,2015,
NIU,2016,
NIU,2017,
NIU,2018,
NIU,2019,
NIU,2020,
NIU,2021,
NLD,2000,1.082705
NLD,2001,1.116533
NLD,2002,1.057559
NLD,2003,0.884048
NLD,2004,0.803922
NLD,2005,0.8038
NLD,2006,0.796433
NLD,2007,0.729672
NLD,2008,0.679923
NLD,2009,0.716958
NLD,2010,0.754309
NLD,2011,0.718414
NLD,2012,0.778338
NLD,2013,0.752945
NLD,2014,0.752728
NLD,2015,0.901296
NLD,2016,0.903421
NLD,2017,0.885206
NLD,2018,0.846773
NLD,2019,0.893276
NLD,2020,0.875506
NLD,2021,0.845494
NOR,2000,8.801842
NOR,2001,8.991654
NOR,2002,7.983779
NOR,2003,7.080217
NOR,2004,6.740833
NOR,2005,6.4425
NOR,2006,6.413333
NOR,2007,5.861667
NOR,2008,5.64
NOR,2009,6.288333
NOR,2010,6.044167
NOR,2011,5.604607
NOR,2012,5.8175
NOR,2013,5.875
NOR,2014,6.301667
NOR,2015,8.064167
NOR,2016,8.4
NOR,2017,8.271667
NOR,2018,8.1325
NOR,2019,8.8
NOR,2020,9.415833
NOR,2021,8.59
NPL,2000,69.07
NPL,2001,73.5
NPL,2002,75.93
NPL,2003,77.7558
NPL,2004,73.7907
NPL,2005,72.4961
NPL,2006,72.3247
NPL,2007,70.4875
NPL,2008,65.0163
NPL,2009,76.8785
NPL,2010,74.536
NPL,2011,72.2737
NPL,2012,81.0197
NPL,2013,87.9558
NPL,2014,98.2124
NPL,2015,99.4893
NPL,2016,106.3519
NPL,2017,106.2125
NPL,2018,104.3730021726
NPL,2019,112.8798340131
NPL,2020,116.311039272
NPL,2021,118.134081604947
NRU,2000,1.72482666666667
NRU,2001,1.9334425
NRU,2002,1.8405625
NRU,2003,1.54191416666667
NRU,2004,1.3597525
NRU,2005,1.30947333333333
NRU,2006,1.3279734405
NRU,2007,1.1950725
NRU,2008,1.19217833333333
NRU,2009,1.28218881008452
NRU,2010,1.1353
NRU,2011,1.0143
NRU,2012,0.9698
NRU,2013,0.9747
NRU,2014,1.0893
NRU,2015,1.2019
NRU,2016,1.3738
NRU,2017,1.3259
NRU,2018,1.2901
NRU,2019,1.3982
NRU,2020,1.4918
NRU,2021,1.33122425957081
NZL,2000,2.201149
NZL,2001,2.378751
NZL,2002,2.162191
NZL,2003,1.722099
NZL,2004,1.508681
NZL,2005,1.420273
NZL,2006,1.542056
NZL,2007,1.360675
NZL,2008,1.422727
NZL,2009,1.600877
NZL,2010,1.387834
NZL,2011,1.265811
NZL,2012,1.234284
NZL,2013,1.219408
NZL,2014,1.205433
NZL,2015,1.433975
NZL,2016,1.436525
NZL,2017,1.407408
NZL,2018,1.445258
NZL,2019,1.517875
NZL,2020,1.542058
NZL,2021,1.4138
OMN,2000,0.3845
OMN,2001,0.3845
OMN,2002,0.3845
OMN,2003,0.3845
OMN,2004,0.3845
OMN,2005,0.3845
OMN,2006,0.3845
OMN,2007,0.3845
OMN,2008,0.3845
OMN,2009,0.3845
OMN,2010,0.3845
OMN,2011,0.3845
OMN,2012,0.3845
OMN,2013,0.3845
OMN,2014,0.3845
OMN,2015,0.3845
OMN,2016,0.3845
OMN,2017,0.3845
OMN,2018,0.3845
OMN,2019,0.3845
OMN,2020,0.3845
OMN,2021,0.3845
PAK,2000,51.7375
PAK,2001,58.22
PAK,2002,61.58
PAK,2003,58.57
PAK,2004,57.57
PAK,2005,59.3576
PAK,2006,59.8566
PAK,2007,60.6342
PAK,2008,62.5465
PAK,2009,78.4983
PAK,2010,83.9158
PAK,2011,85.5689
PAK,2012,89.3403
PAK,2013,96.816
PAK,2014,102.9985
PAK,2015,101.4319
PAK,2016,104.3429
PAK,2017,104.812
PAK,2018,110.0441
PAK,2019,136.4821
PAK,2020,158.2435
PAK,2021,162.906253747418
PAN,2000,1
PAN,2001,1
PAN,2002,1
PAN,2003,1
PAN,2004,1
PAN,2005,1
PAN,2006,1
PAN,2007,1
PAN,2008,1
PAN,2009,1
PAN,2010,1
PAN,2011,1
PAN,2012,1
PAN,2013,1
PAN,2014,1
PAN,2015,1
PAN,2016,1
PAN,2017,1
PAN,2018,1
PAN,2019,1
PAN,2020,1
PAN,2021,1
PER,2000,3.4899
PER,2001,3.5081
PER,2002,3.5177
PER,2003,3.4792
PER,2004,3.4138
PER,2005,3.2967
PER,2006,3.2746
PER,2007,3.129
PER,2008,2.9259
PER,2009,3.0122
PER,2010,2.8251
PER,2011,2.7541
PER,2012,2.6376
PER,2013,2.7019
PER,2014,2.839
PER,2015,3.1844
PER,2016,3.3751
PER,2017,3.2605
PER,2018,3.2866
PER,2019,3.3373
PER,2020,3.4949
PER,2021,3.88055413137587
PHL,2000,44.1923
PHL,2001,50.9926
PHL,2002,51.6036
PHL,2003,54.2033
PHL,2004,56.0399
PHL,2005,55.0855
PHL,2006,51.3143
PHL,2007,46.1484
PHL,2008,44.3233
PHL,2009,47.6797
PHL,2010,45.1097
PHL,2011,43.3131
PHL,2012,42.2288
PHL,2013,42.4462
PHL,2014,44.3952
PHL,2015,45.5028
PHL,2016,47.4925
PHL,2017,50.4037
PHL,2018,52.6614
PHL,2019,51.7958
PHL,2020,49.6241
PHL,2021,49.2545977288412
PLW,2000,1
PLW,2001,1
PLW,2002,1
PLW,2003,1
PLW,2004,1
PLW,2005,1
PLW,2006,1
PLW,2007,1
PLW,2008,1
PLW,2009,1
PLW,2010,1
PLW,2011,1
PLW,2012,1
PLW,2013,1
PLW,2014,1
PLW,2015,1
PLW,2016,1
PLW,2017,1
PLW,2018,1
PLW,2019,1
PLW,2020,1
PLW,2021,1
PNG,2000,2.7648
PNG,2001,3.3743
PNG,2002,3.8858
PNG,2003,3.5537
PNG,2004,3.2217
PNG,2005,3.102
PNG,2006,3.0567
PNG,2007,2.9653
PNG,2008,2.7001
PNG,2009,2.7551
PNG,2010,2.7193
PNG,2011,2.371
PNG,2012,2.0836
PNG,2013,2.2445
PNG,2014,2.4614
PNG,2015,2.7684
PNG,2016,3.133
PNG,2017,3.1888
PNG,2018,3.2935
PNG,2019,3.3875
PNG,2020,3.46
PNG,2021,3.50877192982456
POL,2000,4.346075
POL,2001,4.0939
POL,2002,4.080033
POL,2003,3.889075
POL,2004,3.657642
POL,2005,3.235483
POL,2006,3.103158
POL,2007,2.76795
POL,2008,2.409242
POL,2009,3.120142
POL,2010,3.0153
POL,2011,2.962848
POL,2012,3.256542
POL,2013,3.160617
POL,2014,3.154542
POL,2015,3.7695
POL,2016,3.942783
POL,2017,3.779333
POL,2018,3.611717
POL,2019,3.839375
POL,2020,3.899742
POL,2021,3.861917
PRI,2000,1
PRI,2001,1
PRI,2002,1
PRI,2003,1
PRI,2004,1
PRI,2005,1
PRI,2006,1
PRI,2007,1
PRI,2008,1
PRI,2009,1
PRI,2010,1
PRI,2011,1
PRI,2012,1
PRI,2013,1
PRI,2014,1
PRI,2015,1
PRI,2016,1
PRI,2017,1
PRI,2018,1
PRI,2019,1
PRI,2020,1
PRI,2021,
PRK,2000,
PRK,2001,
PRK,2002,
PRK,2003,
PRK,2004,
PRK,2005,
PRK,2006,
PRK,2007,
PRK,2008,
PRK,2009,
PRK,2010,
PRK,2011,
PRK,2012,
PRK,2013,
PRK,2014,
PRK,2015,
PRK,2016,
PRK,2017,
PRK,2018,
PRK,2019,
PRK,2020,
PRK,2021,
PRT,2000,1.082705
PRT,2001,1.116533
PRT,2002,1.057559
PRT,2003,0.884048
PRT,2004,0.803922
PRT,2005,0.8038
PRT,2006,0.796433
PRT,2007,0.729672
PRT,2008,0.679923
PRT,2009,0.716958
PRT,2010,0.754309
PRT,2011,0.718414
PRT,2012,0.778338
PRT,2013,0.752945
PRT,2014,0.752728
PRT,2015,0.901296
PRT,2016,0.903421
PRT,2017,0.885206
PRT,2018,0.846773
PRT,2019,0.893276
PRT,2020,0.875506
PRT,2021,0.845494
PRY,2000,3486.35
PRY,2001,4105.93
PRY,2002,5716.26
PRY,2003,6424.34
PRY,2004,5974.58
PRY,2005,6177.9583
PRY,2006,5635.5078
PRY,2007,5032.7446
PRY,2008,4363.0665
PRY,2009,4966.5823
PRY,2010,4739.4784
PRY,2011,4191.4163
PRY,2012,4421.6593
PRY,2013,4303.8826
PRY,2014,4462.1853
PRY,2015,5204.9208
PRY,2016,5670.5409
PRY,2017,5618.9335
PRY,2018,5732.1046
PRY,2019,6240.7221
PRY,2020,6771.0974
PRY,2021,6774.16273484849
PSE,2000,1
PSE,2001,1
PSE,2002,1
PSE,2003,1
PSE,2004,1
PSE,2005,1
PSE,2006,1
PSE,2007,1
PSE,2008,1
PSE,2009,1
PSE,2010,1
PSE,2011,1
PSE,2012,1
PSE,2013,1
PSE,2014,1
PSE,2015,1
PSE,2016,1
PSE,2017,1
PSE,2018,1
PSE,2019,1
PSE,2020,1
PSE,2021,
PYF,2000,129.44
PYF,2001,133.237791216225
PYF,2002,126.200312871571
PYF,2003,105.494942032458
PYF,2004,95.9333368925229
PYF,2005,95.957
PYF,2006,95.1242
PYF,2007,87.1882
PYF,2008,81.4647
PYF,2009,85.9001
PYF,2010,90.1008
PYF,2011,85.8419
PYF,2012,92.8751
PYF,2013,89.8758
PYF,2014,89.944
PYF,2015,107.553234404315
PYF,2016,107.806815805024
PYF,2017,105.633078151149
PYF,2018,101.046821879543
PYF,2019,106.588933804405
PYF,2020,104.710608186968
PYF,2021,100.880222566186
QAT,2000,3.64
QAT,2001,3.64
QAT,2002,3.64
QAT,2003,3.64
QAT,2004,3.64
QAT,2005,3.64
QAT,2006,3.64
QAT,2007,3.64
QAT,2008,3.64
QAT,2009,3.64
QAT,2010,3.64
QAT,2011,3.64
QAT,2012,3.64
QAT,2013,3.64
QAT,2014,3.64
QAT,2015,3.64
QAT,2016,3.64
QAT,2017,3.64
QAT,2018,3.64
QAT,2019,3.64
QAT,2020,3.64
QAT,2021,3.64
REU,2000,
REU,2001,
REU,2002,
REU,2003,
REU,2004,
REU,2005,
REU,2006,
REU,2007,
REU,2008,
REU,2009,
REU,2010,
REU,2011,
REU,2012,
REU,2013,
REU,2014,
REU,2015,
REU,2016,
REU,2017,
REU,2018,
REU,2019,
REU,2020,
REU,2021,
ROU,2000,2.170872
ROU,2001,2.906079
ROU,2002,3.305543
ROU,2003,3.320007
ROU,2004,3.263657
ROU,2005,2.913653
ROU,2006,2.808983
ROU,2007,2.43825
ROU,2008,2.518858
ROU,2009,3.049325
ROU,2010,3.1779
ROU,2011,3.048608
ROU,2012,3.4682
ROU,2013,3.327917
ROU,2014,3.349175
ROU,2015,4.005667
ROU,2016,4.059183
ROU,2017,4.052492
ROU,2018,3.941617
ROU,2019,4.237925
ROU,2020,4.243992
ROU,2021,4.160417
RUS,2000,28.129167
RUS,2001,29.168525
RUS,2002,31.348483
RUS,2003,30.692025
RUS,2004,28.813742
RUS,2005,28.284442
RUS,2006,27.190958
RUS,2007,25.580845
RUS,2008,24.852875
RUS,2009,31.740358
RUS,2010,30.367915
RUS,2011,29.382341
RUS,2012,30.839831
RUS,2013,31.837144
RUS,2014,38.378207
RUS,2015,60.93765
RUS,2016,67.055933
RUS,2017,58.342801
RUS,2018,62.668133
RUS,2019,64.737658
RUS,2020,72.104908
RUS,2021,73.65435
RWA,2000,389.6962
RWA,2001,442.9919
RWA,2002,475.3652
RWA,2003,537.655
RWA,2004,577.449
RWA,2005,557.8226
RWA,2006,551.7103
RWA,2007,546.955
RWA,2008,546.8487
RWA,2009,568.2813
RWA,2010,583.1309
RWA,2011,600.3065
RWA,2012,614.2951
RWA,2013,646.636
RWA,2014,681.8617
RWA,2015,719.8596
RWA,2016,787.2515
RWA,2017,831.5305
RWA,2018,861.1839
RWA,2019,899.4584
RWA,2020,943.1379
RWA,2021,988.624806551768
SAU,2000,3.75
SAU,2001,3.75
SAU,2002,3.75
SAU,2003,3.75
SAU,2004,3.75
SAU,2005,3.75
SAU,2006,3.75
SAU,2007,3.75
SAU,2008,3.75
SAU,2009,3.75
SAU,2010,3.75
SAU,2011,3.75
SAU,2012,3.75
SAU,2013,3.75
SAU,2014,3.75
SAU,2015,3.75
SAU,2016,3.75
SAU,2017,3.75
SAU,2018,3.75
SAU,2019,3.75
SAU,2020,3.75
SAU,2021,3.75
SCG,2000,
SCG,2001,
SCG,2002,
SCG,2003,
SCG,2004,
SCG,2005,
SCG,2006,
SCG,2007,
SCG,2008,
SCG,2009,
SCG,2010,
SCG,2011,
SCG,2012,
SCG,2013,
SCG,2014,
SCG,2015,
SCG,2016,
SCG,2017,
SCG,2018,
SCG,2019,
SCG,2020,
SCG,2021,
SDN,2000,2.5712
SDN,2001,2.587
SDN,2002,2.6331
SDN,2003,2.6098
SDN,2004,2.5791
SDN,2005,2.4361
SDN,2006,2.1715
SDN,2007,2.0161
SDN,2008,2.0902
SDN,2009,2.6
SDN,2010,2.9
SDN,2011,3.8
SDN,2012,6
SDN,2013,7.3
SDN,2014,8.9
SDN,2015,9.9
SDN,2016,15
SDN,2017,21
SDN,2018,42.5
SDN,2019,74.8
SDN,2020,190.3
SDN,2021,
SEN,2000,710.208
SEN,2001,732.3977
SEN,2002,693.7132
SEN,2003,579.8974
SEN,2004,527.338
SEN,2005,527.2584
SEN,2006,522.4256
SEN,2007,478.6337
SEN,2008,446
SEN,2009,470.2934
SEN,2010,494.7943
SEN,2011,471.2486
SEN,2012,510.5563
SEN,2013,493.8996
SEN,2014,493.7573
SEN,2015,591.2117
SEN,2016,592.6056
SEN,2017,580.6567
SEN,2018,555.4465
SEN,2019,585.911
SEN,2020,575.586
SEN,2021,554.530675033104
SGP,2000,1.723963
SGP,2001,1.791723
SGP,2002,1.790588
SGP,2003,1.742183
SGP,2004,1.690228
SGP,2005,1.664398
SGP,2006,1.588933
SGP,2007,1.507102
SGP,2008,1.414861
SGP,2009,1.454515
SGP,2010,1.363508
SGP,2011,1.257776
SGP,2012,1.249676
SGP,2013,1.2513
SGP,2014,1.26705
SGP,2015,1.374825
SGP,2016,1.381546
SGP,2017,1.380925
SGP,2018,1.348842
SGP,2019,1.364158
SGP,2020,1.379742
SGP,2021,1.343483
SHN,2000,
SHN,2001,
SHN,2002,
SHN,2003,
SHN,2004,
SHN,2005,
SHN,2006,
SHN,2007,
SHN,2008,
SHN,2009,
SHN,2010,
SHN,2011,
SHN,2012,
SHN,2013,
SHN,2014,
SHN,2015,
SHN,2016,
SHN,2017,
SHN,2018,
SHN,2019,
SHN,2020,
SHN,2021,
SLB,2000,5.0889
SLB,2001,5.278
SLB,2002,6.7488
SLB,2003,7.5059
SLB,2004,7.4847
SLB,2005,7.5299
SLB,2006,7.6095
SLB,2007,7.652
SLB,2008,7.7479
SLB,2009,8.055
SLB,2010,8.0645
SLB,2011,7.6413
SLB,2012,7.3552
SLB,2013,7.3021
SLB,2014,7.3753
SLB,2015,7.9147
SLB,2016,7.9482
SLB,2017,7.8874
SLB,2018,7.9525
SLB,2019,8.1734
SLB,2020,8.2134
SLB,2021,8.03010299104932
SLE,2000,2092.1
SLE,2001,1986.15
SLE,2002,2099
SLE,2003,2347.9
SLE,2004,2701.3
SLE,2005,2889.5875
SLE,2006,2961.9092
SLE,2007,2985.1858
SLE,2008,2981.5147
SLE,2009,3385.65
SLE,2010,3978.0875
SLE,2011,4349.1621
SLE,2012,4344.0376
SLE,2013,4332.4991
SLE,2014,4524.1579
SLE,2015,5076
SLE,2016,6289.9401
SLE,2017,7384.4322
SLE,2018,7931.6317
SLE,2019,9010.2211
SLE,2020,9829
SLE,2021,
SLV,2000,1
SLV,2001,1
SLV,2002,1
SLV,2003,1
SLV,2004,1
SLV,2005,1
SLV,2006,1
SLV,2007,1
SLV,2008,1
SLV,2009,1
SLV,2010,1
SLV,2011,1
SLV,2012,1
SLV,2013,1
SLV,2014,1
SLV,2015,1
SLV,2016,1
SLV,2017,1
SLV,2018,1
SLV,2019,1
SLV,2020,1
SLV,2021,1
SMR,2000,1.0854
SMR,2001,1.098
SMR,2002,1.04
SMR,2003,0.883
SMR,2004,0.8
SMR,2005,0.8041
SMR,2006,0.7971
SMR,2007,0.7306
SMR,2008,0.6827
SMR,2009,0.7198
SMR,2010,0.7543
SMR,2011,0.7184
SMR,2012,0.7783
SMR,2013,0.7529
SMR,2014,0.7527
SMR,2015,0.9013
SMR,2016,0.9034
SMR,2017,0.8852
SMR,2018,0.8468
SMR,2019,0.8932
SMR,2020,0.8775
SMR,2021,0.845376564367945
SOM,2000,
SOM,2001,
SOM,2002,
SOM,2003,
SOM,2004,
SOM,2005,
SOM,2006,
SOM,2007,
SOM,2008,
SOM,2009,31558.9054783951
SOM,2010,31269.6625712251
SOM,2011,29966.8354404084
SOM,2012,22516.0002967711
SOM,2013,19283.8
SOM,2014,20230.9542
SOM,2015,22254.2525
SOM,2016,23061.785
SOM,2017,23098.66
SOM,2018,23954.1844
SOM,2019,25063.75
SOM,2020,25761
SOM,2021,
SPI,2000,
SPI,2001,
SPI,2002,
SPI,2003,
SPI,2004,
SPI,2005,
SPI,2006,
SPI,2007,
SPI,2008,
SPI,2009,
SPI,2010,
SPI,2011,
SPI,2012,
SPI,2013,
SPI,2014,
SPI,2015,
SPI,2016,
SPI,2017,
SPI,2018,
SPI,2019,
SPI,2020,
SPI,2021,
SPM,2000,
SPM,2001,
SPM,2002,
SPM,2003,
SPM,2004,
SPM,2005,
SPM,2006,
SPM,2007,
SPM,2008,
SPM,2009,
SPM,2010,
SPM,2011,
SPM,2012,
SPM,2013,
SPM,2014,
SPM,2015,
SPM,2016,
SPM,2017,
SPM,2018,
SPM,2019,
SPM,2020,
SPM,2021,
SRB,2000,63.1659
SRB,2001,66.91366
SRB,2002,64.405225
SRB,2003,57.590042
SRB,2004,58.375708
SRB,2005,66.717825
SRB,2006,67.155125
SRB,2007,58.449567
SRB,2008,55.72925
SRB,2009,67.604933
SRB,2010,77.722842
SRB,2011,73.355433
SRB,2012,87.958808
SRB,2013,85.158842
SRB,2014,88.405308
SRB,2015,108.811425
SRB,2016,111.27785
SRB,2017,107.75885
SRB,2018,100.175075
SRB,2019,105.249558
SRB,2020,103.163292
SRB,2021,99.395942
SSD,2000,
SSD,2001,
SSD,2002,
SSD,2003,
SSD,2004,
SSD,2005,
SSD,2006,
SSD,2007,
SSD,2008,2.0913
SSD,2009,2.3098
SSD,2010,2.3049
SSD,2011,2.989
SSD,2012,2.95
SSD,2013,2.95
SSD,2014,2.95
SSD,2015,3.6042
SSD,2016,16.92
SSD,2017,85.3
SSD,2018,127.78
SSD,2019,152.42
SSD,2020,160.83
SSD,2021,306.354619937276
STP,2000,7.9782
STP,2001,8.8421
STP,2002,9.0883
STP,2003,9.3476
STP,2004,9.9023
STP,2005,10.558
STP,2006,12.4486
STP,2007,13.5368
STP,2008,14.6952
STP,2009,16.2085
STP,2010,18.574
STP,2011,17.7542
STP,2012,19.2114
STP,2013,18.5955
STP,2014,18.5939
STP,2015,22.2438
STP,2016,22.2804
STP,2017,21.9139
STP,2018,20.907
STP,2019,22.049
STP,2020,21.6684
STP,2021,
SUN,2000,
SUN,2001,
SUN,2002,
SUN,2003,
SUN,2004,
SUN,2005,
SUN,2006,
SUN,2007,
SUN,2008,
SUN,2009,
SUN,2010,
SUN,2011,
SUN,2012,
SUN,2013,
SUN,2014,
SUN,2015,
SUN,2016,
SUN,2017,
SUN,2018,
SUN,2019,
SUN,2020,
SUN,2021,
SUR,2000,1.32
SUR,2001,2.18
SUR,2002,2.35
SUR,2003,2.601
SUR,2004,2.734
SUR,2005,2.7317
SUR,2006,2.7437
SUR,2007,2.745
SUR,2008,2.745
SUR,2009,2.745
SUR,2010,2.7454
SUR,2011,3.268
SUR,2012,3.3
SUR,2013,3.3
SUR,2014,3.3
SUR,2015,3.4167
SUR,2016,6.2286
SUR,2017,7.4877
SUR,2018,7.4625
SUR,2019,7.9014
SUR,2020,13.2974
SUR,2021,18.238666375
SVK,2000,1.528088
SVK,2001,1.605086
SVK,2002,1.504572
SVK,2003,1.220637
SVK,2004,1.070733
SVK,2005,1.029617
SVK,2006,0.985768
SVK,2007,0.819702
SVK,2008,0.709069
SVK,2009,0.716958
SVK,2010,0.754309
SVK,2011,0.718414
SVK,2012,0.778338
SVK,2013,0.752945
SVK,2014,0.752728
SVK,2015,0.901296
SVK,2016,0.903421
SVK,2017,0.885206
SVK,2018,0.846773
SVK,2019,0.893276
SVK,2020,0.875506
SVK,2021,0.845494
SVN,2000,0.929127
SVN,2001,1.012973
SVN,2002,1.002538
SVN,2003,0.86427
SVN,2004,0.802792
SVN,2005,0.804146
SVN,2006,0.797147
SVN,2007,0.729672
SVN,2008,0.679923
SVN,2009,0.716958
SVN,2010,0.754309
SVN,2011,0.718414
SVN,2012,0.778338
SVN,2013,0.752945
SVN,2014,0.752728
SVN,2015,0.901296
SVN,2016,0.903421
SVN,2017,0.885206
SVN,2018,0.846773
SVN,2019,0.893276
SVN,2020,0.875506
SVN,2021,0.845494
SWE,2000,9.162244
SWE,2001,10.329136
SWE,2002,9.737123
SWE,2003,8.086304
SWE,2004,7.348887
SWE,2005,7.473088
SWE,2006,7.378249
SWE,2007,6.75877
SWE,2008,6.591099
SWE,2009,7.653819
SWE,2010,7.207524
SWE,2011,6.493543
SWE,2012,6.775016
SWE,2013,6.513972
SWE,2014,6.860785
SWE,2015,8.434841
SWE,2016,8.561992
SWE,2017,8.548861
SWE,2018,8.692518
SWE,2019,9.458349
SWE,2020,9.210309
SWE,2021,8.576567
SWZ,2000,6.9398
SWZ,2001,8.6091
SWZ,2002,10.5407
SWZ,2003,7.5647
SWZ,2004,6.4596
SWZ,2005,6.3593
SWZ,2006,6.7715
SWZ,2007,7.0454
SWZ,2008,8.2612
SWZ,2009,8.4737
SWZ,2010,7.3212
SWZ,2011,7.2611
SWZ,2012,8.21
SWZ,2013,9.6551
SWZ,2014,10.8527
SWZ,2015,12.7463
SWZ,2016,14.7096
SWZ,2017,13.3294
SWZ,2018,13.2401
SWZ,2019,14.45
SWZ,2020,16.4703
SWZ,2021,14.7834351395784
SXM,2000,
SXM,2001,
SXM,2002,
SXM,2003,
SXM,2004,
SXM,2005,
SXM,2006,
SXM,2007,
SXM,2008,
SXM,2009,
SXM,2010,
SXM,2011,1.79
SXM,2012,1.79
SXM,2013,1.79
SXM,2014,1.79
SXM,2015,1.79
SXM,2016,1.79
SXM,2017,1.79
SXM,2018,1.79
SXM,2019,1.79
SXM,2020,1.79
SXM,2021,1.79
SYC,2000,5.7138
SYC,2001,5.8575
SYC,2002,5.48
SYC,2003,5.4007
SYC,2004,5.5
SYC,2005,5.5
SYC,2006,5.5197
SYC,2007,6.7011
SYC,2008,9.4572
SYC,2009,13.6099
SYC,2010,12.0678
SYC,2011,12.381
SYC,2012,13.6946
SYC,2013,12.0577
SYC,2014,12.7469
SYC,2015,13.3139
SYC,2016,13.3196
SYC,2017,13.6481
SYC,2018,13.9115
SYC,2019,14.0335
SYC,2020,17.6
SYC,2021,16.9205225709613
SYR,2000,11.225
SYR,2001,11.225
SYR,2002,11.225
SYR,2003,11.225
SYR,2004,11.225
SYR,2005,11.225
SYR,2006,11.225
SYR,2007,11.225
SYR,2008,11.225
SYR,2009,11.225
SYR,2010,11.225
SYR,2011,50.5744826473
SYR,2012,70.6618
SYR,2013,144.3841
SYR,2014,170.0652
SYR,2015,286.9655
SYR,2016,495.0265
SYR,2017,516.1781
SYR,2018,446.1618
SYR,2019,522.6262
SYR,2020,
SYR,2021,
TCA,2000,
TCA,2001,1
TCA,2002,1
TCA,2003,1
TCA,2004,1
TCA,2005,1
TCA,2006,1
TCA,2007,1
TCA,2008,1
TCA,2009,1
TCA,2010,1
TCA,2011,1
TCA,2012,1
TCA,2013,1
TCA,2014,1
TCA,2015,1
TCA,2016,1
TCA,2017,1
TCA,2018,1
TCA,2019,1
TCA,2020,1
TCA,2021,
TCD,2000,710.208
TCD,2001,732.3977
TCD,2002,693.7132
TCD,2003,579.8974
TCD,2004,527.338
TCD,2005,527.2584
TCD,2006,522.4256
TCD,2007,478.6337
TCD,2008,446
TCD,2009,470.2934
TCD,2010,494.7943
TCD,2011,471.2486
TCD,2012,510.5563
TCD,2013,493.8996
TCD,2014,493.7573
TCD,2015,591.2117
TCD,2016,592.6056
TCD,2017,580.6567
TCD,2018,555.4465
TCD,2019,585.911
TCD,2020,575.586
TCD,2021,554.530675033104
TGO,2000,710.208
TGO,2001,732.3977
TGO,2002,693.7132
TGO,2003,579.8974
TGO,2004,527.338
TGO,2005,527.2584
TGO,2006,522.4256
TGO,2007,478.6337
TGO,2008,446
TGO,2009,470.2934
TGO,2010,494.7943
TGO,2011,471.2486
TGO,2012,510.5563
TGO,2013,493.8996
TGO,2014,493.7573
TGO,2015,591.2117
TGO,2016,592.6056
TGO,2017,580.6567
TGO,2018,555.4465
TGO,2019,585.911
TGO,2020,575.586
TGO,2021,554.530675033104
THA,2000,40.1118
THA,2001,44.4319
THA,2002,42.9601
THA,2003,41.4846
THA,2004,40.2224
THA,2005,40.2201
THA,2006,37.882
THA,2007,34.5182
THA,2008,33.3133
THA,2009,34.2858
THA,2010,31.6857
THA,2011,30.4917
THA,2012,31.0831
THA,2013,30.726
THA,2014,32.4798
THA,2015,34.2477
THA,2016,35.2964
THA,2017,33.9398
THA,2018,32.3102
THA,2019,31.0476
THA,2020,31.2937
THA,2021,31.9770934417717
TJK,2000,2.0763
TJK,2001,2.3722
TJK,2002,2.7641
TJK,2003,3.0614
TJK,2004,2.9705
TJK,2005,3.1166
TJK,2006,3.2984
TJK,2007,3.4425
TJK,2008,3.4307
TJK,2009,4.1427
TJK,2010,4.379
TJK,2011,4.6102
TJK,2012,4.7377
TJK,2013,4.7642
TJK,2014,4.9376
TJK,2015,6.1631
TJK,2016,7.8357
TJK,2017,8.5497
TJK,2018,9.1512
TJK,2019,9.5304
TJK,2020,10.3219
TJK,2021,11.30885
TKL,2000,
TKL,2001,
TKL,2002,
TKL,2003,
TKL,2004,
TKL,2005,
TKL,2006,
TKL,2007,
TKL,2008,
TKL,2009,
TKL,2010,
TKL,2011,
TKL,2012,
TKL,2013,
TKL,2014,
TKL,2015,
TKL,2016,
TKL,2017,
TKL,2018,
TKL,2019,
TKL,2020,
TKL,2021,
TKM,2000,1.7981
TKM,2001,2.04
TKM,2002,2.0278
TKM,2003,1.9876
TKM,2004,2.159
TKM,2005,2.204
TKM,2006,2.165
TKM,2007,2.132
TKM,2008,2.567
TKM,2009,2.85
TKM,2010,2.85
TKM,2011,2.85
TKM,2012,2.85
TKM,2013,2.85
TKM,2014,2.85
TKM,2015,3.5
TKM,2016,3.5
TKM,2017,3.5
TKM,2018,3.5
TKM,2019,3.5
TKM,2020,3.5
TKM,2021,
TLS,2000,1
TLS,2001,1
TLS,2002,1
TLS,2003,1
TLS,2004,1
TLS,2005,1
TLS,2006,1
TLS,2007,1
TLS,2008,1
TLS,2009,1
TLS,2010,1
TLS,2011,1
TLS,2012,1
TLS,2013,1
TLS,2014,1
TLS,2015,1
TLS,2016,1
TLS,2017,1
TLS,2018,1
TLS,2019,1
TLS,2020,1
TLS,2021,1
TON,2000,1.6391
TON,2001,1.9572
TON,2002,2.1798
TON,2003,2.1955
TON,2004,2.0457
TON,2005,1.9383
TON,2006,2.0089
TON,2007,2.0027
TON,2008,1.9008
TON,2009,2.0857
TON,2010,1.9289
TON,2011,1.8321
TON,2012,1.6949
TON,2013,1.7338
TON,2014,1.8123
TON,2015,1.9431
TON,2016,2.2176
TON,2017,2.2105
TON,2018,2.1938
TON,2019,2.2719
TON,2020,2.3101
TON,2021,2.26310728305551
TTO,2000,6.2998
TTO,2001,6.2332
TTO,2002,6.2487
TTO,2003,6.2951
TTO,2004,6.299
TTO,2005,6.2996
TTO,2006,6.3122
TTO,2007,6.3282
TTO,2008,6.2891
TTO,2009,6.3259
TTO,2010,6.3755
TTO,2011,6.4093
TTO,2012,6.4296
TTO,2013,6.4426
TTO,2014,6.4091
TTO,2015,6.3774
TTO,2016,6.669
TTO,2017,6.7795
TTO,2018,6.7708
TTO,2019,6.7543
TTO,2020,6.7511
TTO,2021,6.75853004916294
TUN,2000,1.3707
TUN,2001,1.4387
TUN,2002,1.4217
TUN,2003,1.2885
TUN,2004,1.2455
TUN,2005,1.2974
TUN,2006,1.331
TUN,2007,1.2814
TUN,2008,1.2321
TUN,2009,1.3503
TUN,2010,1.4314
TUN,2011,1.4078
TUN,2012,1.5619
TUN,2013,1.6247
TUN,2014,1.6977
TUN,2015,1.9616
TUN,2016,2.148
TUN,2017,2.4194
TUN,2018,2.6469
TUN,2019,2.9344
TUN,2020,2.8124
TUN,2021,2.79446666666667
TUR,2000,0.625219
TUR,2001,1.225588
TUR,2002,1.507226
TUR,2003,1.500885
TUR,2004,1.425537
TUR,2005,1.343583
TUR,2006,1.428453
TUR,2007,1.302931
TUR,2008,1.301522
TUR,2009,1.54996
TUR,2010,1.502849
TUR,2011,1.674955
TUR,2012,1.796001
TUR,2013,1.903768
TUR,2014,2.188542
TUR,2015,2.720009
TUR,2016,3.020135
TUR,2017,3.648133
TUR,2018,4.82837
TUR,2019,5.673819
TUR,2020,7.008605
TUR,2021,
TUV,2000,1.7248
TUV,2001,1.9334
TUV,2002,1.8406
TUV,2003,1.5419
TUV,2004,1.3598
TUV,2005,1.3095
TUV,2006,1.328
TUV,2007,1.1951
TUV,2008,1.1922
TUV,2009,1.2822
TUV,2010,1.0902
TUV,2011,0.9695
TUV,2012,0.9658
TUV,2013,1.0358
TUV,2014,1.1094
TUV,2015,1.3311
TUV,2016,1.3452
TUV,2017,1.3048
TUV,2018,1.3384
TUV,2019,1.4385
TUV,2020,1.4531
TUV,2021,
TWN,2000,31.23425
TWN,2001,33.8130833333333
TWN,2002,34.5789166666667
TWN,2003,34.41925
TWN,2004,33.4259166666667
TWN,2005,32.1785
TWN,2006,32.5335
TWN,2007,32.8426666666667
TWN,2008,31.5341666666667
TWN,2009,33.0565
TWN,2010,31.6474166666667
TWN,2011,29.4689166666667
TWN,2012,29.6155833333333
TWN,2013,29.7708333333333
TWN,2014,30.37025
TWN,2015,31.9075833333333
TWN,2016,32.3253333333333
TWN,2017,30.4424166666667
TWN,2018,30.1626666666667
TWN,2019,30.927
TWN,2020,29.58325
TWN,2021,28.0235
TZA,2000,800.4085
TZA,2001,876.4117
TZA,2002,966.5828
TZA,2003,1038.419
TZA,2004,1089.3348
TZA,2005,1128.9342
TZA,2006,1251.9
TZA,2007,1245.0355
TZA,2008,1197.182
TZA,2009,1320.3303
TZA,2010,1395.6249
TZA,2011,1557.4334
TZA,2012,1571.698
TZA,2013,1597.5558
TZA,2014,1653.232
TZA,2015,1991.391
TZA,2016,2177.086
TZA,2017,2228.8576
TZA,2018,2263.7806
TZA,2019,2288.2067
TZA,2020,2294.1462
TZA,2021,
UGA,2000,1512.0207
UGA,2001,1762.9242
UGA,2002,1754.561
UGA,2003,1883.4138
UGA,2004,1934.9142
UGA,2005,1737.2271
UGA,2006,1825.0198
UGA,2007,1779.9999
UGA,2008,1696.4516
UGA,2009,1929.9406
UGA,2010,2028.8811
UGA,2011,2323.4867
UGA,2012,2557.1451
UGA,2013,2591.1158
UGA,2014,2538.0295
UGA,2015,2827.7268
UGA,2016,3442.9724
UGA,2017,3529.6763
UGA,2018,3659.1455
UGA,2019,3736.3038
UGA,2020,3715.0978
UGA,2021,3587.05170733908
UKR,2000,5.4402
UKR,2001,5.3721
UKR,2002,5.3266
UKR,2003,5.3327
UKR,2004,5.319
UKR,2005,5.1247
UKR,2006,5.05
UKR,2007,5.05
UKR,2008,5.2672
UKR,2009,7.7912
UKR,2010,7.9356
UKR,2011,7.9676
UKR,2012,7.991
UKR,2013,7.993
UKR,2014,11.8867
UKR,2015,21.8447
UKR,2016,25.5513
UKR,2017,26.5966
UKR,2018,27.2005
UKR,2019,25.8456
UKR,2020,26.9575
UKR,2021,27.2861893833333
URY,2000,12.0996
URY,2001,13.3191
URY,2002,21.257
URY,2003,28.2087
URY,2004,28.7038
URY,2005,24.4786
URY,2006,24.0734
URY,2007,23.471
URY,2008,20.9493
URY,2009,22.568
URY,2010,20.0593
URY,2011,19.3142
URY,2012,20.3106
URY,2013,20.4816
URY,2014,23.246
URY,2015,27.3274
URY,2016,30.1626
URY,2017,28.6764
URY,2018,30.7253
URY,2019,35.2554
URY,2020,42.0133
URY,2021,43.554575
USA,2000,1
USA,2001,1
USA,2002,1
USA,2003,1
USA,2004,1
USA,2005,1
USA,2006,1
USA,2007,1
USA,2008,1
USA,2009,1
USA,2010,1
USA,2011,1
USA,2012,1
USA,2013,1
USA,2014,1
USA,2015,1
USA,2016,1
USA,2017,1
USA,2018,1
USA,2019,1
USA,2020,1
USA,2021,1
UZB,2000,236.59
UZB,2001,431.99
UZB,2002,769.03
UZB,2003,971.34
UZB,2004,1019.2
UZB,2005,1112.94
UZB,2006,1218.92
UZB,2007,1263.48
UZB,2008,1318.8
UZB,2009,1465.62
UZB,2010,1586.1659
UZB,2011,1715.4279
UZB,2012,1889.74
UZB,2013,2094.9885
UZB,2014,2310.9482
UZB,2015,2567.9872
UZB,2016,2965.2535
UZB,2017,5113.8789
UZB,2018,8069.6062
UZB,2019,8836.7875
UZB,2020,10054.2613
UZB,2021,10609.464390809
VAT,2000,
VAT,2001,
VAT,2002,
VAT,2003,
VAT,2004,
VAT,2005,
VAT,2006,
VAT,2007,
VAT,2008,
VAT,2009,
VAT,2010,
VAT,2011,
VAT,2012,
VAT,2013,
VAT,2014,
VAT,2015,
VAT,2016,
VAT,2017,
VAT,2018,
VAT,2019,
VAT,2020,
VAT,2021,
VCT,2000,2.7
VCT,2001,2.7
VCT,2002,2.7
VCT,2003,2.7
VCT,2004,2.7
VCT,2005,2.7
VCT,2006,2.7
VCT,2007,2.7
VCT,2008,2.7
VCT,2009,2.7
VCT,2010,2.7
VCT,2011,2.7
VCT,2012,2.7
VCT,2013,2.7
VCT,2014,2.7
VCT,2015,2.7
VCT,2016,2.7
VCT,2017,2.7
VCT,2018,2.7
VCT,2019,2.7
VCT,2020,2.7
VCT,2021,2.7
VEN,2000,0.68
VEN,2001,0.7237
VEN,2002,1.1609
VEN,2003,1.6052
VEN,2004,1.8913
VEN,2005,2.0898
VEN,2006,2.147
VEN,2007,2.147
VEN,2008,2.1446
VEN,2009,2.1446
VEN,2010,2.5861
VEN,2011,4.2893
VEN,2012,4.2893
VEN,2013,6.0534
VEN,2014,6.2842
VEN,2015,6.2842
VEN,2016,9.25734444444167
VEN,2017,9.975
VEN,2018,
VEN,2019,
VEN,2020,
VEN,2021,
VGB,2000,
VGB,2001,
VGB,2002,
VGB,2003,
VGB,2004,
VGB,2005,
VGB,2006,
VGB,2007,
VGB,2008,
VGB,2009,
VGB,2010,
VGB,2011,
VGB,2012,
VGB,2013,
VGB,2014,
VGB,2015,
VGB,2016,
VGB,2017,
VGB,2018,
VGB,2019,
VGB,2020,
VGB,2021,
VIR,2000,
VIR,2001,
VIR,2002,1
VIR,2003,1
VIR,2004,1
VIR,2005,1
VIR,2006,1
VIR,2007,1
VIR,2008,1
VIR,2009,1
VIR,2010,1
VIR,2011,1
VIR,2012,1
VIR,2013,1
VIR,2014,1
VIR,2015,1
VIR,2016,1
VIR,2017,1
VIR,2018,1
VIR,2019,1
VIR,2020,
VIR,2021,
VNM,2000,14167.7998
VNM,2001,14725.1667
VNM,2002,15279.5
VNM,2003,15509.5833
VNM,2004,15746
VNM,2005,15858.9167
VNM,2006,15994.25
VNM,2007,16105.125
VNM,2008,16302.25
VNM,2009,17065.0833
VNM,2010,18612.9167
VNM,2011,20509.75
VNM,2012,20828
VNM,2013,20933.4167
VNM,2014,21148
VNM,2015,21697.5675
VNM,2016,21935.0008
VNM,2017,22370.0867
VNM,2018,22602.05
VNM,2019,23050.2417
VNM,2020,23208.3683
VNM,2021,23159.7825925926
VUT,2000,137.6433
VUT,2001,145.3125
VUT,2002,139.1983
VUT,2003,122.1892
VUT,2004,111.79
VUT,2005,109.2458
VUT,2006,110.6408
VUT,2007,102.4375
VUT,2008,101.3342
VUT,2009,106.7408
VUT,2010,96.9058
VUT,2011,89.4692
VUT,2012,92.6375
VUT,2013,94.5425
VUT,2014,97.0717
VUT,2015,108.9892
VUT,2016,108.475
VUT,2017,107.8208
VUT,2018,110.165
VUT,2019,114.7325
VUT,2020,115.38
VUT,2021,
WLF,2000,
WLF,2001,
WLF,2002,
WLF,2003,
WLF,2004,
WLF,2005,
WLF,2006,
WLF,2007,
WLF,2008,
WLF,2009,
WLF,2010,
WLF,2011,
WLF,2012,
WLF,2013,
WLF,2014,
WLF,2015,
WLF,2016,
WLF,2017,
WLF,2018,
WLF,2019,
WLF,2020,
WLF,2021,
WSM,2000,3.176
WSM,2001,3.427
WSM,2002,3.4723
WSM,2003,3.1662
WSM,2004,2.8578
WSM,2005,2.7103
WSM,2006,2.7793
WSM,2007,2.6166
WSM,2008,2.6442
WSM,2009,2.7308
WSM,2010,2.5378
WSM,2011,2.3874
WSM,2012,2.301
WSM,2013,2.2849
WSM,2014,2.3226
WSM,2015,2.4241
WSM,2016,2.6137
WSM,2017,2.5356
WSM,2018,2.5664
WSM,2019,2.618
WSM,2020,2.6978
WSM,2021,2.55609234207844
XCP,2000,
XCP,2001,
XCP,2002,
XCP,2003,
XCP,2004,
XCP,2005,
XCP,2006,
XCP,2007,
XCP,2008,
XCP,2009,
XCP,2010,
XCP,2011,
XCP,2012,
XCP,2013,
XCP,2014,
XCP,2015,
XCP,2016,
XCP,2017,
XCP,2018,
XCP,2019,
XCP,2020,
XCP,2021,
XKX,2000,
XKX,2001,
XKX,2002,
XKX,2003,
XKX,2004,
XKX,2005,
XKX,2006,
XKX,2007,
XKX,2008,0.6827
XKX,2009,0.7198
XKX,2010,0.7543
XKX,2011,0.7184
XKX,2012,0.7783
XKX,2013,0.7529
XKX,2014,0.7527
XKX,2015,0.9013
XKX,2016,0.9034
XKX,2017,0.8852
XKX,2018,0.8468
XKX,2019,0.8932
XKX,2020,0.8775
XKX,2021,
YEM,2000,161.718
YEM,2001,168.672
YEM,2002,175.625
YEM,2003,183.448
YEM,2004,184.776
YEM,2005,191.5092
YEM,2006,197.2413
YEM,2007,199.0083
YEM,2008,199.7642
YEM,2009,202.8467
YEM,2010,219.59
YEM,2011,213.8
YEM,2012,214.3012
YEM,2013,214.89
YEM,2014,214.89
YEM,2015,230.83
YEM,2016,283.9
YEM,2017,372.8
YEM,2018,535.9
YEM,2019,576
YEM,2020,743
YEM,2021,1035.46718555887
YMD,2000,
YMD,2001,
YMD,2002,
YMD,2003,
YMD,2004,
YMD,2005,
YMD,2006,
YMD,2007,
YMD,2008,
YMD,2009,
YMD,2010,
YMD,2011,
YMD,2012,
YMD,2013,
YMD,2014,
YMD,2015,
YMD,2016,
YMD,2017,
YMD,2018,
YMD,2019,
YMD,2020,
YMD,2021,
YMN,2000,
YMN,2001,
YMN,2002,
YMN,2003,
YMN,2004,
YMN,2005,
YMN,2006,
YMN,2007,
YMN,2008,
YMN,2009,
YMN,2010,
YMN,2011,
YMN,2012,
YMN,2013,
YMN,2014,
YMN,2015,
YMN,2016,
YMN,2017,
YMN,2018,
YMN,2019,
YMN,2020,
YMN,2021,
YUG,2000,
YUG,2001,
YUG,2002,
YUG,2003,
YUG,2004,
YUG,2005,
YUG,2006,
YUG,2007,
YUG,2008,
YUG,2009,
YUG,2010,
YUG,2011,
YUG,2012,
YUG,2013,
YUG,2014,
YUG,2015,
YUG,2016,
YUG,2017,
YUG,2018,
YUG,2019,
YUG,2020,
YUG,2021,
ZAF,2000,6.939828
ZAF,2001,8.609181
ZAF,2002,10.540747
ZAF,2003,7.564749
ZAF,2004,6.459693
ZAF,2005,6.359328
ZAF,2006,6.771549
ZAF,2007,7.045365
ZAF,2008,8.261223
ZAF,2009,8.473674
ZAF,2010,7.321222
ZAF,2011,7.261132
ZAF,2012,8.209969
ZAF,2013,9.655056
ZAF,2014,10.852656
ZAF,2015,12.758931
ZAF,2016,14.709611
ZAF,2017,13.323801
ZAF,2018,13.233926
ZAF,2019,14.448427
ZAF,2020,16.459105
ZAF,2021,14.778678
ZMB,2000,3.110844
ZMB,2001,3.610935
ZMB,2002,4.398595
ZMB,2003,4.733271
ZMB,2004,4.778875
ZMB,2005,4.465
ZMB,2006,3.601667
ZMB,2007,4.001667
ZMB,2008,3.745
ZMB,2009,5.045
ZMB,2010,4.7975
ZMB,2011,4.861667
ZMB,2012,5.1475
ZMB,2013,5.396483
ZMB,2014,6.154167
ZMB,2015,8.631667
ZMB,2016,10.3075
ZMB,2017,9.5175
ZMB,2018,10.458333
ZMB,2019,12.89
ZMB,2020,18.344093
ZMB,2021,20.018487
ZWE,2000,1
ZWE,2001,1
ZWE,2002,1
ZWE,2003,1
ZWE,2004,1
ZWE,2005,1
ZWE,2006,1
ZWE,2007,1
ZWE,2008,1
ZWE,2009,1
ZWE,2010,1
ZWE,2011,1
ZWE,2012,1
ZWE,2013,1
ZWE,2014,1
ZWE,2015,1
ZWE,2016,1
ZWE,2017,1.2534
ZWE,2018,2.0381
ZWE,2019,9.7184
ZWE,2020,64.1011
ZWE,2021,88.5524472597436
